To honour the JVM settings for this build a single-use Daemon process will be forked. For more on this, please refer to https://docs.gradle.org/8.10/userguide/gradle_daemon.html#sec:disabling_the_daemon in the Gradle documentation.
Daemon will be stopped at the end of the build 
> Task :createMinecraftArtifacts UP-TO-DATE

> Task :compileJava
WARNING: A restricted method in java.lang.System has been called
WARNING: java.lang.System::load has been called by net.rubygrapefruit.platform.internal.NativeLibraryLoader in an unnamed module (file:/C:/Users/justi/.gradle/wrapper/dists/gradle-8.10-bin/deqhafrv1ntovfmgh0nh3npr9/gradle-8.10/lib/native-platform-0.22-milestone-26.jar)
WARNING: Use --enable-native-access=ALL-UNNAMED to avoid a warning for callers in this module
WARNING: Restricted methods will be blocked in a future release unless native access is enabled

C:\Users\justi\Documents\GitHub\AlexsMobs-26.2\src\main\java\com\github\alexthe666\alexsmobs\entity\EntityBunfungus.java:306: error: cannot find symbol
            if (this.level() instanceof ServerLevel serverLevel && (serverLevel.getDayTime() % 24000L < 13000L) && this.getTarget() == null && !this.isBegging() && !this.isInWater()) {
                                                                               ^
  symbol:   method getDayTime()
  location: variable serverLevel of type ServerLevel
C:\Users\justi\Documents\GitHub\AlexsMobs-26.2\src\main\java\com\github\alexthe666\alexsmobs\entity\EntityCachalotWhale.java:247: error: cannot find symbol
        this.goalSelector.addGoal(7, new FollowBoatGoal(this));
                                         ^
  symbol:   class FollowBoatGoal
  location: class EntityCachalotWhale
C:\Users\justi\Documents\GitHub\AlexsMobs-26.2\src\main\java\com\github\alexthe666\alexsmobs\entity\EntityCachalotWhale.java:438: error: no suitable method found for getNearestPlayer(TargetingConditions,EntityCachalotWhale,double,double,double)
                Player entity = this.level().getNearestPlayer(REWARD_PLAYER_PREDICATE, this, this.getX(), this.getY(), this.getZ());
                                            ^
    method EntityGetter.getNearestPlayer(double,double,double,double,@org.jspecify.annotations.Nullable Predicate<Entity>) is not applicable
      (argument mismatch; TargetingConditions cannot be converted to double)
    method EntityGetter.getNearestPlayer(double,double,double,double,boolean) is not applicable
      (argument mismatch; TargetingConditions cannot be converted to double)
C:\Users\justi\Documents\GitHub\AlexsMobs-26.2\src\main\java\com\github\alexthe666\alexsmobs\entity\EntityCachalotWhale.java:758: error: cannot find symbol
        final long time = level().getDayTime();
                                 ^
  symbol:   method getDayTime()
  location: class Level
C:\Users\justi\Documents\GitHub\AlexsMobs-26.2\src\main\java\com\github\alexthe666\alexsmobs\entity\EntityCachalotPart.java:61: error: method does not override or implement a method from a supertype
    @Override
    ^
C:\Users\justi\Documents\GitHub\AlexsMobs-26.2\src\main\java\com\github\alexthe666\alexsmobs\entity\EntityCachalotPart.java:85: error: isInvulnerableToBase(DamageSource) has protected access in Entity
        if(this.level().isClientSide() && this.getParent() != null && !this.getParent().isInvulnerableToBase(source)){
                                                                                       ^
C:\Users\justi\Documents\GitHub\AlexsMobs-26.2\src\main\java\com\github\alexthe666\alexsmobs\entity\EntityCachalotPart.java:86: error: cannot find symbol
            Identifier key = source.typeHolder().unwrapKey().map(k -> k.location()).orElse(null);
                                                                       ^
  symbol:   method location()
  location: variable k of type ResourceKey<DamageType>
C:\Users\justi\Documents\GitHub\AlexsMobs-26.2\src\main\java\com\github\alexthe666\alexsmobs\entity\EntityCachalotPart.java:86: error: incompatible types: Object cannot be converted to Identifier
            Identifier key = source.typeHolder().unwrapKey().map(k -> k.location()).orElse(null);
                                                                                          ^
C:\Users\justi\Documents\GitHub\AlexsMobs-26.2\src\main\java\com\github\alexthe666\alexsmobs\entity\EntityCaiman.java:239: error: cannot find symbol
                fish.skipDropExperienceAndLoot();
                    ^
  symbol:   method skipDropExperienceAndLoot()
  location: variable fish of type WaterAnimal
C:\Users\justi\Documents\GitHub\AlexsMobs-26.2\src\main\java\com\github\alexthe666\alexsmobs\entity\EntityCaiman.java:246: error: cannot find symbol
                    double particleY = this.getBoundingBox().minY + getFluidTypeHeight(NeoForgeMod.WATER_TYPE.value());
                                                                    ^
  symbol:   method getFluidTypeHeight(FluidType)
  location: class EntityCaiman
C:\Users\justi\Documents\GitHub\AlexsMobs-26.2\src\main\java\com\github\alexthe666\alexsmobs\entity\EntityCaiman.java:262: error: cannot find symbol
            this.playSound(SoundEvents.CAT_EAT.value(), this.getSoundVolume(), this.getVoicePitch());
                                      ^
  symbol:   variable CAT_EAT
  location: class SoundEvents
C:\Users\justi\Documents\GitHub\AlexsMobs-26.2\src\main\java\com\github\alexthe666\alexsmobs\entity\EntityCaiman.java:272: error: method sendSystemMessage in class Player cannot be applied to given types;
            player.sendSystemMessage(Component.translatable("entity.alexsmobs.all.command_" + this.getCommand(), this.getName()), true);
                  ^
  required: Component
  found:    MutableComponent,boolean
  reason: actual and formal argument lists differ in length
C:\Users\justi\Documents\GitHub\AlexsMobs-26.2\src\main\java\com\github\alexthe666\alexsmobs\entity\EntityCapuchinMonkey.java:112: error: method of in class Ingredient cannot be applied to given types;
            temptItems = Ingredient.of(AMTagRegistry.CAPUCHIN_MONKEY_BREEDABLES, AMTagRegistry.CAPUCHIN_MONKEY_FOODSTUFFS);
                                   ^
  required: ItemLike[]
  found:    TagKey<Item>,TagKey<Item>
  reason: varargs mismatch; TagKey<Item> cannot be converted to ItemLike
C:\Users\justi\Documents\GitHub\AlexsMobs-26.2\src\main\java\com\github\alexthe666\alexsmobs\entity\EntityCapuchinMonkey.java:166: error: isAlliedTo(Entity) in EntityCapuchinMonkey cannot override isAlliedTo(@org.jspecify.annotations.Nullable Entity) in Entity
    public boolean isAlliedTo(Entity entityIn) {
                   ^
  overridden method is final
C:\Users\justi\Documents\GitHub\AlexsMobs-26.2\src\main\java\com\github\alexthe666\alexsmobs\entity\EntityCapuchinMonkey.java:453: error: cannot find symbol
                this.playSound(SoundEvents.CAT_EAT.value(), this.getSoundVolume(), this.getVoicePitch());
                                          ^
  symbol:   variable CAT_EAT
  location: class SoundEvents
C:\Users\justi\Documents\GitHub\AlexsMobs-26.2\src\main\java\com\github\alexthe666\alexsmobs\entity\EntityCapuchinMonkey.java:467: error: cannot find symbol
            if (this.hasDart() && itemstack.is(Tags.Items.SHEARS)) {
                                                         ^
  symbol:   variable SHEARS
  location: class Items
C:\Users\justi\Documents\GitHub\AlexsMobs-26.2\src\main\java\com\github\alexthe666\alexsmobs\entity\EntityCapuchinMonkey.java:469: error: no suitable method found for hurtAndBreak(int,EntityCapuchinMonkey,(p_233654_0_)->{ })
                itemstack.hurtAndBreak(1, this, (p_233654_0_) -> {
                         ^
    method ItemStack.hurtAndBreak(int,LivingEntity,InteractionHand) is not applicable
      (argument mismatch; InteractionHand is not a functional interface)
    method ItemStack.hurtAndBreak(int,LivingEntity,EquipmentSlot) is not applicable
      (argument mismatch; EquipmentSlot is not a functional interface)
C:\Users\justi\Documents\GitHub\AlexsMobs-26.2\src\main\java\com\github\alexthe666\alexsmobs\entity\EntityCapuchinMonkey.java:482: error: cannot find symbol
                player.displayClientMessage(Component.translatable("entity.alexsmobs.all.command_" + this.getCommand(), this.getName()), true);
                      ^
  symbol:   method displayClientMessage(MutableComponent,boolean)
  location: variable player of type Player
C:\Users\justi\Documents\GitHub\AlexsMobs-26.2\src\main\java\com\github\alexthe666\alexsmobs\entity\EntityCapuchinMonkey.java:521: error: cannot find symbol
        this.playSound(SoundEvents.CAT_EAT.value(), this.getSoundVolume(), this.getVoicePitch());
                                  ^
  symbol:   variable CAT_EAT
  location: class SoundEvents
C:\Users\justi\Documents\GitHub\AlexsMobs-26.2\src\main\java\com\github\alexthe666\alexsmobs\entity\EntityCapuchinMonkey.java:531: error: method setTame in class TamableAnimal cannot be applied to given types;
                this.setTame(true);
                    ^
  required: boolean,boolean
  found:    boolean
  reason: actual and formal argument lists differ in length
C:\Users\justi\Documents\GitHub\AlexsMobs-26.2\src\main\java\com\github\alexthe666\alexsmobs\entity\EntityCapuchinMonkey.java:532: error: cannot find symbol
                this.setOwnerUUID(itemThrower.getUUID());
                    ^
  symbol: method setOwnerUUID(UUID)
C:\Users\justi\Documents\GitHub\AlexsMobs-26.2\src\main\java\com\github\alexthe666\alexsmobs\entity\EntityCatfish.java:107: error: EntityCatfish is not abstract and does not override abstract method dataChanged(AbstractContainerMenu,int,int) in ContainerListener
public class EntityCatfish extends WaterAnimal implements Bucketable, ContainerListener {
       ^
C:\Users\justi\Documents\GitHub\AlexsMobs-26.2\src\main\java\com\github\alexthe666\alexsmobs\entity\EntityCatfish.java:114: error: cannot find symbol
    private static final EntityDataAccessor<CompoundTag> SWALLOWED_ENTITY_DATA = SynchedEntityData.defineId(EntityCatfish.class, EntityDataSerializers.COMPOUND_TAG);
                                                                                                                                                      ^
  symbol:   variable COMPOUND_TAG
  location: class EntityDataSerializers
C:\Users\justi\Documents\GitHub\AlexsMobs-26.2\src\main\java\com\github\alexthe666\alexsmobs\entity\EntityCatfish.java:161: error: cannot find symbol
                return EntityCatfish.this.isAlive() && !EntityCatfish.this.isInsidePortal;
                                                                          ^
  symbol: variable isInsidePortal
C:\Users\justi\Documents\GitHub\AlexsMobs-26.2\src\main\java\com\github\alexthe666\alexsmobs\entity\EntityCatfish.java:164: error: cannot find symbol
        catfishInventory.addListener(this);
                        ^
  symbol:   method addListener(EntityCatfish)
  location: variable catfishInventory of type SimpleContainer
C:\Users\justi\Documents\GitHub\AlexsMobs-26.2\src\main\java\com\github\alexthe666\alexsmobs\entity\EntityCatfish.java:249: error: cannot find symbol
                this.playSound(SoundEvents.PLAYER_BURP.value(), this.getSoundVolume(), this.getVoicePitch());
                                                      ^
  symbol:   method value()
  location: variable PLAYER_BURP of type SoundEvent
C:\Users\justi\Documents\GitHub\AlexsMobs-26.2\src\main\java\com\github\alexthe666\alexsmobs\entity\EntityCatfish.java:268: error: cannot find symbol
        return this.getCatfishSize() == 1 ? MEDIUM_LOOT : super.getDefaultLootTable();
                                                               ^
  symbol: method getDefaultLootTable()
C:\Users\justi\Documents\GitHub\AlexsMobs-26.2\src\main\java\com\github\alexthe666\alexsmobs\entity\EntityCatfish.java:291: error: cannot find symbol
            bucket.setCustomName(this.getCustomName());
                  ^
  symbol:   method setCustomName(Component)
  location: variable bucket of type ItemStack
C:\Users\justi\Documents\GitHub\AlexsMobs-26.2\src\main\java\com\github\alexthe666\alexsmobs\entity\EntityCatfish.java:294: error: cannot find symbol
        CompoundTag compound = bucket.getOrCreateTag();
                                     ^
  symbol:   method getOrCreateTag()
  location: variable bucket of type ItemStack
C:\Users\justi\Documents\GitHub\AlexsMobs-26.2\src\main\java\com\github\alexthe666\alexsmobs\entity\EntityCatfish.java:295: error: incompatible types: CompoundTag cannot be converted to ValueOutput
        addAdditionalSaveData(compound);
                              ^
C:\Users\justi\Documents\GitHub\AlexsMobs-26.2\src\main\java\com\github\alexthe666\alexsmobs\entity\EntityCatfish.java:301: error: incompatible types: CompoundTag cannot be converted to ValueInput
        readAdditionalSaveData(compound);
                               ^
C:\Users\justi\Documents\GitHub\AlexsMobs-26.2\src\main\java\com\github\alexthe666\alexsmobs\entity\EntityCatfish.java:317: error: cannot find symbol
        return SoundEvents.BUCKET_FILL_FISH.value();
                                           ^
  symbol:   method value()
  location: variable BUCKET_FILL_FISH of type SoundEvent
C:\Users\justi\Documents\GitHub\AlexsMobs-26.2\src\main\java\com\github\alexthe666\alexsmobs\entity\EntityCatfish.java:365: error: getDimensions(Pose) in EntityCatfish cannot override getDimensions(Pose) in LivingEntity
    public EntityDimensions getDimensions(Pose poseIn) {
                            ^
  overridden method is final
C:\Users\justi\Documents\GitHub\AlexsMobs-26.2\src\main\java\com\github\alexthe666\alexsmobs\entity\EntityCatfish.java:369: error: hurt(DamageSource,float) in EntityCatfish cannot override hurt(DamageSource,float) in Entity
    public boolean hurt(DamageSource source, float f) {
                   ^
  overridden method is final
C:\Users\justi\Documents\GitHub\AlexsMobs-26.2\src\main\java\com\github\alexthe666\alexsmobs\entity\EntityCatfish.java:370: error: incompatible types: void cannot be converted to boolean
        if(super.hurt(source, f)){
                     ^
C:\Users\justi\Documents\GitHub\AlexsMobs-26.2\src\main\java\com\github\alexthe666\alexsmobs\entity\EntityCatfish.java:384: error: cannot find symbol
            return InteractionResult.sidedSuccess(this.level().isClientSide());
                                    ^
  symbol:   method sidedSuccess(boolean)
  location: interface InteractionResult
C:\Users\justi\Documents\GitHub\AlexsMobs-26.2\src\main\java\com\github\alexthe666\alexsmobs\entity\EntityCatfish.java:400: error: cannot find symbol
                    itemstack.save(CompoundNBT);
                             ^
  symbol:   method save(CompoundTag)
  location: variable itemstack of type ItemStack
C:\Users\justi\Documents\GitHub\AlexsMobs-26.2\src\main\java\com\github\alexthe666\alexsmobs\entity\EntityCatfish.java:404: error: cannot find symbol
            compound.put("Items", nbttaglist);
                    ^
  symbol:   method put(String,ListTag)
  location: variable compound of type ValueOutput
C:\Users\justi\Documents\GitHub\AlexsMobs-26.2\src\main\java\com\github\alexthe666\alexsmobs\entity\EntityCatfish.java:407: error: cannot find symbol
        compound.put("ContainedData", this.getSwallowedData());
                ^
  symbol:   method put(String,CompoundTag)
  location: variable compound of type ValueOutput
C:\Users\justi\Documents\GitHub\AlexsMobs-26.2\src\main\java\com\github\alexthe666\alexsmobs\entity\EntityCatfish.java:416: error: cannot find symbol
            final ListTag nbttaglist = compound.getListOrEmpty("Items");
                                               ^
  symbol:   method getListOrEmpty(String)
  location: variable compound of type ValueInput
C:\Users\justi\Documents\GitHub\AlexsMobs-26.2\src\main\java\com\github\alexthe666\alexsmobs\entity\EntityCatfish.java:420: error: bad operand types for binary operator '&'
                final int j = CompoundNBT.getByte("Slot") & 255;
                                                          ^
  first type:  Optional<Byte>
  second type: int
C:\Users\justi\Documents\GitHub\AlexsMobs-26.2\src\main\java\com\github\alexthe666\alexsmobs\entity\EntityCatfish.java:421: error: cannot find symbol
                this.catfishInventory.setItem(j, ItemStack.of(CompoundNBT));
                                                          ^
  symbol:   method of(CompoundTag)
  location: class ItemStack
C:\Users\justi\Documents\GitHub\AlexsMobs-26.2\src\main\java\com\github\alexthe666\alexsmobs\entity\EntityCatfish.java:425: error: cannot find symbol
        if (!compound.getCompoundOrEmpty("ContainedData").isEmpty()) {
                     ^
  symbol:   method getCompoundOrEmpty(String)
  location: variable compound of type ValueInput
C:\Users\justi\Documents\GitHub\AlexsMobs-26.2\src\main\java\com\github\alexthe666\alexsmobs\entity\EntityCatfish.java:426: error: cannot find symbol
            this.setSwallowedData(compound.getCompoundOrEmpty("ContainedData"));
                                          ^
  symbol:   method getCompoundOrEmpty(String)
  location: variable compound of type ValueInput
C:\Users\justi\Documents\GitHub\AlexsMobs-26.2\src\main\java\com\github\alexthe666\alexsmobs\entity\EntityCatfish.java:444: error: cannot find symbol
            if (holder.is(AMTagRegistry.SPAWNS_HUGE_CATFISH) || reason == EntitySpawnReason.SPAWN_EGG) {
                                                                                           ^
  symbol:   variable SPAWN_EGG
  location: class EntitySpawnReason
C:\Users\justi\Documents\GitHub\AlexsMobs-26.2\src\main\java\com\github\alexthe666\alexsmobs\entity\EntityCatfish.java:453: error: method moveRelative in class Entity cannot be applied to given types;
            this.moveRelative(this.getSpeed());
                ^
  required: float,Vec3
  found:    float
  reason: actual and formal argument lists differ in length
C:\Users\justi\Documents\GitHub\AlexsMobs-26.2\src\main\java\com\github\alexthe666\alexsmobs\entity\EntityCatfish.java:467: error: method does not override or implement a method from a supertype
    @Override
    ^
C:\Users\justi\Documents\GitHub\AlexsMobs-26.2\src\main\java\com\github\alexthe666\alexsmobs\entity\EntityCatfish.java:472: error: method does not override or implement a method from a supertype
    @Override
    ^
C:\Users\justi\Documents\GitHub\AlexsMobs-26.2\src\main\java\com\github\alexthe666\alexsmobs\entity\EntityCatfish.java:510: error: incompatible types: CompoundTag cannot be converted to ValueOutput
            mob.addAdditionalSaveData(tag);
                                      ^
C:\Users\justi\Documents\GitHub\AlexsMobs-26.2\src\main\java\com\github\alexthe666\alexsmobs\entity\EntityCatfish.java:535: error: incompatible types: CompoundTag cannot be converted to ValueInput
                        alive.readAdditionalSaveData(this.getSwallowedData());
                                                                          ^
C:\Users\justi\Documents\GitHub\AlexsMobs-26.2\src\main\java\com\github\alexthe666\alexsmobs\entity\EntityCatfish.java:600: error: method does not override or implement a method from a supertype
    @Override
    ^
C:\Users\justi\Documents\GitHub\AlexsMobs-26.2\src\main\java\com\github\alexthe666\alexsmobs\client\model\ModelCockroach.java:193: error: cannot find symbol
        if (entity != null && entity.isBaby()) {
            ^
  symbol:   variable entity
  location: class ModelCockroach
C:\Users\justi\Documents\GitHub\AlexsMobs-26.2\src\main\java\com\github\alexthe666\alexsmobs\client\model\ModelCockroach.java:193: error: cannot find symbol
        if (entity != null && entity.isBaby()) {
                              ^
  symbol:   variable entity
  location: class ModelCockroach
C:\Users\justi\Documents\GitHub\AlexsMobs-26.2\src\main\java\com\github\alexthe666\alexsmobs\entity\EntityCockroach.java:58: error: EntityCockroach is not abstract and does not override abstract method shear(ServerLevel,SoundSource,ItemStack) in Shearable
public class EntityCockroach extends Animal implements Shearable, net.neoforged.neoforge.common.IShearable, ITargetsDroppedItems {
       ^
C:\Users\justi\Documents\GitHub\AlexsMobs-26.2\src\main\java\com\github\alexthe666\alexsmobs\entity\EntityCockroach.java:66: error: cannot find symbol
    private static final EntityDataAccessor<Optional<EntityReference<LivingEntity>>> NEAREST_MUSICIAN = SynchedEntityData.defineId(EntityCockroach.class, EntityDataSerializers.OPTIONAL_ENTITY_REFERENCE);
                                                                                                                                                                               ^
  symbol:   variable OPTIONAL_ENTITY_REFERENCE
  location: class EntityDataSerializers
C:\Users\justi\Documents\GitHub\AlexsMobs-26.2\src\main\java\com\github\alexthe666\alexsmobs\entity\EntityCockroach.java:178: error: cannot find symbol
        if (compound.contains("EggTime")) {
                    ^
  symbol:   method contains(String)
  location: variable compound of type ValueInput
C:\Users\justi\Documents\GitHub\AlexsMobs-26.2\src\main\java\com\github\alexthe666\alexsmobs\entity\EntityCockroach.java:185: error: cannot find symbol
        return this.hasMaracas() ? this.isHeadless() ? MARACA_HEADLESS_LOOT : MARACA_LOOT : super.getDefaultLootTable();
                                                                                                 ^
  symbol: method getDefaultLootTable()
C:\Users\justi\Documents\GitHub\AlexsMobs-26.2\src\main\java\com\github\alexthe666\alexsmobs\entity\EntityCockroach.java:192: error: getDimensions(Pose) in EntityCockroach cannot override getDimensions(Pose) in LivingEntity
    public EntityDimensions getDimensions(Pose poseIn) {
                            ^
  overridden method is final
C:\Users\justi\Documents\GitHub\AlexsMobs-26.2\src\main\java\com\github\alexthe666\alexsmobs\entity\EntityCockroach.java:206: error: cannot find symbol
            return InteractionResult.sidedSuccess(this.level().isClientSide());
                                    ^
  symbol:   method sidedSuccess(boolean)
  location: interface InteractionResult
C:\Users\justi\Documents\GitHub\AlexsMobs-26.2\src\main\java\com\github\alexthe666\alexsmobs\entity\EntityCockroach.java:261: error: incompatible types: EntityReference<LivingEntity> cannot be converted to UUID
        return this.entityData.get(NEAREST_MUSICIAN).orElse(null);
                                                           ^
C:\Users\justi\Documents\GitHub\AlexsMobs-26.2\src\main\java\com\github\alexthe666\alexsmobs\entity\EntityCockroach.java:361: error: no suitable method found for set(EntityDataAccessor<Optional<EntityReference<LivingEntity>>>,Optional<UUID>)
        this.entityData.set(NEAREST_MUSICIAN, Optional.ofNullable(uniqueId));
                       ^
    method SynchedEntityData.<T#1>set(EntityDataAccessor<T#1>,T#1) is not applicable
      (inference variable T#2 has incompatible bounds
        equality constraints: EntityReference<LivingEntity>
        lower bounds: UUID)
    method SynchedEntityData.<T#3>set(EntityDataAccessor<T#3>,T#3,boolean) is not applicable
      (cannot infer type-variable(s) T#3
        (actual and formal argument lists differ in length))
  where T#1,T#2,T#3 are type-variables:
    T#1 extends Object declared in method <T#1>set(EntityDataAccessor<T#1>,T#1)
    T#2 extends Object declared in method <T#2>ofNullable(T#2)
    T#3 extends Object declared in method <T#3>set(EntityDataAccessor<T#3>,T#3,boolean)
C:\Users\justi\Documents\GitHub\AlexsMobs-26.2\src\main\java\com\github\alexthe666\alexsmobs\entity\EntityCockroach.java:382: error: method does not override or implement a method from a supertype
    @Override
    ^
C:\Users\justi\Documents\GitHub\AlexsMobs-26.2\src\main\java\com\github\alexthe666\alexsmobs\entity\EntityCockroach.java:387: error: method does not override or implement a method from a supertype
    @Override
    ^
C:\Users\justi\Documents\GitHub\AlexsMobs-26.2\src\main\java\com\github\alexthe666\alexsmobs\entity\EntityCockroach.java:396: error: method does not override or implement a method from a supertype
    @Override
    ^
C:\Users\justi\Documents\GitHub\AlexsMobs-26.2\src\main\java\com\github\alexthe666\alexsmobs\entity\EntityCockroach.java:412: error: cannot find symbol
        return stack.getItem().isEdible() || stack.is(AMTagRegistry.COCKROACH_BREEDABLES);
                              ^
  symbol:   method isEdible()
  location: class Item
C:\Users\justi\Documents\GitHub\AlexsMobs-26.2\src\main\java\com\github\alexthe666\alexsmobs\entity\EntityCockroach.java:431: error: cannot find symbol
            if (e.getItem().hasCraftingRemainingItem()) {
                           ^
  symbol:   method hasCraftingRemainingItem()
  location: class ItemStack
C:\Users\justi\Documents\GitHub\AlexsMobs-26.2\src\main\java\com\github\alexthe666\alexsmobs\entity\EntityCockroach.java:432: error: cannot find symbol
                this.spawnAtLocation((ServerLevel) this.level(), e.getItem().getCraftingRemainingItem().copy());
                                                                            ^
  symbol:   method getCraftingRemainingItem()
  location: class ItemStack
C:\Users\justi\Documents\GitHub\AlexsMobs-26.2\src\main\java\com\github\alexthe666\alexsmobs\entity\EntityCombJelly.java:74: error: cannot find symbol
        float time = iServerWorld.getTimeOfDay(1.0F);
                                 ^
  symbol:   method getTimeOfDay(float)
  location: variable iServerWorld of type ServerLevelAccessor
C:\Users\justi\Documents\GitHub\AlexsMobs-26.2\src\main\java\com\github\alexthe666\alexsmobs\entity\EntityCombJelly.java:133: error: cannot find symbol
        return SoundEvents.BUCKET_FILL_FISH.value();
                                           ^
  symbol:   method value()
  location: variable BUCKET_FILL_FISH of type SoundEvent
C:\Users\justi\Documents\GitHub\AlexsMobs-26.2\src\main\java\com\github\alexthe666\alexsmobs\entity\EntityCombJelly.java:145: error: cannot find symbol
            stack.setCustomName(this.getCustomName());
                 ^
  symbol:   method setCustomName(Component)
  location: variable stack of type ItemStack
C:\Users\justi\Documents\GitHub\AlexsMobs-26.2\src\main\java\com\github\alexthe666\alexsmobs\entity\EntityCombJelly.java:249: error: cannot find symbol
            bucket.setCustomName(this.getCustomName());
                  ^
  symbol:   method setCustomName(Component)
  location: variable bucket of type ItemStack
C:\Users\justi\Documents\GitHub\AlexsMobs-26.2\src\main\java\com\github\alexthe666\alexsmobs\entity\EntityCombJelly.java:252: error: cannot find symbol
        CompoundTag compoundnbt = bucket.getOrCreateTag();
                                        ^
  symbol:   method getOrCreateTag()
  location: variable bucket of type ItemStack
C:\Users\justi\Documents\GitHub\AlexsMobs-26.2\src\main\java\com\github\alexthe666\alexsmobs\client\model\ModelCosmaw.java:215: error: method does not override or implement a method from a supertype
    @Override
    ^
C:\Users\justi\Documents\GitHub\AlexsMobs-26.2\src\main\java\com\github\alexthe666\alexsmobs\client\model\ModelCosmaw.java:217: error: cannot find symbol
        if (entity != null && entity.isBaby()) {
            ^
  symbol:   variable entity
  location: class ModelCosmaw
C:\Users\justi\Documents\GitHub\AlexsMobs-26.2\src\main\java\com\github\alexthe666\alexsmobs\client\model\ModelCosmaw.java:217: error: cannot find symbol
        if (entity != null && entity.isBaby()) {
                              ^
  symbol:   variable entity
  location: class ModelCosmaw
C:\Users\justi\Documents\GitHub\AlexsMobs-26.2\src\main\java\com\github\alexthe666\alexsmobs\entity\ai\AnimalAITemptDistance.java:33: error: incompatible types: invalid method reference
        this.targetingConditions = TargetingConditions.forNonCombat().range(distance).ignoreLineOfSight().copy().selector(this::shouldFollow);
                                                                                                                          ^
    method shouldFollow in class AnimalAITemptDistance cannot be applied to given types
      required: LivingEntity
      found:    LivingEntity,ServerLevel
      reason: actual and formal argument lists differ in length
C:\Users\justi\Documents\GitHub\AlexsMobs-26.2\src\main\java\com\github\alexthe666\alexsmobs\entity\ai\AnimalAITemptDistance.java:41: error: incompatible types: TargetingConditions cannot be converted to Entity
            this.player = this.mob.level().getNearestPlayer(this.targetingConditions, this.mob);
                                                                ^
C:\Users\justi\Documents\GitHub\AlexsMobs-26.2\src\main\java\com\github\alexthe666\alexsmobs\entity\EntityCosmaw.java:204: error: cannot find symbol
            passenger.setPos(this.getX(), this.getY() - bob + 0.3F - this.getPassengersRidingOffset(), this.getZ());
                                                                         ^
  symbol: method getPassengersRidingOffset()
C:\Users\justi\Documents\GitHub\AlexsMobs-26.2\src\main\java\com\github\alexthe666\alexsmobs\entity\EntityCosmaw.java:256: error: incompatible types: CompoundTag cannot be converted to ValueOutput
                        fish.addAdditionalSaveData(fishNbt);
                                                   ^
C:\Users\justi\Documents\GitHub\AlexsMobs-26.2\src\main\java\com\github\alexthe666\alexsmobs\entity\EntityCosmaw.java:257: error: cannot find symbol
                        fishNbt.putString("DeathLootTable", BuiltInLootTables.EMPTY.toString());
                                                                             ^
  symbol:   variable EMPTY
  location: class BuiltInLootTables
C:\Users\justi\Documents\GitHub\AlexsMobs-26.2\src\main\java\com\github\alexthe666\alexsmobs\entity\EntityCosmaw.java:258: error: incompatible types: CompoundTag cannot be converted to ValueInput
                        fish.readAdditionalSaveData(fishNbt);
                                                    ^
C:\Users\justi\Documents\GitHub\AlexsMobs-26.2\src\main\java\com\github\alexthe666\alexsmobs\entity\EntityCosmaw.java:278: error: method setTame in class TamableAnimal cannot be applied to given types;
                        this.setTame(true);
                            ^
  required: boolean,boolean
  found:    boolean
  reason: actual and formal argument lists differ in length
C:\Users\justi\Documents\GitHub\AlexsMobs-26.2\src\main\java\com\github\alexthe666\alexsmobs\entity\EntityCosmaw.java:280: error: cannot find symbol
                        this.setOwnerUUID(this.fishThrowerID);
                            ^
  symbol: method setOwnerUUID(UUID)
C:\Users\justi\Documents\GitHub\AlexsMobs-26.2\src\main\java\com\github\alexthe666\alexsmobs\entity\EntityCosmaw.java:290: error: cannot find symbol
                if (this.getMainHandItem().hasCraftingRemainingItem()) {
                                          ^
  symbol:   method hasCraftingRemainingItem()
  location: class ItemStack
C:\Users\justi\Documents\GitHub\AlexsMobs-26.2\src\main\java\com\github\alexthe666\alexsmobs\entity\EntityCosmaw.java:291: error: cannot find symbol
                    this.spawnAtLocation((ServerLevel) this.level(), this.getMainHandItem().getCraftingRemainingItem());
                                                                                           ^
  symbol:   method getCraftingRemainingItem()
  location: class ItemStack
C:\Users\justi\Documents\GitHub\AlexsMobs-26.2\src\main\java\com\github\alexthe666\alexsmobs\entity\EntityCosmaw.java:362: error: cannot find symbol
            player.displayClientMessage(Component.translatable("entity.alexsmobs.all.command_" + this.getCommand(), this.getName()), true);
                  ^
  symbol:   method displayClientMessage(MutableComponent,boolean)
  location: variable player of type Player
C:\Users\justi\Documents\GitHub\AlexsMobs-26.2\src\main\java\com\github\alexthe666\alexsmobs\entity\EntityCosmaw.java:392: error: isAlliedTo(Entity) in EntityCosmaw cannot override isAlliedTo(@org.jspecify.annotations.Nullable Entity) in Entity
    public boolean isAlliedTo(Entity entityIn) {
                   ^
  overridden method is final
C:\Users\justi\Documents\GitHub\AlexsMobs-26.2\src\main\java\com\github\alexthe666\alexsmobs\entity\EntityCosmaw.java:598: error: cannot find symbol
                EntityCosmaw.this.doHurtTarget((ServerLevel) this.level(), EntityCosmaw.this.getTarget());
                                                                 ^
  symbol: method level()
C:\Users\justi\Documents\GitHub\AlexsMobs-26.2\src\main\java\com\github\alexthe666\alexsmobs\entity\EntityCosmicCod.java:113: error: cannot find symbol
        return SoundEvents.BUCKET_FILL_FISH.value();
                                           ^
  symbol:   method value()
  location: variable BUCKET_FILL_FISH of type SoundEvent
C:\Users\justi\Documents\GitHub\AlexsMobs-26.2\src\main\java\com\github\alexthe666\alexsmobs\entity\EntityCosmicCod.java:121: error: cannot find symbol
            stack.setCustomName(this.getCustomName());
                 ^
  symbol:   method setCustomName(Component)
  location: variable stack of type ItemStack
C:\Users\justi\Documents\GitHub\AlexsMobs-26.2\src\main\java\com\github\alexthe666\alexsmobs\entity\EntityCosmicCod.java:129: error: cannot find symbol
            bucket.setCustomName(this.getCustomName());
                  ^
  symbol:   method setCustomName(Component)
  location: variable bucket of type ItemStack
C:\Users\justi\Documents\GitHub\AlexsMobs-26.2\src\main\java\com\github\alexthe666\alexsmobs\entity\EntityCosmicCod.java:132: error: incompatible types: CompoundTag cannot be converted to ValueOutput
        this.addAdditionalSaveData(platTag);
                                   ^
C:\Users\justi\Documents\GitHub\AlexsMobs-26.2\src\main\java\com\github\alexthe666\alexsmobs\entity\EntityCosmicCod.java:133: error: cannot find symbol
        CompoundTag compound = bucket.getOrCreateTag();
                                     ^
  symbol:   method getOrCreateTag()
  location: variable bucket of type ItemStack
C:\Users\justi\Documents\GitHub\AlexsMobs-26.2\src\main\java\com\github\alexthe666\alexsmobs\entity\EntityCosmicCod.java:140: error: incompatible types: CompoundTag cannot be converted to ValueInput
            this.readAdditionalSaveData(compound.getCompoundOrEmpty("CosmicCodData"));
                                                                   ^
C:\Users\justi\Documents\GitHub\AlexsMobs-26.2\src\main\java\com\github\alexthe666\alexsmobs\entity\EntityCosmicCod.java:317: error: cannot find symbol
            net.neoforged.neoforge.event.entity.EntityTeleportEvent.EnderEntity event = net.neoforged.neoforge.event.ForgeEventFactory.onEnderTeleport(this, x, y, z);
                                                                                                                    ^
  symbol:   class ForgeEventFactory
  location: package net.neoforged.neoforge.event
C:\Users\justi\Documents\GitHub\AlexsMobs-26.2\src\main\java\com\github\alexthe666\alexsmobs\entity\EntityCosmicCod.java:413: error: method does not override or implement a method from a supertype
    @Override
    ^
C:\Users\justi\Documents\GitHub\AlexsMobs-26.2\src\main\java\com\github\alexthe666\alexsmobs\entity\EntityCosmicCod.java:416: error: cannot find symbol
        final ItemStack itemstack = player.getItemInHand(hand);
                                                         ^
  symbol:   variable hand
  location: class EntityCosmicCod
C:\Users\justi\Documents\GitHub\AlexsMobs-26.2\src\main\java\com\github\alexthe666\alexsmobs\entity\EntityCosmicCod.java:423: error: cannot find symbol
            player.setItemInHand(hand, itemstack2);
                                 ^
  symbol:   variable hand
  location: class EntityCosmicCod
C:\Users\justi\Documents\GitHub\AlexsMobs-26.2\src\main\java\com\github\alexthe666\alexsmobs\entity\EntityCosmicCod.java:430: error: cannot find symbol
            return InteractionResult.sidedSuccess(this.level().isClientSide());
                                    ^
  symbol:   method sidedSuccess(boolean)
  location: interface InteractionResult
C:\Users\justi\Documents\GitHub\AlexsMobs-26.2\src\main\java\com\github\alexthe666\alexsmobs\entity\EntityCosmicCod.java:432: error: cannot find symbol
        return super.mobInteract(player, hand);
                                         ^
  symbol:   variable hand
  location: class EntityCosmicCod
C:\Users\justi\Documents\GitHub\AlexsMobs-26.2\src\main\java\com\github\alexthe666\alexsmobs\entity\EntityCrimsonMosquito.java:81: error: cannot find symbol
        return mob.hasEffect(AMEffectRegistry.MOSQUITO_REPELLENT) || mob instanceof EntityTriops;
                                             ^
  symbol:   variable MOSQUITO_REPELLENT
  location: class AMEffectRegistry
C:\Users\justi\Documents\GitHub\AlexsMobs-26.2\src\main\java\com\github\alexthe666\alexsmobs\entity\EntityCrimsonMosquito.java:84: error: cannot find symbol
        return !mob.hasEffect(AMEffectRegistry.MOSQUITO_REPELLENT);
                                              ^
  symbol:   variable MOSQUITO_REPELLENT
  location: class AMEffectRegistry
C:\Users\justi\Documents\GitHub\AlexsMobs-26.2\src\main\java\com\github\alexthe666\alexsmobs\entity\EntityCrimsonMosquito.java:106: error: cannot find symbol
        this.setPathfindingMalus(PathType.DANGER_FIRE, 0.0F);
                                         ^
  symbol:   variable DANGER_FIRE
  location: class PathType
C:\Users\justi\Documents\GitHub\AlexsMobs-26.2\src\main\java\com\github\alexthe666\alexsmobs\entity\EntityCrimsonMosquito.java:107: error: cannot find symbol
        this.setPathfindingMalus(PathType.DAMAGE_FIRE, 0.0F);
                                         ^
  symbol:   variable DAMAGE_FIRE
  location: class PathType
C:\Users\justi\Documents\GitHub\AlexsMobs-26.2\src\main\java\com\github\alexthe666\alexsmobs\entity\EntityCrimsonMosquito.java:120: error: incompatible types: ParticleType<ColorParticleOption> cannot be converted to ParticleOptions
            this.level().addParticle(ParticleTypes.ENTITY_EFFECT, this.getX() + this.random.nextDouble() / 2.0D, this.getY(0.5D), this.getZ() + this.random.nextDouble() / 2.0D, this.random.nextDouble() * 0.5F + 0.5F, 0, 0.0D);
                                                  ^
C:\Users\justi\Documents\GitHub\AlexsMobs-26.2\src\main\java\com\github\alexthe666\alexsmobs\entity\EntityCrimsonMosquito.java:145: error: cannot find symbol
        return this.isFromFly() ? FROM_FLY_LOOT : super.getDefaultLootTable();
                                                       ^
  symbol: method getDefaultLootTable()
C:\Users\justi\Documents\GitHub\AlexsMobs-26.2\src\main\java\com\github\alexthe666\alexsmobs\entity\EntityCrimsonMosquito.java:221: error: incompatible types: void cannot be converted to boolean
            return super.hurt(source, amount * 0.333F);
                             ^
C:\Users\justi\Documents\GitHub\AlexsMobs-26.2\src\main\java\com\github\alexthe666\alexsmobs\entity\EntityCrimsonMosquito.java:254: error: incompatible types: void cannot be converted to boolean
                            if (mount.hurt(this.damageSources().mobAttack(this), mungus ? 7F : 2.0F)) {
                                          ^
C:\Users\justi\Documents\GitHub\AlexsMobs-26.2\src\main\java\com\github\alexthe666\alexsmobs\entity\EntityCrimsonMosquito.java:513: error: cannot find symbol
                this.gameEvent(GameEvent.ENTITY_ROAR);
                                        ^
  symbol:   variable ENTITY_ROAR
  location: class GameEvent
C:\Users\justi\Documents\GitHub\AlexsMobs-26.2\src\main\java\com\github\alexthe666\alexsmobs\entity\EntityCrimsonMosquito.java:545: error: cannot find symbol
                        mosco.finalizeSpawn((ServerLevelAccessor) level(), level().getCurrentDifficultyAt(this.blockPosition()), EntitySpawnReason.CONVERSION, null);
                                                                                  ^
  symbol:   method getCurrentDifficultyAt(BlockPos)
  location: class Level
C:\Users\justi\Documents\GitHub\AlexsMobs-26.2\src\main\java\com\github\alexthe666\alexsmobs\entity\EntityCrimsonMosquito.java:581: error: getDimensions(Pose) in EntityCrimsonMosquito cannot override getDimensions(Pose) in LivingEntity
    public EntityDimensions getDimensions(Pose poseIn) {
                            ^
  overridden method is final
C:\Users\justi\Documents\GitHub\AlexsMobs-26.2\src\main\java\com\github\alexthe666\alexsmobs\entity\EntityCrimsonMosquito.java:600: error: cannot find symbol
            this.spawnAtLocation((ServerLevel) this.level(), item.getCraftingRemainingItem(itemstack));
                                                                 ^
  symbol:   method getCraftingRemainingItem(ItemStack)
  location: variable item of type Item
C:\Users\justi\Documents\GitHub\AlexsMobs-26.2\src\main\java\com\github\alexthe666\alexsmobs\entity\EntityCrimsonMosquito.java:791: error: no suitable method found for startRiding(LivingEntity,boolean)
                    parentEntity.startRiding(parentEntity.getTarget(), true);
                                ^
    method Entity.startRiding(Entity) is not applicable
      (actual and formal argument lists differ in length)
    method Mob.startRiding(Entity,boolean,boolean) is not applicable
      (actual and formal argument lists differ in length)
C:\Users\justi\Documents\GitHub\AlexsMobs-26.2\src\main\java\com\github\alexthe666\alexsmobs\client\model\ModelCrocodile.java:296: error: cannot find symbol
        if (entity != null && entity.isBaby()) {
            ^
  symbol:   variable entity
  location: class ModelCrocodile
C:\Users\justi\Documents\GitHub\AlexsMobs-26.2\src\main\java\com\github\alexthe666\alexsmobs\client\model\ModelCrocodile.java:296: error: cannot find symbol
        if (entity != null && entity.isBaby()) {
                              ^
  symbol:   variable entity
  location: class ModelCrocodile
C:\Users\justi\Documents\GitHub\AlexsMobs-26.2\src\main\java\com\github\alexthe666\alexsmobs\entity\EntityCrocodile.java:123: error: cannot find symbol
        if (!this.isBaby() && this.level().getGameRules().getBooleanOr(GameRules.RULE_DOMOBLOOT, false)) {
                                                                       ^
  symbol:   variable GameRules
  location: class EntityCrocodile
C:\Users\justi\Documents\GitHub\AlexsMobs-26.2\src\main\java\com\github\alexthe666\alexsmobs\entity\EntityCrocodile.java:123: error: cannot find symbol
        if (!this.isBaby() && this.level().getGameRules().getBooleanOr(GameRules.RULE_DOMOBLOOT, false)) {
                                          ^
  symbol:   method getGameRules()
  location: class Level
C:\Users\justi\Documents\GitHub\AlexsMobs-26.2\src\main\java\com\github\alexthe666\alexsmobs\entity\EntityCrocodile.java:130: error: method isBiomeDesert in class EntityCrocodile cannot be applied to given types;
        this.setDesert(this.isBiomeDesert(worldIn, this.blockPosition()));
                           ^
  required: LevelAccessor
  found:    ServerLevelAccessor,BlockPos
  reason: actual and formal argument lists differ in length
C:\Users\justi\Documents\GitHub\AlexsMobs-26.2\src\main\java\com\github\alexthe666\alexsmobs\entity\EntityCrocodile.java:135: error: position has private access in Entity
        return worldIn.getBiome(position).is(AMTagRegistry.SPAWNS_DESERT_CROCODILES);
                                ^
C:\Users\justi\Documents\GitHub\AlexsMobs-26.2\src\main\java\com\github\alexthe666\alexsmobs\entity\EntityCrocodile.java:358: error: no suitable method found for addParticle(SimpleParticleType,boolean,double,double,double,int,int,int)
                    level().addParticle(ParticleTypes.CRIT, true, this.getX() + headX + extraX, this.getEyeY() + 0.5F, this.getZ() + headZ + extraZ, 0, 0, 0);
                           ^
    method Level.addParticle(ParticleOptions,double,double,double,double,double,double) is not applicable
      (actual and formal argument lists differ in length)
    method Level.addParticle(ParticleOptions,boolean,boolean,double,double,double,double,double,double) is not applicable
      (actual and formal argument lists differ in length)
C:\Users\justi\Documents\GitHub\AlexsMobs-26.2\src\main\java\com\github\alexthe666\alexsmobs\entity\EntityCrocodile.java:366: error: cannot find symbol
        if (holder.getUseItem().canPerformAction(ItemAbilities.SHIELD_BLOCK)) {
                                                              ^
  symbol:   variable SHIELD_BLOCK
  location: class ItemAbilities
C:\Users\justi\Documents\GitHub\AlexsMobs-26.2\src\main\java\com\github\alexthe666\alexsmobs\entity\EntityCrocodile.java:374: error: no suitable method found for hurtAndBreak(int,Player,(p_213833_[...]d); })
                holder.getUseItem().hurtAndBreak(i, holder, (p_213833_1_) -> {
                                   ^
    method ItemStack.hurtAndBreak(int,LivingEntity,InteractionHand) is not applicable
      (argument mismatch; InteractionHand is not a functional interface)
    method ItemStack.hurtAndBreak(int,LivingEntity,EquipmentSlot) is not applicable
      (argument mismatch; EquipmentSlot is not a functional interface)
C:\Users\justi\Documents\GitHub\AlexsMobs-26.2\src\main\java\com\github\alexthe666\alexsmobs\entity\EntityCrocodile.java:376: error: cannot find symbol
                    net.neoforged.neoforge.event.ForgeEventFactory.onPlayerDestroyItem(holder, holder.getUseItem(), hand);
                                                ^
  symbol:   class ForgeEventFactory
  location: package net.neoforged.neoforge.event
C:\Users\justi\Documents\GitHub\AlexsMobs-26.2\src\main\java\com\github\alexthe666\alexsmobs\entity\EntityCrocodile.java:404: error: isAlliedTo(Entity) in EntityCrocodile cannot override isAlliedTo(@org.jspecify.annotations.Nullable Entity) in Entity
    public boolean isAlliedTo(Entity entityIn) {
                   ^
  overridden method is final
C:\Users\justi\Documents\GitHub\AlexsMobs-26.2\src\main\java\com\github\alexthe666\alexsmobs\entity\EntityCrocodile.java:608: error: cannot find symbol
        if (isTame() && item.isEdible() && item.getFoodProperties() != null && item.getFoodProperties().isMeat() && this.getHealth() < this.getMaxHealth()) {
                            ^
  symbol:   method isEdible()
  location: variable item of type Item
C:\Users\justi\Documents\GitHub\AlexsMobs-26.2\src\main\java\com\github\alexthe666\alexsmobs\entity\EntityCrocodile.java:608: error: cannot find symbol
        if (isTame() && item.isEdible() && item.getFoodProperties() != null && item.getFoodProperties().isMeat() && this.getHealth() < this.getMaxHealth()) {
                                               ^
  symbol:   method getFoodProperties()
  location: variable item of type Item
C:\Users\justi\Documents\GitHub\AlexsMobs-26.2\src\main\java\com\github\alexthe666\alexsmobs\entity\EntityCrocodile.java:608: error: cannot find symbol
        if (isTame() && item.isEdible() && item.getFoodProperties() != null && item.getFoodProperties().isMeat() && this.getHealth() < this.getMaxHealth()) {
                                                                                   ^
  symbol:   method getFoodProperties()
  location: variable item of type Item
C:\Users\justi\Documents\GitHub\AlexsMobs-26.2\src\main\java\com\github\alexthe666\alexsmobs\entity\EntityCrocodile.java:707: error: cannot find symbol
            if (this.level.getGameRules().getBooleanOr(GameRules.RULE_DOMOBLOOT, false)) {
                                                       ^
  symbol:   variable GameRules
  location: class MateGoal
C:\Users\justi\Documents\GitHub\AlexsMobs-26.2\src\main\java\com\github\alexthe666\alexsmobs\client\model\ModelCrow.java:141: error: method does not override or implement a method from a supertype
	@Override
	^
C:\Users\justi\Documents\GitHub\AlexsMobs-26.2\src\main\java\com\github\alexthe666\alexsmobs\client\model\ModelCrow.java:143: error: cannot find symbol
		if (entity != null && entity.isBaby()) {
		    ^
  symbol:   variable entity
  location: class ModelCrow
C:\Users\justi\Documents\GitHub\AlexsMobs-26.2\src\main\java\com\github\alexthe666\alexsmobs\client\model\ModelCrow.java:143: error: cannot find symbol
		if (entity != null && entity.isBaby()) {
		                      ^
  symbol:   variable entity
  location: class ModelCrow
C:\Users\justi\Documents\GitHub\AlexsMobs-26.2\src\main\java\com\github\alexthe666\alexsmobs\entity\EntityCrow.java:93: error: cannot find symbol
        this.setPathfindingMalus(PathType.DANGER_FIRE, -1.0F);
                                         ^
  symbol:   variable DANGER_FIRE
  location: class PathType
C:\Users\justi\Documents\GitHub\AlexsMobs-26.2\src\main\java\com\github\alexthe666\alexsmobs\entity\EntityCrow.java:136: error: isAlliedTo(Entity) in EntityCrow cannot override isAlliedTo(@org.jspecify.annotations.Nullable Entity) in Entity
    public boolean isAlliedTo(Entity entityIn) {
                   ^
  overridden method is final
C:\Users\justi\Documents\GitHub\AlexsMobs-26.2\src\main\java\com\github\alexthe666\alexsmobs\entity\EntityCrow.java:266: error: cannot find symbol
                    player.displayClientMessage(Component.translatable("entity.alexsmobs.crow.command_3", this.getName()), true);
                          ^
  symbol:   method displayClientMessage(MutableComponent,boolean)
  location: variable player of type Player
C:\Users\justi\Documents\GitHub\AlexsMobs-26.2\src\main\java\com\github\alexthe666\alexsmobs\entity\EntityCrow.java:268: error: cannot find symbol
                    player.displayClientMessage(Component.translatable("entity.alexsmobs.all.command_" + this.getCommand(), this.getName()), true);
                          ^
  symbol:   method displayClientMessage(MutableComponent,boolean)
  location: variable player of type Player
C:\Users\justi\Documents\GitHub\AlexsMobs-26.2\src\main\java\com\github\alexthe666\alexsmobs\entity\EntityCrow.java:334: error: method setTame in class TamableAnimal cannot be applied to given types;
                        this.setTame(true);
                            ^
  required: boolean,boolean
  found:    boolean
  reason: actual and formal argument lists differ in length
C:\Users\justi\Documents\GitHub\AlexsMobs-26.2\src\main\java\com\github\alexthe666\alexsmobs\entity\EntityCrow.java:336: error: cannot find symbol
                        this.setOwnerUUID(this.seedThrowerID);
                            ^
  symbol: method setOwnerUUID(UUID)
C:\Users\justi\Documents\GitHub\AlexsMobs-26.2\src\main\java\com\github\alexthe666\alexsmobs\entity\EntityCrow.java:346: error: cannot find symbol
                if (this.getMainHandItem().hasCraftingRemainingItem()) {
                                          ^
  symbol:   method hasCraftingRemainingItem()
  location: class ItemStack
C:\Users\justi\Documents\GitHub\AlexsMobs-26.2\src\main\java\com\github\alexthe666\alexsmobs\entity\EntityCrow.java:347: error: cannot find symbol
                    this.spawnAtLocation((ServerLevel) this.level(), this.getMainHandItem().getCraftingRemainingItem());
                                                                                           ^
  symbol:   method getCraftingRemainingItem()
  location: class ItemStack
C:\Users\justi\Documents\GitHub\AlexsMobs-26.2\src\main\java\com\github\alexthe666\alexsmobs\entity\EntityCrow.java:446: error: cannot find symbol
        if (compound.contains("PerchX") && compound.contains("PerchY") && compound.contains("PerchZ")) {
                    ^
  symbol:   method contains(String)
  location: variable compound of type ValueInput
C:\Users\justi\Documents\GitHub\AlexsMobs-26.2\src\main\java\com\github\alexthe666\alexsmobs\entity\EntityCrow.java:446: error: cannot find symbol
        if (compound.contains("PerchX") && compound.contains("PerchY") && compound.contains("PerchZ")) {
                                                   ^
  symbol:   method contains(String)
  location: variable compound of type ValueInput
C:\Users\justi\Documents\GitHub\AlexsMobs-26.2\src\main\java\com\github\alexthe666\alexsmobs\entity\EntityCrow.java:446: error: cannot find symbol
        if (compound.contains("PerchX") && compound.contains("PerchY") && compound.contains("PerchZ")) {
                                                                                  ^
  symbol:   method contains(String)
  location: variable compound of type ValueInput
C:\Users\justi\Documents\GitHub\AlexsMobs-26.2\src\main\java\com\github\alexthe666\alexsmobs\entity\EntityCrow.java:597: error: cannot find symbol
        return stack.getItem().isEdible() || stack.is(AMTagRegistry.CROW_FOODSTUFFS);
                              ^
  symbol:   method isEdible()
  location: class Item
C:\Users\justi\Documents\GitHub\AlexsMobs-26.2\src\main\java\com\github\alexthe666\alexsmobs\entity\EntityCrow.java:1019: error: cannot find symbol
                        LazyOptional<IItemHandler> handler = entity.getCapability(Capabilities.ItemHandler.BLOCK, e.getDirection().getOpposite());
                        ^
  symbol: class LazyOptional
C:\Users\justi\Documents\GitHub\AlexsMobs-26.2\src\main\java\com\github\alexthe666\alexsmobs\entity\EntityCrow.java:1019: warning: [removal] IItemHandler in net.neoforged.neoforge.items has been deprecated and marked for removal
                        LazyOptional<IItemHandler> handler = entity.getCapability(Capabilities.ItemHandler.BLOCK, e.getDirection().getOpposite());
                                     ^
C:\Users\justi\Documents\GitHub\AlexsMobs-26.2\src\main\java\com\github\alexthe666\alexsmobs\entity\EntityCrow.java:1019: error: cannot find symbol
                        LazyOptional<IItemHandler> handler = entity.getCapability(Capabilities.ItemHandler.BLOCK, e.getDirection().getOpposite());
                                                                                              ^
  symbol:   variable ItemHandler
  location: class Capabilities
C:\Users\justi\Documents\GitHub\AlexsMobs-26.2\src\main\java\com\github\alexthe666\alexsmobs\entity\EntityCrow.java:1092: error: cannot find symbol
                        final LazyOptional<IItemHandler> handler = entity.getCapability(Capabilities.ItemHandler.BLOCK, deposit);
                              ^
  symbol:   class LazyOptional
  location: class EntityCrow.AIDepositChests
C:\Users\justi\Documents\GitHub\AlexsMobs-26.2\src\main\java\com\github\alexthe666\alexsmobs\entity\EntityCrow.java:1092: warning: [removal] IItemHandler in net.neoforged.neoforge.items has been deprecated and marked for removal
                        final LazyOptional<IItemHandler> handler = entity.getCapability(Capabilities.ItemHandler.BLOCK, deposit);
                                           ^
C:\Users\justi\Documents\GitHub\AlexsMobs-26.2\src\main\java\com\github\alexthe666\alexsmobs\entity\EntityCrow.java:1092: error: cannot find symbol
                        final LazyOptional<IItemHandler> handler = entity.getCapability(Capabilities.ItemHandler.BLOCK, deposit);
                                                                                                    ^
  symbol:   variable ItemHandler
  location: class Capabilities
C:\Users\justi\Documents\GitHub\AlexsMobs-26.2\src\main\java\com\github\alexthe666\alexsmobs\entity\EntityCrow.java:1095: warning: [removal] ItemHandlerHelper in net.neoforged.neoforge.items has been deprecated and marked for removal
                            ItemStack insertSimulate = ItemHandlerHelper.insertItem(handler.orElse(null), duplicate, true);
                                                       ^
C:\Users\justi\Documents\GitHub\AlexsMobs-26.2\src\main\java\com\github\alexthe666\alexsmobs\entity\EntityCrow.java:1095: warning: [removal] insertItem(IItemHandler,ItemStack,boolean) in ItemHandlerHelper has been deprecated and marked for removal
                            ItemStack insertSimulate = ItemHandlerHelper.insertItem(handler.orElse(null), duplicate, true);
                                                                        ^
C:\Users\justi\Documents\GitHub\AlexsMobs-26.2\src\main\java\com\github\alexthe666\alexsmobs\entity\EntityCrow.java:1097: warning: [removal] ItemHandlerHelper in net.neoforged.neoforge.items has been deprecated and marked for removal
                                ItemStack shrunkenStack = ItemHandlerHelper.insertItem(handler.orElse(null), duplicate, false);
                                                          ^
C:\Users\justi\Documents\GitHub\AlexsMobs-26.2\src\main\java\com\github\alexthe666\alexsmobs\entity\EntityCrow.java:1097: warning: [removal] insertItem(IItemHandler,ItemStack,boolean) in ItemHandlerHelper has been deprecated and marked for removal
                                ItemStack shrunkenStack = ItemHandlerHelper.insertItem(handler.orElse(null), duplicate, false);
                                                                           ^
C:\Users\justi\Documents\GitHub\AlexsMobs-26.2\src\main\java\com\github\alexthe666\alexsmobs\entity\EntityDevilsHolePupfish.java:210: error: getDimensions(Pose) in EntityDevilsHolePupfish cannot override getDimensions(Pose) in LivingEntity
    public EntityDimensions getDimensions(Pose poseIn) {
                            ^
  overridden method is final
C:\Users\justi\Documents\GitHub\AlexsMobs-26.2\src\main\java\com\github\alexthe666\alexsmobs\entity\EntityDevilsHolePupfish.java:225: error: cannot find symbol
            bucket.setCustomName(this.getCustomName());
                  ^
  symbol:   method setCustomName(Component)
  location: variable bucket of type ItemStack
C:\Users\justi\Documents\GitHub\AlexsMobs-26.2\src\main\java\com\github\alexthe666\alexsmobs\entity\EntityDevilsHolePupfish.java:228: error: cannot find symbol
        CompoundTag compound = bucket.getOrCreateTag();
                                     ^
  symbol:   method getOrCreateTag()
  location: variable bucket of type ItemStack
C:\Users\justi\Documents\GitHub\AlexsMobs-26.2\src\main\java\com\github\alexthe666\alexsmobs\entity\EntityDevilsHolePupfish.java:249: error: cannot find symbol
            stack.setCustomName(this.getCustomName());
                 ^
  symbol:   method setCustomName(Component)
  location: variable stack of type ItemStack
C:\Users\justi\Documents\GitHub\AlexsMobs-26.2\src\main\java\com\github\alexthe666\alexsmobs\entity\EntityDevilsHolePupfish.java:256: error: cannot find symbol
        return SoundEvents.BUCKET_FILL_FISH.value();
                                           ^
  symbol:   method value()
  location: variable BUCKET_FILL_FISH of type SoundEvent
C:\Users\justi\Documents\GitHub\AlexsMobs-26.2\src\main\java\com\github\alexthe666\alexsmobs\entity\EntityDevilsHolePupfish.java:314: error: method hurt in class Entity cannot be applied to given types;
                this.hurt(damageSources().dryOut());
                    ^
  required: DamageSource,float
  found:    DamageSource
  reason: actual and formal argument lists differ in length
C:\Users\justi\Documents\GitHub\AlexsMobs-26.2\src\main\java\com\github\alexthe666\alexsmobs\entity\EntityDevilsHolePupfish.java:353: error: method does not override or implement a method from a supertype
    @Override
    ^
C:\Users\justi\Documents\GitHub\AlexsMobs-26.2\src\main\java\com\github\alexthe666\alexsmobs\entity\EntityDevilsHolePupfish.java:366: error: cannot find symbol
        LootTable loottable = pupfish.level().getServer().getLootData().getLootTable(PUPFISH_REWARD);
                                                         ^
  symbol:   method getLootData()
  location: class MinecraftServer
C:\Users\justi\Documents\GitHub\AlexsMobs-26.2\src\main\java\com\github\alexthe666\alexsmobs\entity\EntityDropBear.java:389: error: no suitable method found for addParticle(BlockParticleOption,boolean,double,double,double,double,double,double)
                    level().addParticle(new BlockParticleOption(ParticleTypes.BLOCK, state), true, this.getX() + extraX, ground.getY() + extraY, this.getZ() + extraZ, motionX, motionY, motionZ);
                           ^
    method Level.addParticle(ParticleOptions,double,double,double,double,double,double) is not applicable
      (actual and formal argument lists differ in length)
    method Level.addParticle(ParticleOptions,boolean,boolean,double,double,double,double,double,double) is not applicable
      (actual and formal argument lists differ in length)
C:\Users\justi\Documents\GitHub\AlexsMobs-26.2\src\main\java\com\github\alexthe666\alexsmobs\entity\EntityDropBear.java:491: error: cannot find symbol
                    EntityDropBear.this.doHurtTarget((ServerLevel) this.level(), target);
                                                                       ^
  symbol: method level()
C:\Users\justi\Documents\GitHub\AlexsMobs-26.2\src\main\java\com\github\alexthe666\alexsmobs\client\model\ModelElephant.java:294: error: cannot find symbol
        if (entity != null && entity.isBaby()) {
            ^
  symbol:   variable entity
  location: class ModelElephant
C:\Users\justi\Documents\GitHub\AlexsMobs-26.2\src\main\java\com\github\alexthe666\alexsmobs\client\model\ModelElephant.java:294: error: cannot find symbol
        if (entity != null && entity.isBaby()) {
                              ^
  symbol:   variable entity
  location: class ModelElephant
C:\Users\justi\Documents\GitHub\AlexsMobs-26.2\src\main\java\com\github\alexthe666\alexsmobs\entity\EntityElephant.java:92: error: cannot find symbol
        map.put(DyeColor.WHITE, Items.WHITE_CARPET);
                                     ^
  symbol:   variable WHITE_CARPET
  location: class Items
C:\Users\justi\Documents\GitHub\AlexsMobs-26.2\src\main\java\com\github\alexthe666\alexsmobs\entity\EntityElephant.java:93: error: cannot find symbol
        map.put(DyeColor.ORANGE, Items.ORANGE_CARPET);
                                      ^
  symbol:   variable ORANGE_CARPET
  location: class Items
C:\Users\justi\Documents\GitHub\AlexsMobs-26.2\src\main\java\com\github\alexthe666\alexsmobs\entity\EntityElephant.java:94: error: cannot find symbol
        map.put(DyeColor.MAGENTA, Items.MAGENTA_CARPET);
                                       ^
  symbol:   variable MAGENTA_CARPET
  location: class Items
C:\Users\justi\Documents\GitHub\AlexsMobs-26.2\src\main\java\com\github\alexthe666\alexsmobs\entity\EntityElephant.java:95: error: cannot find symbol
        map.put(DyeColor.LIGHT_BLUE, Items.LIGHT_BLUE_CARPET);
                                          ^
  symbol:   variable LIGHT_BLUE_CARPET
  location: class Items
C:\Users\justi\Documents\GitHub\AlexsMobs-26.2\src\main\java\com\github\alexthe666\alexsmobs\entity\EntityElephant.java:96: error: cannot find symbol
        map.put(DyeColor.YELLOW, Items.YELLOW_CARPET);
                                      ^
  symbol:   variable YELLOW_CARPET
  location: class Items
C:\Users\justi\Documents\GitHub\AlexsMobs-26.2\src\main\java\com\github\alexthe666\alexsmobs\entity\EntityElephant.java:97: error: cannot find symbol
        map.put(DyeColor.LIME, Items.LIME_CARPET);
                                    ^
  symbol:   variable LIME_CARPET
  location: class Items
C:\Users\justi\Documents\GitHub\AlexsMobs-26.2\src\main\java\com\github\alexthe666\alexsmobs\entity\EntityElephant.java:98: error: cannot find symbol
        map.put(DyeColor.PINK, Items.PINK_CARPET);
                                    ^
  symbol:   variable PINK_CARPET
  location: class Items
C:\Users\justi\Documents\GitHub\AlexsMobs-26.2\src\main\java\com\github\alexthe666\alexsmobs\entity\EntityElephant.java:99: error: cannot find symbol
        map.put(DyeColor.GRAY, Items.GRAY_CARPET);
                                    ^
  symbol:   variable GRAY_CARPET
  location: class Items
C:\Users\justi\Documents\GitHub\AlexsMobs-26.2\src\main\java\com\github\alexthe666\alexsmobs\entity\EntityElephant.java:100: error: cannot find symbol
        map.put(DyeColor.LIGHT_GRAY, Items.LIGHT_GRAY_CARPET);
                                          ^
  symbol:   variable LIGHT_GRAY_CARPET
  location: class Items
C:\Users\justi\Documents\GitHub\AlexsMobs-26.2\src\main\java\com\github\alexthe666\alexsmobs\entity\EntityElephant.java:101: error: cannot find symbol
        map.put(DyeColor.CYAN, Items.CYAN_CARPET);
                                    ^
  symbol:   variable CYAN_CARPET
  location: class Items
C:\Users\justi\Documents\GitHub\AlexsMobs-26.2\src\main\java\com\github\alexthe666\alexsmobs\entity\EntityElephant.java:102: error: cannot find symbol
        map.put(DyeColor.PURPLE, Items.PURPLE_CARPET);
                                      ^
  symbol:   variable PURPLE_CARPET
  location: class Items
C:\Users\justi\Documents\GitHub\AlexsMobs-26.2\src\main\java\com\github\alexthe666\alexsmobs\entity\EntityElephant.java:103: error: cannot find symbol
        map.put(DyeColor.BLUE, Items.BLUE_CARPET);
                                    ^
  symbol:   variable BLUE_CARPET
  location: class Items
C:\Users\justi\Documents\GitHub\AlexsMobs-26.2\src\main\java\com\github\alexthe666\alexsmobs\entity\EntityElephant.java:104: error: cannot find symbol
        map.put(DyeColor.BROWN, Items.BROWN_CARPET);
                                     ^
  symbol:   variable BROWN_CARPET
  location: class Items
C:\Users\justi\Documents\GitHub\AlexsMobs-26.2\src\main\java\com\github\alexthe666\alexsmobs\entity\EntityElephant.java:105: error: cannot find symbol
        map.put(DyeColor.GREEN, Items.GREEN_CARPET);
                                     ^
  symbol:   variable GREEN_CARPET
  location: class Items
C:\Users\justi\Documents\GitHub\AlexsMobs-26.2\src\main\java\com\github\alexthe666\alexsmobs\entity\EntityElephant.java:106: error: cannot find symbol
        map.put(DyeColor.RED, Items.RED_CARPET);
                                   ^
  symbol:   variable RED_CARPET
  location: class Items
C:\Users\justi\Documents\GitHub\AlexsMobs-26.2\src\main\java\com\github\alexthe666\alexsmobs\entity\EntityElephant.java:107: error: cannot find symbol
        map.put(DyeColor.BLACK, Items.BLACK_CARPET);
                                     ^
  symbol:   variable BLACK_CARPET
  location: class Items
C:\Users\justi\Documents\GitHub\AlexsMobs-26.2\src\main\java\com\github\alexthe666\alexsmobs\entity\EntityElephant.java:172: error: cannot find symbol
                return EntityElephant.this.isAlive() && !EntityElephant.this.isInsidePortal;
                                                                            ^
  symbol: variable isInsidePortal
C:\Users\justi\Documents\GitHub\AlexsMobs-26.2\src\main\java\com\github\alexthe666\alexsmobs\entity\EntityElephant.java:319: error: method setTame in class TamableAnimal cannot be applied to given types;
                        this.setTame(true);
                            ^
  required: boolean,boolean
  found:    boolean
  reason: actual and formal argument lists differ in length
C:\Users\justi\Documents\GitHub\AlexsMobs-26.2\src\main\java\com\github\alexthe666\alexsmobs\entity\EntityElephant.java:320: error: cannot find symbol
                        this.setOwnerUUID(blossomThrowerUUID);
                            ^
  symbol: method setOwnerUUID(UUID)
C:\Users\justi\Documents\GitHub\AlexsMobs-26.2\src\main\java\com\github\alexthe666\alexsmobs\entity\EntityElephant.java:417: error: cannot find symbol
            this.gameEvent(GameEvent.ENTITY_ROAR);
                                    ^
  symbol:   variable ENTITY_ROAR
  location: class GameEvent
C:\Users\justi\Documents\GitHub\AlexsMobs-26.2\src\main\java\com\github\alexthe666\alexsmobs\entity\EntityElephant.java:537: error: incompatible types: Reference<SoundEvent> cannot be converted to SoundEvent
                this.playSound(SoundEvents.LLAMA_SWAG, 1.0F, (this.random.nextFloat() - this.random.nextFloat()) * 0.2F + 1.0F);
                                          ^
C:\Users\justi\Documents\GitHub\AlexsMobs-26.2\src\main\java\com\github\alexthe666\alexsmobs\entity\EntityElephant.java:546: error: cannot find symbol
        } else if (owner && this.getColor() != null && stack.is(Tags.Items.SHEARS)) {
                                                                          ^
  symbol:   variable SHEARS
  location: class Items
C:\Users\justi\Documents\GitHub\AlexsMobs-26.2\src\main\java\com\github\alexthe666\alexsmobs\entity\EntityElephant.java:561: error: cannot find symbol
            return InteractionResult.sidedSuccess(this.level().isClientSide());
                                    ^
  symbol:   method sidedSuccess(boolean)
  location: interface InteractionResult
C:\Users\justi\Documents\GitHub\AlexsMobs-26.2\src\main\java\com\github\alexthe666\alexsmobs\entity\EntityElephant.java:562: error: cannot find symbol
        } else if (owner && isChested() && stack.is(Tags.Items.SHEARS)) {
                                                              ^
  symbol:   variable SHEARS
  location: class Items
C:\Users\justi\Documents\GitHub\AlexsMobs-26.2\src\main\java\com\github\alexthe666\alexsmobs\entity\EntityElephant.java:581: error: getDimensions(Pose) in EntityElephant cannot override getDimensions(Pose) in LivingEntity
    public EntityDimensions getDimensions(Pose poseIn) {
                            ^
  overridden method is final
C:\Users\justi\Documents\GitHub\AlexsMobs-26.2\src\main\java\com\github\alexthe666\alexsmobs\entity\EntityElephant.java:643: error: method getNearestTusked in class EntityElephant cannot be applied to given types;
        baby.setTusked(this.getNearestTusked(level(), 15) == null || random.nextInt(2) == 0);
                           ^
  required: LevelAccessor
  found:    Level,int
  reason: actual and formal argument lists differ in length
C:\Users\justi\Documents\GitHub\AlexsMobs-26.2\src\main\java\com\github\alexthe666\alexsmobs\entity\EntityElephant.java:666: error: cannot find symbol
                    itemstack.save(CompoundNBT);
                             ^
  symbol:   method save(CompoundTag)
  location: variable itemstack of type ItemStack
C:\Users\justi\Documents\GitHub\AlexsMobs-26.2\src\main\java\com\github\alexthe666\alexsmobs\entity\EntityElephant.java:670: error: cannot find symbol
            compound.put("Items", nbttaglist);
                    ^
  symbol:   method put(String,ListTag)
  location: variable compound of type ValueOutput
C:\Users\justi\Documents\GitHub\AlexsMobs-26.2\src\main\java\com\github\alexthe666\alexsmobs\entity\EntityElephant.java:683: error: method setTame in class TamableAnimal cannot be applied to given types;
        this.setTame(compound.getBooleanOr("Tamed", false));
            ^
  required: boolean,boolean
  found:    boolean
  reason: actual and formal argument lists differ in length
C:\Users\justi\Documents\GitHub\AlexsMobs-26.2\src\main\java\com\github\alexthe666\alexsmobs\entity\EntityElephant.java:693: error: cannot find symbol
            ListTag nbttaglist = compound.getListOrEmpty("Items");
                                         ^
  symbol:   method getListOrEmpty(String)
  location: variable compound of type ValueInput
C:\Users\justi\Documents\GitHub\AlexsMobs-26.2\src\main\java\com\github\alexthe666\alexsmobs\entity\EntityElephant.java:697: error: bad operand types for binary operator '&'
                int j = CompoundNBT.getByte("Slot") & 255;
                                                    ^
  first type:  Optional<Byte>
  second type: int
C:\Users\justi\Documents\GitHub\AlexsMobs-26.2\src\main\java\com\github\alexthe666\alexsmobs\entity\EntityElephant.java:698: error: cannot find symbol
                this.elephantInventory.setItem(j, ItemStack.of(CompoundNBT));
                                                           ^
  symbol:   method of(CompoundTag)
  location: class ItemStack
C:\Users\justi\Documents\GitHub\AlexsMobs-26.2\src\main\java\com\github\alexthe666\alexsmobs\entity\EntityElephant.java:701: error: cannot find symbol
            ListTag nbttaglist = compound.getListOrEmpty("Items");
                                         ^
  symbol:   method getListOrEmpty(String)
  location: variable compound of type ValueInput
C:\Users\justi\Documents\GitHub\AlexsMobs-26.2\src\main\java\com\github\alexthe666\alexsmobs\entity\EntityElephant.java:705: error: bad operand types for binary operator '&'
                int j = CompoundNBT.getByte("Slot") & 255;
                                                    ^
  first type:  Optional<Byte>
  second type: int
C:\Users\justi\Documents\GitHub\AlexsMobs-26.2\src\main\java\com\github\alexthe666\alexsmobs\entity\EntityElephant.java:707: error: cannot find symbol
                this.elephantInventory.setItem(j, ItemStack.of(CompoundNBT));
                                                           ^
  symbol:   method of(CompoundTag)
  location: class ItemStack
C:\Users\justi\Documents\GitHub\AlexsMobs-26.2\src\main\java\com\github\alexthe666\alexsmobs\entity\EntityElephant.java:710: error: cannot find symbol
        if (compound.contains("DespawnDelay")) {
                    ^
  symbol:   method contains(String)
  location: variable compound of type ValueInput
C:\Users\justi\Documents\GitHub\AlexsMobs-26.2\src\main\java\com\github\alexthe666\alexsmobs\entity\EntityElephant.java:790: error: cannot find symbol
        List<? extends EntityElephant> list = world.getEntitiesOfClass(this.getClass(), this.getBoundingBox().inflate(dist, dist / 2, dist));
                                                                                                                      ^
  symbol:   variable dist
  location: class EntityElephant
C:\Users\justi\Documents\GitHub\AlexsMobs-26.2\src\main\java\com\github\alexthe666\alexsmobs\entity\EntityElephant.java:790: error: cannot find symbol
        List<? extends EntityElephant> list = world.getEntitiesOfClass(this.getClass(), this.getBoundingBox().inflate(dist, dist / 2, dist));
                                                                                                                            ^
  symbol:   variable dist
  location: class EntityElephant
C:\Users\justi\Documents\GitHub\AlexsMobs-26.2\src\main\java\com\github\alexthe666\alexsmobs\entity\EntityElephant.java:790: error: cannot find symbol
        List<? extends EntityElephant> list = world.getEntitiesOfClass(this.getClass(), this.getBoundingBox().inflate(dist, dist / 2, dist));
                                                                                                                                      ^
  symbol:   variable dist
  location: class EntityElephant
C:\Users\justi\Documents\GitHub\AlexsMobs-26.2\src\main\java\com\github\alexthe666\alexsmobs\entity\EntityElephant.java:854: error: cannot find symbol
            LootTable loottable = this.level().getServer().getLootData().getLootTable(TRADER_LOOT);
                                                          ^
  symbol:   method getLootData()
  location: class MinecraftServer
C:\Users\justi\Documents\GitHub\AlexsMobs-26.2\src\main\java\com\github\alexthe666\alexsmobs\entity\EntityElephant.java:917: error: cannot find symbol
            passenger.setPos(this.getX() + extraX, this.getY() + this.getPassengersRidingOffset() + scaleY + passenger.getMyRidingOffset(), this.getZ() + extraZ);
                                                                                                                      ^
  symbol:   method getMyRidingOffset()
  location: variable passenger of type Entity
C:\Users\justi\Documents\GitHub\AlexsMobs-26.2\src\main\java\com\github\alexthe666\alexsmobs\entity\EntityElephant.java:956: error: isAlliedTo(Entity) in EntityElephant cannot override isAlliedTo(@org.jspecify.annotations.Nullable Entity) in Entity
    public boolean isAlliedTo(Entity entityIn) {
                   ^
  overridden method is final
C:\Users\justi\Documents\GitHub\AlexsMobs-26.2\src\main\java\com\github\alexthe666\alexsmobs\client\model\ModelEmu.java:303: error: cannot find symbol
        if (entity != null && entity.isBaby()) {
            ^
  symbol:   variable entity
  location: class ModelEmu
C:\Users\justi\Documents\GitHub\AlexsMobs-26.2\src\main\java\com\github\alexthe666\alexsmobs\client\model\ModelEmu.java:303: error: cannot find symbol
        if (entity != null && entity.isBaby()) {
                              ^
  symbol:   variable entity
  location: class ModelEmu
C:\Users\justi\Documents\GitHub\AlexsMobs-26.2\src\main\java\com\github\alexthe666\alexsmobs\entity\EntityEmu.java:107: error: cannot find symbol
                return super.getAttackReachSqr(attackTarget) + 2.5D;
                            ^
  symbol: method getAttackReachSqr(LivingEntity)
C:\Users\justi\Documents\GitHub\AlexsMobs-26.2\src\main\java\com\github\alexthe666\alexsmobs\entity\EntityEmu.java:246: error: cannot find symbol
        if (compound.contains("EggLayTime")) {
                    ^
  symbol:   method contains(String)
  location: variable compound of type ValueInput
C:\Users\justi\Documents\GitHub\AlexsMobs-26.2\src\main\java\com\github\alexthe666\alexsmobs\entity\EntityEmu.java:293: error: cannot find symbol
                super.alertOther(mobIn, targetIn);
                                        ^
  symbol:   variable targetIn
  location: class EntityEmu.HurtByTargetGoal
C:\Users\justi\Documents\GitHub\AlexsMobs-26.2\src\main\java\com\github\alexthe666\alexsmobs\client\model\ModelEndergrade.java:97: error: cannot find symbol
		if (entity != null && entity.isBaby()) {
		    ^
  symbol:   variable entity
  location: class ModelEndergrade
C:\Users\justi\Documents\GitHub\AlexsMobs-26.2\src\main\java\com\github\alexthe666\alexsmobs\client\model\ModelEndergrade.java:97: error: cannot find symbol
		if (entity != null && entity.isBaby()) {
		                      ^
  symbol:   variable entity
  location: class ModelEndergrade
C:\Users\justi\Documents\GitHub\AlexsMobs-26.2\src\main\java\com\github\alexthe666\alexsmobs\entity\EntityEndergrade.java:186: error: cannot find symbol
            passenger.setPos(this.getX() + extraX, this.getY() + this.getPassengersRidingOffset() + passenger.getMyRidingOffset(), this.getZ() + extraZ);
                                                                                                             ^
  symbol:   method getMyRidingOffset()
  location: variable passenger of type Entity
C:\Users\justi\Documents\GitHub\AlexsMobs-26.2\src\main\java\com\github\alexthe666\alexsmobs\entity\EntityEndergrade.java:257: error: cannot find symbol
        this.playSound(SoundEvents.CAT_EAT.value(), this.getSoundVolume(), this.getVoicePitch());
                                  ^
  symbol:   variable CAT_EAT
  location: class SoundEvents
C:\Users\justi\Documents\GitHub\AlexsMobs-26.2\src\main\java\com\github\alexthe666\alexsmobs\entity\EntityEndergrade.java:314: error: method does not override or implement a method from a supertype
    @Override
    ^
C:\Users\justi\Documents\GitHub\AlexsMobs-26.2\src\main\java\com\github\alexthe666\alexsmobs\client\model\ModelEnderiophage.java:229: error: method does not override or implement a method from a supertype
    @Override
    ^
C:\Users\justi\Documents\GitHub\AlexsMobs-26.2\src\main\java\com\github\alexthe666\alexsmobs\entity\EntityEnderiophage.java:57: error: EntityEnderiophage is not abstract and does not override abstract method isFood(ItemStack) in Animal
public class EntityEnderiophage extends Animal implements Enemy {
       ^
C:\Users\justi\Documents\GitHub\AlexsMobs-26.2\src\main\java\com\github\alexthe666\alexsmobs\entity\EntityEnderiophage.java:128: error: no suitable method found for set(EntityDataAccessor<Float>)
        this.entityData.set(PHAGE_SCALE);
                       ^
    method SynchedEntityData.<T#1>set(EntityDataAccessor<T#1>,T#1) is not applicable
      (cannot infer type-variable(s) T#1
        (actual and formal argument lists differ in length))
    method SynchedEntityData.<T#2>set(EntityDataAccessor<T#2>,T#2,boolean) is not applicable
      (cannot infer type-variable(s) T#2
        (actual and formal argument lists differ in length))
  where T#1,T#2 are type-variables:
    T#1 extends Object declared in method <T#1>set(EntityDataAccessor<T#1>,T#1)
    T#2 extends Object declared in method <T#2>set(EntityDataAccessor<T#2>,T#2,boolean)
C:\Users\justi\Documents\GitHub\AlexsMobs-26.2\src\main\java\com\github\alexthe666\alexsmobs\entity\EntityEnderiophage.java:238: error: 'void' type not allowed here
                        if ((target.getHealth() < 1.5D || mount.hurt(this.damageSources().mobAttack(this), dmg)) && mount instanceof LivingEntity) {
                                                                    ^
C:\Users\justi\Documents\GitHub\AlexsMobs-26.2\src\main\java\com\github\alexthe666\alexsmobs\entity\EntityEnderiophage.java:266: error: cannot find symbol
                                        this.gameEvent(GameEvent.ENTITY_ROAR);
                                                                ^
  symbol:   variable ENTITY_ROAR
  location: class GameEvent
C:\Users\justi\Documents\GitHub\AlexsMobs-26.2\src\main\java\com\github\alexthe666\alexsmobs\entity\EntityEnderiophage.java:267: error: incompatible types: Reference<SoundEvent> cannot be converted to SoundEvent
                                        this.playSound(SoundEvents.ITEM_BREAK, this.getSoundVolume(), this.getVoicePitch());
                                                                  ^
C:\Users\justi\Documents\GitHub\AlexsMobs-26.2\src\main\java\com\github\alexthe666\alexsmobs\entity\EntityEnderiophage.java:274: error: cannot find symbol
                                        this.goalSelector.getRunningGoals().forEach(Goal::stop);
                                                         ^
  symbol:   method getRunningGoals()
  location: variable goalSelector of type GoalSelector
C:\Users\justi\Documents\GitHub\AlexsMobs-26.2\src\main\java\com\github\alexthe666\alexsmobs\entity\EntityEnderiophage.java:275: error: cannot find symbol
                                        this.targetSelector.getRunningGoals().forEach(Goal::stop);
                                                           ^
  symbol:   method getRunningGoals()
  location: variable targetSelector of type GoalSelector
C:\Users\justi\Documents\GitHub\AlexsMobs-26.2\src\main\java\com\github\alexthe666\alexsmobs\entity\EntityEnderiophage.java:358: error: cannot find symbol
                            angryEnderman.goalSelector.getRunningGoals().forEach(Goal::stop);
                                                      ^
  symbol:   method getRunningGoals()
  location: variable goalSelector of type GoalSelector
C:\Users\justi\Documents\GitHub\AlexsMobs-26.2\src\main\java\com\github\alexthe666\alexsmobs\entity\EntityEnderiophage.java:359: error: cannot find symbol
                            angryEnderman.targetSelector.getRunningGoals().forEach(Goal::stop);
                                                        ^
  symbol:   method getRunningGoals()
  location: variable targetSelector of type GoalSelector
C:\Users\justi\Documents\GitHub\AlexsMobs-26.2\src\main\java\com\github\alexthe666\alexsmobs\entity\EntityEnderiophage.java:764: error: no suitable method found for startRiding(LivingEntity,boolean)
                    parentEntity.startRiding(parentEntity.getTarget(), true);
                                ^
    method Entity.startRiding(Entity) is not applicable
      (actual and formal argument lists differ in length)
    method Mob.startRiding(Entity,boolean,boolean) is not applicable
      (actual and formal argument lists differ in length)
C:\Users\justi\Documents\GitHub\AlexsMobs-26.2\src\main\java\com\github\alexthe666\alexsmobs\tileentity\TileEntityEndPirateAnchor.java:47: error: incompatible types: BlockPos cannot be converted to Vec3
        return new AABB(worldPosition.offset(-1, 0, -1), worldPosition.offset(1, 3, 1));
                                            ^
C:\Users\justi\Documents\GitHub\AlexsMobs-26.2\src\main\java\com\github\alexthe666\alexsmobs\tileentity\TileEntityEndPirateAnchorWinch.java:138: error: cannot find symbol
        return INFINITE_EXTENT_AABB;
               ^
  symbol:   variable INFINITE_EXTENT_AABB
  location: class TileEntityEndPirateAnchorWinch
C:\Users\justi\Documents\GitHub\AlexsMobs-26.2\src\main\java\com\github\alexthe666\alexsmobs\tileentity\TileEntityEndPirateAnchorWinch.java:243: error: method does not override or implement a method from a supertype
    @Override
    ^
C:\Users\justi\Documents\GitHub\AlexsMobs-26.2\src\main\java\com\github\alexthe666\alexsmobs\tileentity\TileEntityEndPirateAnchorWinch.java:245: error: cannot find symbol
        super.load(compound);
             ^
  symbol: method load(CompoundTag)
C:\Users\justi\Documents\GitHub\AlexsMobs-26.2\src\main\java\com\github\alexthe666\alexsmobs\tileentity\TileEntityEndPirateFlag.java:25: error: incompatible types: BlockPos cannot be converted to Vec3
        return new AABB(worldPosition.offset(-2, -2, -2), worldPosition.offset(2, 2, 2));
                                            ^
C:\Users\justi\Documents\GitHub\AlexsMobs-26.2\src\main\java\com\github\alexthe666\alexsmobs\tileentity\TileEntityEndPirateShipWheel.java:30: error: incompatible types: BlockPos cannot be converted to Vec3
        return new AABB(worldPosition.offset(-2, -2, -2), worldPosition.offset(2, 2, 2));
                                            ^
C:\Users\justi\Documents\GitHub\AlexsMobs-26.2\src\main\java\com\github\alexthe666\alexsmobs\entity\EntityFarseer.java:137: error: method does not override or implement a method from a supertype
    @Override
    ^
C:\Users\justi\Documents\GitHub\AlexsMobs-26.2\src\main\java\com\github\alexthe666\alexsmobs\entity\EntityFarseer.java:139: error: height has private access in EntityDimensions
        return dimensions.height * 0.7F;
                         ^
C:\Users\justi\Documents\GitHub\AlexsMobs-26.2\src\main\java\com\github\alexthe666\alexsmobs\entity\EntityFarseer.java:147: error: cannot find symbol
        flyingpathnavigation.setCanPassDoors(true);
                            ^
  symbol:   method setCanPassDoors(boolean)
  location: variable flyingpathnavigation of type FlyingPathNavigation
C:\Users\justi\Documents\GitHub\AlexsMobs-26.2\src\main\java\com\github\alexthe666\alexsmobs\entity\EntityFarseer.java:524: error: cannot find symbol
        if (this.isEffectiveAi() || this.isControlledByLocalInstance()) {
                                        ^
  symbol: method isControlledByLocalInstance()
C:\Users\justi\Documents\GitHub\AlexsMobs-26.2\src\main\java\com\github\alexthe666\alexsmobs\entity\EntityFarseer.java:670: error: 'void' type not allowed here
                            if(target.hurt(AMDamageTypes.causeFarseerDamage(EntityFarseer.this), random.nextInt(2) + Math.max(6, healthTenth)) && !target.isAlive()){
                                          ^
C:\Users\justi\Documents\GitHub\AlexsMobs-26.2\src\main\java\com\github\alexthe666\alexsmobs\entity\EntityFart.java:29: error: EntityFart is not abstract and does not override abstract method hurtServer(ServerLevel,DamageSource,float) in Entity
public class EntityFart extends Entity {
       ^
C:\Users\justi\Documents\GitHub\AlexsMobs-26.2\src\main\java\com\github\alexthe666\alexsmobs\entity\EntityFart.java:80: error: cannot find symbol
            living.addEffect(new MobEffectInstance(MobEffects.CONFUSION, 300, 0));
                                                             ^
  symbol:   variable CONFUSION
  location: class MobEffects
C:\Users\justi\Documents\GitHub\AlexsMobs-26.2\src\main\java\com\github\alexthe666\alexsmobs\entity\EntityFart.java:136: error: cannot find symbol
            this.moveTo(this.getX(), this.getY(), this.getZ(), this.getYRot(), this.getXRot());
                ^
  symbol: method moveTo(double,double,double,float,float)
C:\Users\justi\Documents\GitHub\AlexsMobs-26.2\src\main\java\com\github\alexthe666\alexsmobs\entity\ai\TameableAITempt.java:22: error: incompatible types: invalid method reference
        this.targetingConditions = DEF.copy().selector(this::shouldFollowAM);
                                                       ^
    method shouldFollowAM in class TameableAITempt cannot be applied to given types
      required: LivingEntity
      found:    LivingEntity,ServerLevel
      reason: actual and formal argument lists differ in length
C:\Users\justi\Documents\GitHub\AlexsMobs-26.2\src\main\java\com\github\alexthe666\alexsmobs\entity\ai\TameableAITempt.java:35: error: incompatible types: TargetingConditions cannot be converted to Entity
            this.player = this.mob.level().getNearestPlayer(this.targetingConditions, this.mob);
                                                                ^
C:\Users\justi\Documents\GitHub\AlexsMobs-26.2\src\main\java\com\github\alexthe666\alexsmobs\entity\EntityFlutter.java:289: error: cannot find symbol
                    this.gameEvent(GameEvent.ENTITY_ROAR);
                                            ^
  symbol:   variable ENTITY_ROAR
  location: class GameEvent
C:\Users\justi\Documents\GitHub\AlexsMobs-26.2\src\main\java\com\github\alexthe666\alexsmobs\entity\EntityFlutter.java:406: error: cannot find symbol
        } else if (!isTame() && itemstack.is(ItemTags.FLOWERS)) {
                                                     ^
  symbol:   variable FLOWERS
  location: class ItemTags
C:\Users\justi\Documents\GitHub\AlexsMobs-26.2\src\main\java\com\github\alexthe666\alexsmobs\entity\EntityFlutter.java:411: error: cannot find symbol
        if (isTame() && itemstack.is(ItemTags.FLOWERS) && this.getHealth() < this.getMaxHealth()) {
                                             ^
  symbol:   variable FLOWERS
  location: class ItemTags
C:\Users\justi\Documents\GitHub\AlexsMobs-26.2\src\main\java\com\github\alexthe666\alexsmobs\entity\EntityFlutter.java:414: error: cannot find symbol
            this.playSound(SoundEvents.CAT_EAT.value(), this.getSoundVolume(), this.getVoicePitch());
                                      ^
  symbol:   variable CAT_EAT
  location: class SoundEvents
C:\Users\justi\Documents\GitHub\AlexsMobs-26.2\src\main\java\com\github\alexthe666\alexsmobs\entity\EntityFlutter.java:419: error: cannot find symbol
        if (interactionresult != InteractionResult.SUCCESS && type != InteractionResult.SUCCESS && isTame() && isOwnedBy(player) && !isFood(itemstack) && !itemstack.is(ItemTags.FLOWERS)) {
                                                                                                                                                                                ^
  symbol:   variable FLOWERS
  location: class ItemTags
C:\Users\justi\Documents\GitHub\AlexsMobs-26.2\src\main\java\com\github\alexthe666\alexsmobs\entity\EntityFlutter.java:423: error: cannot find symbol
            } else if (itemstack.is(Tags.Items.SHEARS) && this.isPotted()) {
                                              ^
  symbol:   variable SHEARS
  location: class Items
C:\Users\justi\Documents\GitHub\AlexsMobs-26.2\src\main\java\com\github\alexthe666\alexsmobs\entity\EntityFlutter.java:433: error: cannot find symbol
                return InteractionResult.sidedSuccess(this.level().isClientSide());
                                        ^
  symbol:   method sidedSuccess(boolean)
  location: interface InteractionResult
C:\Users\justi\Documents\GitHub\AlexsMobs-26.2\src\main\java\com\github\alexthe666\alexsmobs\entity\EntityFlutter.java:439: error: cannot find symbol
                player.displayClientMessage(Component.translatable("entity.alexsmobs.all.command_" + this.getCommand(), this.getName()), true);
                      ^
  symbol:   method displayClientMessage(MutableComponent,boolean)
  location: variable player of type Player
C:\Users\justi\Documents\GitHub\AlexsMobs-26.2\src\main\java\com\github\alexthe666\alexsmobs\entity\EntityFlutter.java:486: error: isAlliedTo(Entity) in EntityFlutter cannot override isAlliedTo(@org.jspecify.annotations.Nullable Entity) in Entity
    public boolean isAlliedTo(Entity entityIn) {
                   ^
  overridden method is final
C:\Users\justi\Documents\GitHub\AlexsMobs-26.2\src\main\java\com\github\alexthe666\alexsmobs\entity\EntityFlutter.java:602: error: incompatible types: CompoundTag cannot be converted to ValueOutput
        this.addAdditionalSaveData(platTag);
                                   ^
C:\Users\justi\Documents\GitHub\AlexsMobs-26.2\src\main\java\com\github\alexthe666\alexsmobs\entity\EntityFlutter.java:603: error: cannot find symbol
        stack.getOrCreateTag().put("FlutterData", platTag);
             ^
  symbol:   method getOrCreateTag()
  location: variable stack of type ItemStack
C:\Users\justi\Documents\GitHub\AlexsMobs-26.2\src\main\java\com\github\alexthe666\alexsmobs\entity\EntityFlutter.java:605: error: cannot find symbol
            stack.setCustomName(this.getCustomName());
                 ^
  symbol:   method setCustomName(Component)
  location: variable stack of type ItemStack
C:\Users\justi\Documents\GitHub\AlexsMobs-26.2\src\main\java\com\github\alexthe666\alexsmobs\entity\EntityFlutter.java:623: error: cannot find symbol
        return !hasEatenFlower(stack) && stack.is(ItemTags.FLOWERS);
                                                          ^
  symbol:   variable FLOWERS
  location: class ItemTags
C:\Users\justi\Documents\GitHub\AlexsMobs-26.2\src\main\java\com\github\alexthe666\alexsmobs\client\model\ModelFly.java:55: error: cannot find symbol
        if (entity != null && entity.isBaby()) {
            ^
  symbol:   variable entity
  location: class ModelFly
C:\Users\justi\Documents\GitHub\AlexsMobs-26.2\src\main\java\com\github\alexthe666\alexsmobs\client\model\ModelFly.java:55: error: cannot find symbol
        if (entity != null && entity.isBaby()) {
                              ^
  symbol:   variable entity
  location: class ModelFly
C:\Users\justi\Documents\GitHub\AlexsMobs-26.2\src\main\java\com\github\alexthe666\alexsmobs\entity\EntityFly.java:61: error: cannot find symbol
        this.setPathfindingMalus(PathType.DANGER_FIRE, -1.0F);
                                         ^
  symbol:   variable DANGER_FIRE
  location: class PathType
C:\Users\justi\Documents\GitHub\AlexsMobs-26.2\src\main\java\com\github\alexthe666\alexsmobs\entity\EntityFly.java:150: error: method of in class Ingredient cannot be applied to given types;
        this.goalSelector.addGoal(2, new TemptGoal(this, 1.25D, Ingredient.of(AMTagRegistry.FLY_BREEDABLES, AMTagRegistry.FLY_FOODSTUFFS), false));
                                                                          ^
  required: ItemLike[]
  found:    TagKey<Item>,TagKey<Item>
  reason: varargs mismatch; TagKey<Item> cannot be converted to ItemLike
C:\Users\justi\Documents\GitHub\AlexsMobs-26.2\src\main\java\com\github\alexthe666\alexsmobs\entity\EntityFly.java:166: error: cannot find symbol
        flyingpathnavigator.setCanPassDoors(true);
                           ^
  symbol:   method setCanPassDoors(boolean)
  location: variable flyingpathnavigator of type FlyingPathNavigation
C:\Users\justi\Documents\GitHub\AlexsMobs-26.2\src\main\java\com\github\alexthe666\alexsmobs\entity\EntityFly.java:171: error: height has private access in EntityDimensions
        return this.isBaby() ? sizeIn.height * 0.5F : sizeIn.height * 0.5F;
                                     ^
C:\Users\justi\Documents\GitHub\AlexsMobs-26.2\src\main\java\com\github\alexthe666\alexsmobs\entity\EntityFly.java:171: error: height has private access in EntityDimensions
        return this.isBaby() ? sizeIn.height * 0.5F : sizeIn.height * 0.5F;
                                                            ^
C:\Users\justi\Documents\GitHub\AlexsMobs-26.2\src\main\java\com\github\alexthe666\alexsmobs\entity\EntityFly.java:198: error: cannot find symbol
                    mosquito.finalizeSpawn((ServerLevelAccessor)level(), level().getCurrentDifficultyAt(this.blockPosition()), EntitySpawnReason.CONVERSION, null);
                                                                                ^
  symbol:   method getCurrentDifficultyAt(BlockPos)
  location: class Level
C:\Users\justi\Documents\GitHub\AlexsMobs-26.2\src\main\java\com\github\alexthe666\alexsmobs\entity\EntityFly.java:246: error: method does not override or implement a method from a supertype
    @Override
    ^
C:\Users\justi\Documents\GitHub\AlexsMobs-26.2\src\main\java\com\github\alexthe666\alexsmobs\entity\EntityFlyingFish.java:271: error: method does not override or implement a method from a supertype
    @Override
    ^
C:\Users\justi\Documents\GitHub\AlexsMobs-26.2\src\main\java\com\github\alexthe666\alexsmobs\entity\EntityFlyingFish.java:289: error: cannot find symbol
        return SoundEvents.BUCKET_FILL_FISH.value();
                                           ^
  symbol:   method value()
  location: variable BUCKET_FILL_FISH of type SoundEvent
C:\Users\justi\Documents\GitHub\AlexsMobs-26.2\src\main\java\com\github\alexthe666\alexsmobs\entity\EntityFlyingFish.java:308: error: cannot find symbol
            stack.setCustomName(this.getCustomName());
                 ^
  symbol:   method setCustomName(Component)
  location: variable stack of type ItemStack
C:\Users\justi\Documents\GitHub\AlexsMobs-26.2\src\main\java\com\github\alexthe666\alexsmobs\entity\EntityFlyingFish.java:316: error: cannot find symbol
            bucket.setCustomName(this.getCustomName());
                  ^
  symbol:   method setCustomName(Component)
  location: variable bucket of type ItemStack
C:\Users\justi\Documents\GitHub\AlexsMobs-26.2\src\main\java\com\github\alexthe666\alexsmobs\entity\EntityFlyingFish.java:319: error: cannot find symbol
        CompoundTag compound = bucket.getOrCreateTag();
                                     ^
  symbol:   method getOrCreateTag()
  location: variable bucket of type ItemStack
C:\Users\justi\Documents\GitHub\AlexsMobs-26.2\src\main\java\com\github\alexthe666\alexsmobs\entity\EntityFlyingFish.java:345: error: method does not override or implement a method from a supertype
    @Override
    ^
C:\Users\justi\Documents\GitHub\AlexsMobs-26.2\src\main\java\com\github\alexthe666\alexsmobs\entity\EntityFlyingFish.java:348: error: cannot find symbol
        return Bucketable.bucketMobPickup(player, hand, this).orElse(super.mobInteract(player, hand));
                                                  ^
  symbol:   variable hand
  location: class EntityFlyingFish
C:\Users\justi\Documents\GitHub\AlexsMobs-26.2\src\main\java\com\github\alexthe666\alexsmobs\entity\EntityFlyingFish.java:348: error: cannot find symbol
        return Bucketable.bucketMobPickup(player, hand, this).orElse(super.mobInteract(player, hand));
                                                                                               ^
  symbol:   variable hand
  location: class EntityFlyingFish
C:\Users\justi\Documents\GitHub\AlexsMobs-26.2\src\main\java\com\github\alexthe666\alexsmobs\entity\EntityFrilledShark.java:126: error: cannot find symbol
        this.goalSelector.addGoal(6, new FollowBoatGoal(this));
                                         ^
  symbol:   class FollowBoatGoal
  location: class EntityFrilledShark
C:\Users\justi\Documents\GitHub\AlexsMobs-26.2\src\main\java\com\github\alexthe666\alexsmobs\entity\EntityFrilledShark.java:156: error: cannot find symbol
        return SoundEvents.BUCKET_FILL_FISH.value();
                                           ^
  symbol:   method value()
  location: variable BUCKET_FILL_FISH of type SoundEvent
C:\Users\justi\Documents\GitHub\AlexsMobs-26.2\src\main\java\com\github\alexthe666\alexsmobs\entity\EntityFrilledShark.java:204: error: no suitable method found for set(EntityDataAccessor<Boolean>)
        this.entityData.set(DEPRESSURIZED);
                       ^
    method SynchedEntityData.<T#1>set(EntityDataAccessor<T#1>,T#1) is not applicable
      (cannot infer type-variable(s) T#1
        (actual and formal argument lists differ in length))
    method SynchedEntityData.<T#2>set(EntityDataAccessor<T#2>,T#2,boolean) is not applicable
      (cannot infer type-variable(s) T#2
        (actual and formal argument lists differ in length))
  where T#1,T#2 are type-variables:
    T#1 extends Object declared in method <T#1>set(EntityDataAccessor<T#1>,T#1)
    T#2 extends Object declared in method <T#2>set(EntityDataAccessor<T#2>,T#2,boolean)
C:\Users\justi\Documents\GitHub\AlexsMobs-26.2\src\main\java\com\github\alexthe666\alexsmobs\entity\EntityFrilledShark.java:224: error: cannot find symbol
            stack.setCustomName(this.getCustomName());
                 ^
  symbol:   method setCustomName(Component)
  location: variable stack of type ItemStack
C:\Users\justi\Documents\GitHub\AlexsMobs-26.2\src\main\java\com\github\alexthe666\alexsmobs\entity\EntityFrilledShark.java:232: error: cannot find symbol
            bucket.setCustomName(this.getCustomName());
                  ^
  symbol:   method setCustomName(Component)
  location: variable bucket of type ItemStack
C:\Users\justi\Documents\GitHub\AlexsMobs-26.2\src\main\java\com\github\alexthe666\alexsmobs\entity\EntityFrilledShark.java:235: error: incompatible types: CompoundTag cannot be converted to ValueOutput
        this.addAdditionalSaveData(platTag);
                                   ^
C:\Users\justi\Documents\GitHub\AlexsMobs-26.2\src\main\java\com\github\alexthe666\alexsmobs\entity\EntityFrilledShark.java:236: error: cannot find symbol
        CompoundTag compound = bucket.getOrCreateTag();
                                     ^
  symbol:   method getOrCreateTag()
  location: variable bucket of type ItemStack
C:\Users\justi\Documents\GitHub\AlexsMobs-26.2\src\main\java\com\github\alexthe666\alexsmobs\entity\EntityFrilledShark.java:243: error: incompatible types: CompoundTag cannot be converted to ValueInput
            this.readAdditionalSaveData(compound.getCompoundOrEmpty("FrilledSharkData"));
                                                                   ^
C:\Users\justi\Documents\GitHub\AlexsMobs-26.2\src\main\java\com\github\alexthe666\alexsmobs\entity\EntityFrilledShark.java:296: error: incompatible types: void cannot be converted to boolean
            if (this.getTarget().hurt(this.damageSources().mobAttack(this), (float) this.getAttribute(Attributes.ATTACK_DAMAGE).getBaseValue())){
                                     ^
C:\Users\justi\Documents\GitHub\AlexsMobs-26.2\src\main\java\com\github\alexthe666\alexsmobs\entity\EntityFrilledShark.java:398: error: cannot find symbol
                    EntityFrilledShark.this.doHurtTarget((ServerLevel) this.level(), target);
                                                                           ^
  symbol: method level()
C:\Users\justi\Documents\GitHub\AlexsMobs-26.2\src\main\java\com\github\alexthe666\alexsmobs\entity\EntityFrilledShark.java:406: error: cannot find symbol
                        ((Squid) target).setMovementVector((float) (mouth.x - target.getX()) * squidSpeed, (float) (mouth.y - target.getEyeY()) * squidSpeed, (float) (mouth.z - target.getZ()) * squidSpeed);
                                        ^
  symbol:   method setMovementVector(float,float,float)
  location: class Squid
C:\Users\justi\Documents\GitHub\AlexsMobs-26.2\src\main\java\com\github\alexthe666\alexsmobs\client\model\ModelFroststalker.java:119: error: cannot find symbol
        if (entity != null && entity.isBaby()) {
            ^
  symbol:   variable entity
  location: class ModelFroststalker
C:\Users\justi\Documents\GitHub\AlexsMobs-26.2\src\main\java\com\github\alexthe666\alexsmobs\client\model\ModelFroststalker.java:119: error: cannot find symbol
        if (entity != null && entity.isBaby()) {
                              ^
  symbol:   variable entity
  location: class ModelFroststalker
C:\Users\justi\Documents\GitHub\AlexsMobs-26.2\src\main\java\com\github\alexthe666\alexsmobs\entity\EntityFroststalker.java:92: error: cannot find symbol
        this.setPathfindingMalus(PathType.DANGER_FIRE, -1.0F);
                                         ^
  symbol:   variable DANGER_FIRE
  location: class PathType
C:\Users\justi\Documents\GitHub\AlexsMobs-26.2\src\main\java\com\github\alexthe666\alexsmobs\entity\EntityFroststalker.java:93: error: cannot find symbol
        this.setPathfindingMalus(PathType.DAMAGE_FIRE, -1.0F);
                                         ^
  symbol:   variable DAMAGE_FIRE
  location: class PathType
C:\Users\justi\Documents\GitHub\AlexsMobs-26.2\src\main\java\com\github\alexthe666\alexsmobs\entity\EntityFroststalker.java:118: error: cannot find symbol
        return this.hasSpikes() ? SPIKED_LOOT : super.getDefaultLootTable();
                                                     ^
  symbol: method getDefaultLootTable()
C:\Users\justi\Documents\GitHub\AlexsMobs-26.2\src\main\java\com\github\alexthe666\alexsmobs\entity\EntityFroststalker.java:169: error: cannot infer type arguments for NearestAttackableTargetGoal<>
        this.targetSelector.addGoal(2, new NearestAttackableTargetGoal<>(this, LivingEntity.class, 40, false, true, AMEntityRegistry.buildPredicateFromTag(AMTagRegistry.FROSTSTALKER_TARGETS)));
                                       ^
C:\Users\justi\Documents\GitHub\AlexsMobs-26.2\src\main\java\com\github\alexthe666\alexsmobs\entity\EntityFroststalker.java:170: error: cannot infer type arguments for NearestAttackableTargetGoal<>
        this.targetSelector.addGoal(3, new NearestAttackableTargetGoal<>(this, Player.class, 80, false, true, (livingEntity -> {
                                       ^
C:\Users\justi\Documents\GitHub\AlexsMobs-26.2\src\main\java\com\github\alexthe666\alexsmobs\entity\EntityFroststalker.java:221: error: cannot find symbol
        return this.leader == null ? super.getRestrictCenter() : this.leader.getOnPos();
                                          ^
  symbol: method getRestrictCenter()
C:\Users\justi\Documents\GitHub\AlexsMobs-26.2\src\main\java\com\github\alexthe666\alexsmobs\entity\EntityFroststalker.java:426: error: cannot find symbol
            return this.level().getBiome(new BlockPos(i, 0, k)).is(BiomeTags.SNOW_GOLEM_MELTS);
                                                                            ^
  symbol:   variable SNOW_GOLEM_MELTS
  location: class BiomeTags
C:\Users\justi\Documents\GitHub\AlexsMobs-26.2\src\main\java\com\github\alexthe666\alexsmobs\entity\EntityFroststalker.java:441: error: jumpFromGround() in EntityFroststalker cannot override jumpFromGround() in LivingEntity
    protected void jumpFromGround() {
                   ^
  attempting to assign weaker access privileges; was public
C:\Users\justi\Documents\GitHub\AlexsMobs-26.2\src\main\java\com\github\alexthe666\alexsmobs\entity\EntityFroststalker.java:448: error: cannot find symbol
        net.neoforged.neoforge.common.ForgeHooks.onLivingJump(this);
                                     ^
  symbol:   class ForgeHooks
  location: package net.neoforged.neoforge.common
C:\Users\justi\Documents\GitHub\AlexsMobs-26.2\src\main\java\com\github\alexthe666\alexsmobs\entity\EntityFroststalker.java:616: error: method does not override or implement a method from a supertype
    @Override
    ^
C:\Users\justi\Documents\GitHub\AlexsMobs-26.2\src\main\java\com\github\alexthe666\alexsmobs\entity\EntityFroststalker.java:618: error: incompatible types: ResourceKey<Enchantment> cannot be converted to Holder<Enchantment>
        int i = EnchantmentHelper.getEnchantmentLevel(Enchantments.FROST_WALKER, this);
                                                                  ^
C:\Users\justi\Documents\GitHub\AlexsMobs-26.2\src\main\java\com\github\alexthe666\alexsmobs\entity\EntityFroststalker.java:620: error: cannot find symbol
            FrostWalkerEnchantment.onEntityMoved(this, this.level(), pos, i == 0 ? -1 : i);
            ^
  symbol:   variable FrostWalkerEnchantment
  location: class EntityFroststalker
C:\Users\justi\Documents\GitHub\AlexsMobs-26.2\src\main\java\com\github\alexthe666\alexsmobs\entity\EntityFroststalker.java:622: error: cannot find symbol
        if (this.shouldRemoveSoulSpeed(this.getBlockStateOn())) {
                ^
  symbol: method shouldRemoveSoulSpeed(BlockState)
C:\Users\justi\Documents\GitHub\AlexsMobs-26.2\src\main\java\com\github\alexthe666\alexsmobs\entity\EntityFroststalker.java:623: error: cannot find symbol
            this.removeSoulSpeed();
                ^
  symbol: method removeSoulSpeed()
C:\Users\justi\Documents\GitHub\AlexsMobs-26.2\src\main\java\com\github\alexthe666\alexsmobs\entity\EntityFroststalker.java:625: error: cannot find symbol
        this.tryAddSoulSpeed();
            ^
  symbol: method tryAddSoulSpeed()
C:\Users\justi\Documents\GitHub\AlexsMobs-26.2\src\main\java\com\github\alexthe666\alexsmobs\entity\EntityFroststalker.java:631: error: cannot find symbol
        this.getAttribute(Attributes.FOLLOW_RANGE).addPermanentModifier(new AttributeModifier("Random spawn bonus", this.random.nextGaussian() * 0.05D, AttributeModifier.Operation.MULTIPLY_BASE));
                                                                                                                                                                                   ^
  symbol:   variable MULTIPLY_BASE
  location: class Operation
C:\Users\justi\Documents\GitHub\AlexsMobs-26.2\src\main\java\com\github\alexthe666\alexsmobs\client\model\ModelGazelle.java:262: error: cannot find symbol
        if (entity != null && entity.isBaby()) {
            ^
  symbol:   variable entity
  location: class ModelGazelle
C:\Users\justi\Documents\GitHub\AlexsMobs-26.2\src\main\java\com\github\alexthe666\alexsmobs\client\model\ModelGazelle.java:262: error: cannot find symbol
        if (entity != null && entity.isBaby()) {
                              ^
  symbol:   variable entity
  location: class ModelGazelle
C:\Users\justi\Documents\GitHub\AlexsMobs-26.2\src\main\java\com\github\alexthe666\alexsmobs\entity\EntityGeladaMonkey.java:102: error: cannot find symbol
                return super.getAttackReachSqr(attackTarget) + 1.5D;
                            ^
  symbol: method getAttackReachSqr(LivingEntity)
C:\Users\justi\Documents\GitHub\AlexsMobs-26.2\src\main\java\com\github\alexthe666\alexsmobs\entity\EntityGeladaMonkey.java:119: error: method of in class Ingredient cannot be applied to given types;
        this.goalSelector.addGoal(6, new TemptGoal(this, 1.0D, Ingredient.of(AMTagRegistry.GELADA_MONKEY_BREEDABLES, AMTagRegistry.GELADA_MONKEY_LAND_CLEARING_FOODS), false));
                                                                         ^
  required: ItemLike[]
  found:    TagKey<Item>,TagKey<Item>
  reason: varargs mismatch; TagKey<Item> cannot be converted to ItemLike
C:\Users\justi\Documents\GitHub\AlexsMobs-26.2\src\main\java\com\github\alexthe666\alexsmobs\entity\EntityGeladaMonkey.java:125: error: incompatible types: incompatible parameter types in lambda expression
        this.targetSelector.addGoal(2, leaderFightGoal = new NearestAttackableTargetGoal<EntityGeladaMonkey>(this, EntityGeladaMonkey.class, 70, false, false, (monkey) -> {
                                                                                                                                                               ^
C:\Users\justi\Documents\GitHub\AlexsMobs-26.2\src\main\java\com\github\alexthe666\alexsmobs\entity\EntityGiantSquid.java:499: error: cannot find symbol
            return super.collide(movement);
                        ^
  symbol: method collide(Vec3)
C:\Users\justi\Documents\GitHub\AlexsMobs-26.2\src\main\java\com\github\alexthe666\alexsmobs\entity\EntityGiantSquid.java:508: error: cannot find symbol
            if (this.getStepHeight() > 0.0F && flag3 && (flag || flag2)) {
                    ^
  symbol: method getStepHeight()
C:\Users\justi\Documents\GitHub\AlexsMobs-26.2\src\main\java\com\github\alexthe666\alexsmobs\entity\EntityGiantSquid.java:509: error: cannot find symbol
                Vec3 vec31 = collideBoundingBox(this, new Vec3(movement.x, this.getStepHeight(), movement.z), aabb, this.level(), list);
                                                                               ^
  symbol: method getStepHeight()
C:\Users\justi\Documents\GitHub\AlexsMobs-26.2\src\main\java\com\github\alexthe666\alexsmobs\entity\EntityGiantSquid.java:510: error: cannot find symbol
                Vec3 vec32 = collideBoundingBox(this, new Vec3(0.0D, this.getStepHeight(), 0.0D), aabb.expandTowards(movement.x, 0.0D, movement.z), this.level(), list);
                                                                         ^
  symbol: method getStepHeight()
C:\Users\justi\Documents\GitHub\AlexsMobs-26.2\src\main\java\com\github\alexthe666\alexsmobs\entity\EntityGiantSquid.java:511: error: cannot find symbol
                if (vec32.y < (double) this.getStepHeight()) {
                                           ^
  symbol: method getStepHeight()
C:\Users\justi\Documents\GitHub\AlexsMobs-26.2\src\main\java\com\github\alexthe666\alexsmobs\entity\EntityGiantSquid.java:627: error: hurt(DamageSource,float) in EntityGiantSquid cannot override hurt(DamageSource,float) in Entity
    public boolean hurt(DamageSource src, float f) {
                   ^
  overridden method is final
C:\Users\justi\Documents\GitHub\AlexsMobs-26.2\src\main\java\com\github\alexthe666\alexsmobs\entity\EntityGiantSquid.java:628: error: 'void' type not allowed here
        if (super.hurt(src, f) && this.getLastHurtByMob() != null && !this.isCaptured() && random.nextBoolean()) {
                      ^
C:\Users\justi\Documents\GitHub\AlexsMobs-26.2\src\main\java\com\github\alexthe666\alexsmobs\entity\EntityGiantSquidPart.java:57: error: method does not override or implement a method from a supertype
    @Override
    ^
C:\Users\justi\Documents\GitHub\AlexsMobs-26.2\src\main\java\com\github\alexthe666\alexsmobs\entity\EntityGiantSquidPart.java:94: error: method isInvulnerableTo in class EntityGiantSquid cannot be applied to given types;
        if(this.level().isClientSide() && this.getParent() != null && !this.getParent().isInvulnerableTo(source) && !collisionOnly){
                                                                                       ^
  required: ServerLevel,DamageSource
  found:    DamageSource
  reason: actual and formal argument lists differ in length
C:\Users\justi\Documents\GitHub\AlexsMobs-26.2\src\main\java\com\github\alexthe666\alexsmobs\entity\EntityGiantSquidPart.java:97: error: cannot find symbol
        return !collisionOnly && !this.isInvulnerableTo(level, source) && this.getParent().attackEntityPartFrom(this, source, amount);
                                      ^
  symbol: method isInvulnerableTo(ServerLevel,DamageSource)
C:\Users\justi\Documents\GitHub\AlexsMobs-26.2\src\main\java\com\github\alexthe666\alexsmobs\client\model\ModelGorilla.java:173: error: cannot find symbol
		if (entity != null && entity.isBaby()) {
		    ^
  symbol:   variable entity
  location: class ModelGorilla
C:\Users\justi\Documents\GitHub\AlexsMobs-26.2\src\main\java\com\github\alexthe666\alexsmobs\client\model\ModelGorilla.java:173: error: cannot find symbol
		if (entity != null && entity.isBaby()) {
		                      ^
  symbol:   variable entity
  location: class ModelGorilla
C:\Users\justi\Documents\GitHub\AlexsMobs-26.2\src\main\java\com\github\alexthe666\alexsmobs\entity\EntityGorilla.java:211: error: cannot find symbol
        List<? extends EntityGorilla> list = world.getEntitiesOfClass(this.getClass(), this.getBoundingBox().inflate(dist, dist / 2, dist));
                                                                                                                     ^
  symbol:   variable dist
  location: class EntityGorilla
C:\Users\justi\Documents\GitHub\AlexsMobs-26.2\src\main\java\com\github\alexthe666\alexsmobs\entity\EntityGorilla.java:211: error: cannot find symbol
        List<? extends EntityGorilla> list = world.getEntitiesOfClass(this.getClass(), this.getBoundingBox().inflate(dist, dist / 2, dist));
                                                                                                                           ^
  symbol:   variable dist
  location: class EntityGorilla
C:\Users\justi\Documents\GitHub\AlexsMobs-26.2\src\main\java\com\github\alexthe666\alexsmobs\entity\EntityGorilla.java:211: error: cannot find symbol
        List<? extends EntityGorilla> list = world.getEntitiesOfClass(this.getClass(), this.getBoundingBox().inflate(dist, dist / 2, dist));
                                                                                                                                     ^
  symbol:   variable dist
  location: class EntityGorilla
C:\Users\justi\Documents\GitHub\AlexsMobs-26.2\src\main\java\com\github\alexthe666\alexsmobs\entity\EntityGorilla.java:229: error: getDimensions(Pose) in EntityGorilla cannot override getDimensions(Pose) in LivingEntity
    public EntityDimensions getDimensions(Pose poseIn) {
                            ^
  overridden method is final
C:\Users\justi\Documents\GitHub\AlexsMobs-26.2\src\main\java\com\github\alexthe666\alexsmobs\entity\EntityGorilla.java:248: error: cannot find symbol
            passenger.setPos(this.getX() + extraX, this.getY() + this.getPassengersRidingOffset() + passenger.getMyRidingOffset(), this.getZ() + extraZ);
                                                                                                             ^
  symbol:   method getMyRidingOffset()
  location: variable passenger of type Entity
C:\Users\justi\Documents\GitHub\AlexsMobs-26.2\src\main\java\com\github\alexthe666\alexsmobs\entity\EntityGorilla.java:394: error: method setTame in class TamableAnimal cannot be applied to given types;
                            this.setTame(true);
                                ^
  required: boolean,boolean
  found:    boolean
  reason: actual and formal argument lists differ in length
C:\Users\justi\Documents\GitHub\AlexsMobs-26.2\src\main\java\com\github\alexthe666\alexsmobs\entity\EntityGorilla.java:395: error: cannot find symbol
                            this.setOwnerUUID(this.bananaThrowerID);
                                ^
  symbol: method setOwnerUUID(UUID)
C:\Users\justi\Documents\GitHub\AlexsMobs-26.2\src\main\java\com\github\alexthe666\alexsmobs\entity\EntityGorilla.java:405: error: cannot find symbol
                    if (stack.hasCraftingRemainingItem()) {
                             ^
  symbol:   method hasCraftingRemainingItem()
  location: variable stack of type ItemStack
C:\Users\justi\Documents\GitHub\AlexsMobs-26.2\src\main\java\com\github\alexthe666\alexsmobs\entity\EntityGorilla.java:406: error: cannot find symbol
                        this.spawnAtLocation((ServerLevel) this.level(), stack.getCraftingRemainingItem());
                                                                              ^
  symbol:   method getCraftingRemainingItem()
  location: variable stack of type ItemStack
C:\Users\justi\Documents\GitHub\AlexsMobs-26.2\src\main\java\com\github\alexthe666\alexsmobs\client\model\ModelGrizzlyBear.java:182: error: cannot find symbol
        if (entity != null && entity.isBaby()) {
            ^
  symbol:   variable entity
  location: class ModelGrizzlyBear
C:\Users\justi\Documents\GitHub\AlexsMobs-26.2\src\main\java\com\github\alexthe666\alexsmobs\client\model\ModelGrizzlyBear.java:182: error: cannot find symbol
        if (entity != null && entity.isBaby()) {
                              ^
  symbol:   variable entity
  location: class ModelGrizzlyBear
C:\Users\justi\Documents\GitHub\AlexsMobs-26.2\src\main\java\com\github\alexthe666\alexsmobs\entity\EntityGrizzlyBear.java:64: error: EntityGrizzlyBear is not abstract and does not override abstract method setPersistentAngerEndTime(long) in NeutralMob
public class EntityGrizzlyBear extends TamableAnimal implements NeutralMob, IAnimatedEntity, ITargetsDroppedItems, IFollower {
       ^
C:\Users\justi\Documents\GitHub\AlexsMobs-26.2\src\main\java\com\github\alexthe666\alexsmobs\entity\EntityGrizzlyBear.java:110: error: getDimensions(Pose) in EntityGrizzlyBear cannot override getDimensions(Pose) in LivingEntity
    public EntityDimensions getDimensions(Pose poseIn) {
                            ^
  overridden method is final
C:\Users\justi\Documents\GitHub\AlexsMobs-26.2\src\main\java\com\github\alexthe666\alexsmobs\entity\EntityGrizzlyBear.java:151: error: cannot find symbol
            passenger.setPos(this.getX() + extraX, this.getY() + this.getPassengersRidingOffset() + passenger.getMyRidingOffset(), this.getZ() + extraZ);
                                                                                                             ^
  symbol:   method getMyRidingOffset()
  location: variable passenger of type Entity
C:\Users\justi\Documents\GitHub\AlexsMobs-26.2\src\main\java\com\github\alexthe666\alexsmobs\entity\EntityGrizzlyBear.java:186: error: incompatible types: UUID cannot be converted to EntityReference<LivingEntity>
        return this.angerTarget;
                   ^
C:\Users\justi\Documents\GitHub\AlexsMobs-26.2\src\main\java\com\github\alexthe666\alexsmobs\entity\EntityGrizzlyBear.java:190: error: incompatible types: EntityReference<LivingEntity> cannot be converted to UUID
        this.angerTarget = target;
                           ^
C:\Users\justi\Documents\GitHub\AlexsMobs-26.2\src\main\java\com\github\alexthe666\alexsmobs\entity\EntityGrizzlyBear.java:220: error: incompatible types: Predicate<LivingEntity> cannot be converted to Selector
        this.targetSelector.addGoal(7, new NonTameRandomTargetGoal<>(this, Fox.class, false, (Predicate<LivingEntity>)null));
                                                                                             ^
C:\Users\justi\Documents\GitHub\AlexsMobs-26.2\src\main\java\com\github\alexthe666\alexsmobs\entity\EntityGrizzlyBear.java:221: error: incompatible types: Predicate<LivingEntity> cannot be converted to Selector
        this.targetSelector.addGoal(8, new NonTameRandomTargetGoal<>(this, Wolf.class, false, (Predicate<LivingEntity>)null));
                                                                                              ^
C:\Users\justi\Documents\GitHub\AlexsMobs-26.2\src\main\java\com\github\alexthe666\alexsmobs\entity\EntityGrizzlyBear.java:293: error: cannot find symbol
                itemstack.hurt(1, this.getRandom(), player instanceof ServerPlayer ? (ServerPlayer)player : null);
                         ^
  symbol:   method hurt(int,RandomSource,player ins[...] null)
  location: variable itemstack of type ItemStack
C:\Users\justi\Documents\GitHub\AlexsMobs-26.2\src\main\java\com\github\alexthe666\alexsmobs\entity\EntityGrizzlyBear.java:311: error: cannot find symbol
                player.displayClientMessage(Component.translatable("entity.alexsmobs.all.command_" + this.getCommand(), this.getName()), true);
                      ^
  symbol:   method displayClientMessage(MutableComponent,boolean)
  location: variable player of type Player
C:\Users\justi\Documents\GitHub\AlexsMobs-26.2\src\main\java\com\github\alexthe666\alexsmobs\entity\EntityGrizzlyBear.java:430: error: method setTame in class TamableAnimal cannot be applied to given types;
                           this.setTame(true);
                               ^
  required: boolean,boolean
  found:    boolean
  reason: actual and formal argument lists differ in length
C:\Users\justi\Documents\GitHub\AlexsMobs-26.2\src\main\java\com\github\alexthe666\alexsmobs\entity\EntityGrizzlyBear.java:431: error: cannot find symbol
                           this.setOwnerUUID(this.salmonThrowerID);
                               ^
  symbol: method setOwnerUUID(UUID)
C:\Users\justi\Documents\GitHub\AlexsMobs-26.2\src\main\java\com\github\alexthe666\alexsmobs\entity\EntityGrizzlyBear.java:441: error: cannot find symbol
                    if(stack.hasCraftingRemainingItem()){
                            ^
  symbol:   method hasCraftingRemainingItem()
  location: variable stack of type ItemStack
C:\Users\justi\Documents\GitHub\AlexsMobs-26.2\src\main\java\com\github\alexthe666\alexsmobs\entity\EntityGrizzlyBear.java:442: error: cannot find symbol
                        this.spawnAtLocation((ServerLevel) this.level(), stack.getCraftingRemainingItem());
                                                                              ^
  symbol:   method getCraftingRemainingItem()
  location: variable stack of type ItemStack
C:\Users\justi\Documents\GitHub\AlexsMobs-26.2\src\main\java\com\github\alexthe666\alexsmobs\entity\EntityGrizzlyBear.java:563: error: method getPrecipitationAt in class Biome cannot be applied to given types;
            return world.getBiome(position).value().getPrecipitationAt(position) == Biome.Precipitation.SNOW;
                                                   ^
  required: BlockPos,int
  found:    BlockPos
  reason: actual and formal argument lists differ in length
C:\Users\justi\Documents\GitHub\AlexsMobs-26.2\src\main\java\com\github\alexthe666\alexsmobs\entity\EntityGrizzlyBear.java:567: error: isAlliedTo(Entity) in EntityGrizzlyBear cannot override isAlliedTo(@org.jspecify.annotations.Nullable Entity) in Entity
    public boolean isAlliedTo(Entity entityIn) {
                   ^
  overridden method is final
C:\Users\justi\Documents\GitHub\AlexsMobs-26.2\src\main\java\com\github\alexthe666\alexsmobs\client\model\ModelGuster.java:149: error: method does not override or implement a method from a supertype
    @Override
    ^
C:\Users\justi\Documents\GitHub\AlexsMobs-26.2\src\main\java\com\github\alexthe666\alexsmobs\entity\EntityGuster.java:124: error: cannot find symbol
        return this.getVariant() == 2 ? SOUL_LOOT : this.getVariant() == 1 ? RED_LOOT : super.getDefaultLootTable();
                                                                                             ^
  symbol: method getDefaultLootTable()
C:\Users\justi\Documents\GitHub\AlexsMobs-26.2\src\main\java\com\github\alexthe666\alexsmobs\entity\EntityGuster.java:133: error: cannot find symbol
        return spawnBlock && (!AMConfig.limitGusterSpawnsToWeather || worldIn.getLevelData() != null && (worldIn.getLevelData().isThundering() || worldIn.getLevelData().isRaining()) || isBiomeNether(worldIn, pos));
                                                                                                                               ^
  symbol:   method isThundering()
  location: interface LevelData
C:\Users\justi\Documents\GitHub\AlexsMobs-26.2\src\main\java\com\github\alexthe666\alexsmobs\entity\EntityGuster.java:133: error: cannot find symbol
        return spawnBlock && (!AMConfig.limitGusterSpawnsToWeather || worldIn.getLevelData() != null && (worldIn.getLevelData().isThundering() || worldIn.getLevelData().isRaining()) || isBiomeNether(worldIn, pos));
                                                                                                                                                                        ^
  symbol:   method isRaining()
  location: interface LevelData
C:\Users\justi\Documents\GitHub\AlexsMobs-26.2\src\main\java\com\github\alexthe666\alexsmobs\entity\EntityGuster.java:240: error: no suitable method found for set(EntityDataAccessor<Integer>)
        this.entityData.set(LIFT_ENTITY);
                       ^
    method SynchedEntityData.<T#1>set(EntityDataAccessor<T#1>,T#1) is not applicable
      (cannot infer type-variable(s) T#1
        (actual and formal argument lists differ in length))
    method SynchedEntityData.<T#2>set(EntityDataAccessor<T#2>,T#2,boolean) is not applicable
      (cannot infer type-variable(s) T#2
        (actual and formal argument lists differ in length))
  where T#1,T#2 are type-variables:
    T#1 extends Object declared in method <T#1>set(EntityDataAccessor<T#1>,T#1)
    T#2 extends Object declared in method <T#2>set(EntityDataAccessor<T#2>,T#2,boolean)
C:\Users\justi\Documents\GitHub\AlexsMobs-26.2\src\main\java\com\github\alexthe666\alexsmobs\entity\EntityGust.java:27: error: EntityGust is not abstract and does not override abstract method hurtServer(ServerLevel,DamageSource,float) in Entity
public class EntityGust extends Entity {
       ^
C:\Users\justi\Documents\GitHub\AlexsMobs-26.2\src\main\java\com\github\alexthe666\alexsmobs\entity\EntityGust.java:203: error: cannot find symbol
            this.moveTo(this.getX(), this.getY(), this.getZ(), this.getYRot(), this.getXRot());
                ^
  symbol: method moveTo(double,double,double,float,float)
C:\Users\justi\Documents\GitHub\AlexsMobs-26.2\src\main\java\com\github\alexthe666\alexsmobs\entity\EntityHammerheadShark.java:84: error: cannot find symbol
        this.goalSelector.addGoal(8, new FollowBoatGoal(this));
                                         ^
  symbol:   class FollowBoatGoal
  location: class EntityHammerheadShark
C:\Users\justi\Documents\GitHub\AlexsMobs-26.2\src\main\java\com\github\alexthe666\alexsmobs\entity\EntityHammerheadShark.java:157: error: cannot find symbol
                        shark.doHurtTarget((ServerLevel) this.level(), prey);
                                            ^
  symbol:   class ServerLevel
  location: class CirclePreyGoal
C:\Users\justi\Documents\GitHub\AlexsMobs-26.2\src\main\java\com\github\alexthe666\alexsmobs\entity\EntityHammerheadShark.java:157: error: cannot find symbol
                        shark.doHurtTarget((ServerLevel) this.level(), prey);
                                                             ^
  symbol: method level()
C:\Users\justi\Documents\GitHub\AlexsMobs-26.2\src\main\java\com\github\alexthe666\alexsmobs\entity\EntityHammerheadShark.java:159: error: cannot find symbol
                            shark.spawnAtLocation((ServerLevel) shark.level(), new ItemStack(AMItemRegistry.SHARK_TOOTH.get()));
                                                   ^
  symbol:   class ServerLevel
  location: class CirclePreyGoal
C:\Users\justi\Documents\GitHub\AlexsMobs-26.2\src\main\java\com\github\alexthe666\alexsmobs\client\model\ModelHummingbird.java:143: error: cannot find symbol
        if (entity != null && entity.isBaby()) {
            ^
  symbol:   variable entity
  location: class ModelHummingbird
C:\Users\justi\Documents\GitHub\AlexsMobs-26.2\src\main\java\com\github\alexthe666\alexsmobs\client\model\ModelHummingbird.java:143: error: cannot find symbol
        if (entity != null && entity.isBaby()) {
                              ^
  symbol:   variable entity
  location: class ModelHummingbird
C:\Users\justi\Documents\GitHub\AlexsMobs-26.2\src\main\java\com\github\alexthe666\alexsmobs\entity\EntityHummingbird.java:73: error: cannot find symbol
        this.setPathfindingMalus(PathType.DANGER_FIRE, -1.0F);
                                         ^
  symbol:   variable DANGER_FIRE
  location: class PathType
C:\Users\justi\Documents\GitHub\AlexsMobs-26.2\src\main\java\com\github\alexthe666\alexsmobs\entity\EntityHummingbird.java:139: error: cannot find symbol
        flyingpathnavigator.setCanPassDoors(true);
                           ^
  symbol:   method setCanPassDoors(boolean)
  location: variable flyingpathnavigator of type FlyingPathNavigation
C:\Users\justi\Documents\GitHub\AlexsMobs-26.2\src\main\java\com\github\alexthe666\alexsmobs\entity\EntityHummingbird.java:155: error: height has private access in EntityDimensions
        return this.isBaby() ? sizeIn.height * 0.5F : sizeIn.height * 0.5F;
                                     ^
C:\Users\justi\Documents\GitHub\AlexsMobs-26.2\src\main\java\com\github\alexthe666\alexsmobs\entity\EntityHummingbird.java:155: error: height has private access in EntityDimensions
        return this.isBaby() ? sizeIn.height * 0.5F : sizeIn.height * 0.5F;
                                                            ^
C:\Users\justi\Documents\GitHub\AlexsMobs-26.2\src\main\java\com\github\alexthe666\alexsmobs\entity\EntityHummingbird.java:182: error: cannot find symbol
        if (compound.contains("HLPX")) {
                    ^
  symbol:   method contains(String)
  location: variable compound of type ValueInput
C:\Users\justi\Documents\GitHub\AlexsMobs-26.2\src\main\java\com\github\alexthe666\alexsmobs\entity\EntityHummingbird.java:216: error: cannot find symbol
        PoiManager pointofinterestmanager = world.getPoiManager();
                                            ^
  symbol:   variable world
  location: class EntityHummingbird
C:\Users\justi\Documents\GitHub\AlexsMobs-26.2\src\main\java\com\github\alexthe666\alexsmobs\entity\EntityHummingbird.java:217: error: cannot find symbol
        Stream<BlockPos> stream = pointofinterestmanager.findAll(poiTypeHolder -> poiTypeHolder.is(AMPointOfInterestRegistry.HUMMINGBIRD_FEEDER.getKey()), Predicates.alwaysTrue(), blockpos, range, PoiManager.Occupancy.ANY);
                                                                                                                                                                                              ^
  symbol:   variable range
  location: class EntityHummingbird
C:\Users\justi\Documents\GitHub\AlexsMobs-26.2\src\main\java\com\github\alexthe666\alexsmobs\entity\EntityHummingbird.java:363: error: method getNearbyFeeders in class EntityHummingbird cannot be applied to given types;
                   List<BlockPos> beacons = getNearbyFeeders(EntityHummingbird.this.blockPosition(), (ServerLevel) level(), 64);
                                            ^
  required: BlockPos
  found:    BlockPos,ServerLevel,int
  reason: actual and formal argument lists differ in length
C:\Users\justi\Documents\GitHub\AlexsMobs-26.2\src\main\java\com\github\alexthe666\alexsmobs\client\model\ModelJerboa.java:157: error: cannot find symbol
        if (entity != null && entity.isBaby()) {
            ^
  symbol:   variable entity
  location: class ModelJerboa
C:\Users\justi\Documents\GitHub\AlexsMobs-26.2\src\main\java\com\github\alexthe666\alexsmobs\client\model\ModelJerboa.java:157: error: cannot find symbol
        if (entity != null && entity.isBaby()) {
                              ^
  symbol:   variable entity
  location: class ModelJerboa
C:\Users\justi\Documents\GitHub\AlexsMobs-26.2\src\main\java\com\github\alexthe666\alexsmobs\entity\EntityJerboa.java:186: error: cannot find symbol
            if ((this.level().getDayTime() % 24000L < 13000L) && this.getLastHurtByMob() == null && !this.isBegging()) {
                             ^
  symbol:   method getDayTime()
  location: class Level
C:\Users\justi\Documents\GitHub\AlexsMobs-26.2\src\main\java\com\github\alexthe666\alexsmobs\entity\EntityJerboa.java:309: error: jumpFromGround() in EntityJerboa cannot override jumpFromGround() in LivingEntity
    protected void jumpFromGround() {
                   ^
  attempting to assign weaker access privileges; was public
C:\Users\justi\Documents\GitHub\AlexsMobs-26.2\src\main\java\com\github\alexthe666\alexsmobs\client\model\ModelKangaroo.java:334: error: method does not override or implement a method from a supertype
	@Override
	^
C:\Users\justi\Documents\GitHub\AlexsMobs-26.2\src\main\java\com\github\alexthe666\alexsmobs\client\model\ModelKangaroo.java:336: error: cannot find symbol
		if (entity != null && entity.isBaby()) {
		    ^
  symbol:   variable entity
  location: class ModelKangaroo
C:\Users\justi\Documents\GitHub\AlexsMobs-26.2\src\main\java\com\github\alexthe666\alexsmobs\client\model\ModelKangaroo.java:336: error: cannot find symbol
		if (entity != null && entity.isBaby()) {
		                      ^
  symbol:   variable entity
  location: class ModelKangaroo
C:\Users\justi\Documents\GitHub\AlexsMobs-26.2\src\main\java\com\github\alexthe666\alexsmobs\entity\EntityKangaroo.java:71: error: EntityKangaroo is not abstract and does not override abstract method dataChanged(AbstractContainerMenu,int,int) in ContainerListener
public class EntityKangaroo extends TamableAnimal implements ContainerListener, IAnimatedEntity, IFollower {
       ^
C:\Users\justi\Documents\GitHub\AlexsMobs-26.2\src\main\java\com\github\alexthe666\alexsmobs\entity\EntityKangaroo.java:131: error: cannot find symbol
        super.tickLeash();
             ^
  symbol: method tickLeash()
C:\Users\justi\Documents\GitHub\AlexsMobs-26.2\src\main\java\com\github\alexthe666\alexsmobs\entity\EntityKangaroo.java:134: error: cannot find symbol
            this.restrictTo(lvt_1_1_.blockPosition(), 5);
                ^
  symbol: method restrictTo(BlockPos,int)
C:\Users\justi\Documents\GitHub\AlexsMobs-26.2\src\main\java\com\github\alexthe666\alexsmobs\entity\EntityKangaroo.java:144: error: cannot find symbol
            this.onLeashDistance(lvt_2_1_);
                ^
  symbol: method onLeashDistance(float)
C:\Users\justi\Documents\GitHub\AlexsMobs-26.2\src\main\java\com\github\alexthe666\alexsmobs\entity\EntityKangaroo.java:197: error: cannot find symbol
                return EntityKangaroo.this.isAlive() && !EntityKangaroo.this.isInsidePortal;
                                                                            ^
  symbol: variable isInsidePortal
C:\Users\justi\Documents\GitHub\AlexsMobs-26.2\src\main\java\com\github\alexthe666\alexsmobs\entity\EntityKangaroo.java:200: error: cannot find symbol
        kangarooInventory.addListener(this);
                         ^
  symbol:   method addListener(EntityKangaroo)
  location: variable kangarooInventory of type SimpleContainer
C:\Users\justi\Documents\GitHub\AlexsMobs-26.2\src\main\java\com\github\alexthe666\alexsmobs\entity\EntityKangaroo.java:240: error: cannot find symbol
        if (isTame() && this.getHealth() < this.getMaxHealth() && item.isEdible() && item.getFoodProperties() != null && !item.getFoodProperties().isMeat()) {
                                                                      ^
  symbol:   method isEdible()
  location: variable item of type Item
C:\Users\justi\Documents\GitHub\AlexsMobs-26.2\src\main\java\com\github\alexthe666\alexsmobs\entity\EntityKangaroo.java:240: error: cannot find symbol
        if (isTame() && this.getHealth() < this.getMaxHealth() && item.isEdible() && item.getFoodProperties() != null && !item.getFoodProperties().isMeat()) {
                                                                                         ^
  symbol:   method getFoodProperties()
  location: variable item of type Item
C:\Users\justi\Documents\GitHub\AlexsMobs-26.2\src\main\java\com\github\alexthe666\alexsmobs\entity\EntityKangaroo.java:240: error: cannot find symbol
        if (isTame() && this.getHealth() < this.getMaxHealth() && item.isEdible() && item.getFoodProperties() != null && !item.getFoodProperties().isMeat()) {
                                                                                                                              ^
  symbol:   method getFoodProperties()
  location: variable item of type Item
C:\Users\justi\Documents\GitHub\AlexsMobs-26.2\src\main\java\com\github\alexthe666\alexsmobs\entity\EntityKangaroo.java:244: error: cannot find symbol
            this.heal(item.getFoodProperties().getNutrition());
                          ^
  symbol:   method getFoodProperties()
  location: variable item of type Item
C:\Users\justi\Documents\GitHub\AlexsMobs-26.2\src\main\java\com\github\alexthe666\alexsmobs\entity\EntityKangaroo.java:261: error: cannot find symbol
                player.displayClientMessage(Component.translatable("entity.alexsmobs.all.command_" + this.getCommand(), this.getName()), true);
                      ^
  symbol:   method displayClientMessage(MutableComponent,boolean)
  location: variable player of type Player
C:\Users\justi\Documents\GitHub\AlexsMobs-26.2\src\main\java\com\github\alexthe666\alexsmobs\entity\EntityKangaroo.java:295: error: cannot find symbol
                    itemstack.save(CompoundNBT);
                             ^
  symbol:   method save(CompoundTag)
  location: variable itemstack of type ItemStack
C:\Users\justi\Documents\GitHub\AlexsMobs-26.2\src\main\java\com\github\alexthe666\alexsmobs\entity\EntityKangaroo.java:299: error: cannot find symbol
            compound.put("Items", nbttaglist);
                    ^
  symbol:   method put(String,ListTag)
  location: variable compound of type ValueOutput
C:\Users\justi\Documents\GitHub\AlexsMobs-26.2\src\main\java\com\github\alexthe666\alexsmobs\entity\EntityKangaroo.java:313: error: cannot find symbol
            ListTag nbttaglist = compound.getListOrEmpty("Items");
                                         ^
  symbol:   method getListOrEmpty(String)
  location: variable compound of type ValueInput
C:\Users\justi\Documents\GitHub\AlexsMobs-26.2\src\main\java\com\github\alexthe666\alexsmobs\entity\EntityKangaroo.java:317: error: bad operand types for binary operator '&'
                int j = CompoundNBT.getByte("Slot") & 255;
                                                    ^
  first type:  Optional<Byte>
  second type: int
C:\Users\justi\Documents\GitHub\AlexsMobs-26.2\src\main\java\com\github\alexthe666\alexsmobs\entity\EntityKangaroo.java:318: error: cannot find symbol
                this.kangarooInventory.setItem(j, ItemStack.of(CompoundNBT));
                                                           ^
  symbol:   method of(CompoundTag)
  location: class ItemStack
C:\Users\justi\Documents\GitHub\AlexsMobs-26.2\src\main\java\com\github\alexthe666\alexsmobs\entity\EntityKangaroo.java:321: error: cannot find symbol
            ListTag nbttaglist = compound.getListOrEmpty("Items");
                                         ^
  symbol:   method getListOrEmpty(String)
  location: variable compound of type ValueInput
C:\Users\justi\Documents\GitHub\AlexsMobs-26.2\src\main\java\com\github\alexthe666\alexsmobs\entity\EntityKangaroo.java:325: error: bad operand types for binary operator '&'
                int j = CompoundNBT.getByte("Slot") & 255;
                                                    ^
  first type:  Optional<Byte>
  second type: int
C:\Users\justi\Documents\GitHub\AlexsMobs-26.2\src\main\java\com\github\alexthe666\alexsmobs\entity\EntityKangaroo.java:327: error: cannot find symbol
                this.kangarooInventory.setItem(j, ItemStack.of(CompoundNBT));
                                                           ^
  symbol:   method of(CompoundTag)
  location: class ItemStack
C:\Users\justi\Documents\GitHub\AlexsMobs-26.2\src\main\java\com\github\alexthe666\alexsmobs\entity\EntityKangaroo.java:425: error: method does not override or implement a method from a supertype
    @Override
    ^
C:\Users\justi\Documents\GitHub\AlexsMobs-26.2\src\main\java\com\github\alexthe666\alexsmobs\entity\EntityKangaroo.java:427: error: cannot find symbol
        super.onAddedToWorld();
             ^
  symbol: method onAddedToWorld()
C:\Users\justi\Documents\GitHub\AlexsMobs-26.2\src\main\java\com\github\alexthe666\alexsmobs\entity\EntityKangaroo.java:524: error: cannot find symbol
                        if (stack.getItem().isEdible() && stack.getItem().getFoodProperties() != null && !stack.getItem().getFoodProperties().isMeat()) {
                                           ^
  symbol:   method isEdible()
  location: class Item
C:\Users\justi\Documents\GitHub\AlexsMobs-26.2\src\main\java\com\github\alexthe666\alexsmobs\entity\EntityKangaroo.java:524: error: cannot find symbol
                        if (stack.getItem().isEdible() && stack.getItem().getFoodProperties() != null && !stack.getItem().getFoodProperties().isMeat()) {
                                                                         ^
  symbol:   method getFoodProperties()
  location: class Item
C:\Users\justi\Documents\GitHub\AlexsMobs-26.2\src\main\java\com\github\alexthe666\alexsmobs\entity\EntityKangaroo.java:524: error: cannot find symbol
                        if (stack.getItem().isEdible() && stack.getItem().getFoodProperties() != null && !stack.getItem().getFoodProperties().isMeat()) {
                                                                                                                         ^
  symbol:   method getFoodProperties()
  location: class Item
C:\Users\justi\Documents\GitHub\AlexsMobs-26.2\src\main\java\com\github\alexthe666\alexsmobs\entity\EntityKangaroo.java:528: error: cannot find symbol
                    if (!foodStack.isEmpty() && foodStack.getItem().getFoodProperties() != null) {
                                                                   ^
  symbol:   method getFoodProperties()
  location: class Item
C:\Users\justi\Documents\GitHub\AlexsMobs-26.2\src\main\java\com\github\alexthe666\alexsmobs\entity\EntityKangaroo.java:530: error: cannot find symbol
                        this.heal(foodStack.getItem().getFoodProperties().getNutrition() * 2);
                                                     ^
  symbol:   method getFoodProperties()
  location: class Item
C:\Users\justi\Documents\GitHub\AlexsMobs-26.2\src\main\java\com\github\alexthe666\alexsmobs\entity\EntityKangaroo.java:605: error: hurt(DamageSource,float) in EntityKangaroo cannot override hurt(DamageSource,float) in Entity
    public boolean hurt(DamageSource src, float amount) {
                   ^
  overridden method is final
C:\Users\justi\Documents\GitHub\AlexsMobs-26.2\src\main\java\com\github\alexthe666\alexsmobs\entity\EntityKangaroo.java:606: error: incompatible types: void cannot be converted to boolean
        boolean prev = super.hurt(src, amount);
                                 ^
C:\Users\justi\Documents\GitHub\AlexsMobs-26.2\src\main\java\com\github\alexthe666\alexsmobs\entity\EntityKangaroo.java:620: error: cannot find symbol
            stack.hurt(1, this.getRandom(), null);
                 ^
  symbol:   method hurt(int,RandomSource,<null>)
  location: variable stack of type ItemStack
C:\Users\justi\Documents\GitHub\AlexsMobs-26.2\src\main\java\com\github\alexthe666\alexsmobs\entity\EntityKangaroo.java:631: error: isAlliedTo(Entity) in EntityKangaroo cannot override isAlliedTo(@org.jspecify.annotations.Nullable Entity) in Entity
    public boolean isAlliedTo(Entity entityIn) {
                   ^
  overridden method is final
C:\Users\justi\Documents\GitHub\AlexsMobs-26.2\src\main\java\com\github\alexthe666\alexsmobs\entity\EntityKangaroo.java:833: error: cannot find symbol
                    if (stack.getItem() instanceof ArmorItem && !this.isBaby()) {
                                                   ^
  symbol:   class ArmorItem
  location: class EntityKangaroo
C:\Users\justi\Documents\GitHub\AlexsMobs-26.2\src\main\java\com\github\alexthe666\alexsmobs\entity\EntityKangaroo.java:834: error: cannot find symbol
                        ArmorItem armorItem = (ArmorItem) stack.getItem();
                        ^
  symbol:   class ArmorItem
  location: class EntityKangaroo
C:\Users\justi\Documents\GitHub\AlexsMobs-26.2\src\main\java\com\github\alexthe666\alexsmobs\entity\EntityKangaroo.java:834: error: cannot find symbol
                        ArmorItem armorItem = (ArmorItem) stack.getItem();
                                               ^
  symbol:   class ArmorItem
  location: class EntityKangaroo
C:\Users\justi\Documents\GitHub\AlexsMobs-26.2\src\main\java\com\github\alexthe666\alexsmobs\entity\EntityKangaroo.java:875: error: cannot find symbol
                case ARMOR -> itemstack = this.getArmorInSlot(equipmentslottype);
                     ^
  symbol:   variable ARMOR
  location: class EntityKangaroo
C:\Users\justi\Documents\GitHub\AlexsMobs-26.2\src\main\java\com\github\alexthe666\alexsmobs\entity\EntityKangaroo.java:890: error: method getAttributeModifiers in interface IItemStackExtension cannot be applied to given types;
                    this.getAttributes().removeAttributeModifiers(itemstack.getAttributeModifiers(equipmentslottype));
                                                                           ^
  required: no arguments
  found:    EquipmentSlot
  reason: actual and formal argument lists differ in length
C:\Users\justi\Documents\GitHub\AlexsMobs-26.2\src\main\java\com\github\alexthe666\alexsmobs\entity\EntityKangaroo.java:894: error: method getAttributeModifiers in interface IItemStackExtension cannot be applied to given types;
                    this.getAttributes().addTransientAttributeModifiers(itemstack1.getAttributeModifiers(equipmentslottype));
                                                                                  ^
  required: no arguments
  found:    EquipmentSlot
  reason: actual and formal argument lists differ in length
C:\Users\justi\Documents\GitHub\AlexsMobs-26.2\src\main\java\com\github\alexthe666\alexsmobs\entity\EntityKangaroo.java:905: error: cannot find symbol
            case ARMOR -> getArmorInSlot(slotIn);
                 ^
  symbol:   variable ARMOR
  location: class EntityKangaroo
C:\Users\justi\Documents\GitHub\AlexsMobs-26.2\src\main\java\com\github\alexthe666\alexsmobs\entity\EntityKangaroo.java:922: error: method getAttributeModifiers in interface IItemStackExtension cannot be applied to given types;
        Multimap<Attribute, AttributeModifier> map = itemStack.getAttributeModifiers(EquipmentSlot.MAINHAND);
                                                              ^
  required: no arguments
  found:    EquipmentSlot
  reason: actual and formal argument lists differ in length
C:\Users\justi\Documents\GitHub\AlexsMobs-26.2\src\main\java\com\github\alexthe666\alexsmobs\entity\EntityKangaroo.java:925: error: incompatible types: Holder<Attribute> cannot be converted to Attribute
            for (AttributeModifier mod : map.get(Attributes.ATTACK_DAMAGE)) {
                                                           ^
C:\Users\justi\Documents\GitHub\AlexsMobs-26.2\src\main\java\com\github\alexthe666\alexsmobs\entity\EntityKangaroo.java:926: error: cannot find symbol
                d += mod.getAmount();
                        ^
  symbol:   method getAmount()
  location: variable mod of type AttributeModifier
C:\Users\justi\Documents\GitHub\AlexsMobs-26.2\src\main\java\com\github\alexthe666\alexsmobs\entity\EntityKangaroo.java:935: error: method getAttributeModifiers in interface IItemStackExtension cannot be applied to given types;
        Multimap<Attribute, AttributeModifier> map = itemStack.getAttributeModifiers(type);
                                                              ^
  required: no arguments
  found:    EquipmentSlot
  reason: actual and formal argument lists differ in length
C:\Users\justi\Documents\GitHub\AlexsMobs-26.2\src\main\java\com\github\alexthe666\alexsmobs\entity\EntityKangaroo.java:938: error: incompatible types: Holder<Attribute> cannot be converted to Attribute
            for (AttributeModifier mod : map.get(Attributes.ARMOR)) {
                                                           ^
C:\Users\justi\Documents\GitHub\AlexsMobs-26.2\src\main\java\com\github\alexthe666\alexsmobs\entity\EntityKangaroo.java:939: error: cannot find symbol
                d += mod.getAmount();
                        ^
  symbol:   method getAmount()
  location: variable mod of type AttributeModifier
C:\Users\justi\Documents\GitHub\AlexsMobs-26.2\src\main\java\com\github\alexthe666\alexsmobs\entity\EntityKangaroo.java:946: error: jumpFromGround() in EntityKangaroo cannot override jumpFromGround() in LivingEntity
    protected void jumpFromGround() {
                   ^
  attempting to assign weaker access privileges; was public
C:\Users\justi\Documents\GitHub\AlexsMobs-26.2\src\main\java\com\github\alexthe666\alexsmobs\entity\EntityKangaroo.java:990: error: method does not override or implement a method from a supertype
    @Override
    ^
C:\Users\justi\Documents\GitHub\AlexsMobs-26.2\src\main\java\com\github\alexthe666\alexsmobs\client\model\ModelKomodoDragon.java:200: error: cannot find symbol
		if (entity != null && entity.isBaby()) {
		    ^
  symbol:   variable entity
  location: class ModelKomodoDragon
C:\Users\justi\Documents\GitHub\AlexsMobs-26.2\src\main\java\com\github\alexthe666\alexsmobs\client\model\ModelKomodoDragon.java:200: error: cannot find symbol
		if (entity != null && entity.isBaby()) {
		                      ^
  symbol:   variable entity
  location: class ModelKomodoDragon
C:\Users\justi\Documents\GitHub\AlexsMobs-26.2\src\main\java\com\github\alexthe666\alexsmobs\entity\EntityKomodoDragon.java:80: error: cannot find symbol
    private static final EntityDataAccessor<Optional<EntityReference<LivingEntity>>> JOSTLER_UUID = SynchedEntityData.defineId(EntityKomodoDragon.class, EntityDataSerializers.OPTIONAL_ENTITY_REFERENCE);
                                                                                                                                                                              ^
  symbol:   variable OPTIONAL_ENTITY_REFERENCE
  location: class EntityDataSerializers
C:\Users\justi\Documents\GitHub\AlexsMobs-26.2\src\main\java\com\github\alexthe666\alexsmobs\entity\EntityKomodoDragon.java:137: error: incompatible types: Predicate<EntityKomodoDragon> cannot be converted to Selector
        this.targetSelector.addGoal(6, new NearestAttackableTargetGoal(this, EntityKomodoDragon.class, 50, true, false, HURT_OR_BABY));
                                                                                                                        ^
C:\Users\justi\Documents\GitHub\AlexsMobs-26.2\src\main\java\com\github\alexthe666\alexsmobs\entity\EntityKomodoDragon.java:195: error: cannot find symbol
        if (compound.contains("SpitTime")) {
                    ^
  symbol:   method contains(String)
  location: variable compound of type ValueInput
C:\Users\justi\Documents\GitHub\AlexsMobs-26.2\src\main\java\com\github\alexthe666\alexsmobs\entity\EntityKomodoDragon.java:289: error: getDimensions(Pose) in EntityKomodoDragon cannot override getDimensions(Pose) in LivingEntity
    public EntityDimensions getDimensions(Pose poseIn) {
                            ^
  overridden method is final
C:\Users\justi\Documents\GitHub\AlexsMobs-26.2\src\main\java\com\github\alexthe666\alexsmobs\entity\EntityKomodoDragon.java:293: error: isAlliedTo(Entity) in EntityKomodoDragon cannot override isAlliedTo(@org.jspecify.annotations.Nullable Entity) in Entity
    public boolean isAlliedTo(Entity entityIn) {
                   ^
  overridden method is final
C:\Users\justi\Documents\GitHub\AlexsMobs-26.2\src\main\java\com\github\alexthe666\alexsmobs\entity\EntityKomodoDragon.java:352: error: cannot find symbol
            passenger.setPos(this.getX() + extraX, this.getY() + this.getPassengersRidingOffset() + passenger.getMyRidingOffset(), this.getZ() + extraZ);
                                                                                                             ^
  symbol:   method getMyRidingOffset()
  location: variable passenger of type Entity
C:\Users\justi\Documents\GitHub\AlexsMobs-26.2\src\main\java\com\github\alexthe666\alexsmobs\entity\EntityKomodoDragon.java:393: error: cannot find symbol
            }else if(itemstack.is(Tags.Items.SHEARS) && this.isSaddled()){
                                            ^
  symbol:   variable SHEARS
  location: class Items
C:\Users\justi\Documents\GitHub\AlexsMobs-26.2\src\main\java\com\github\alexthe666\alexsmobs\entity\EntityKomodoDragon.java:407: error: cannot find symbol
                    player.displayClientMessage(Component.translatable("entity.alexsmobs.all.command_" + this.getCommand(), this.getName()), true);
                          ^
  symbol:   method displayClientMessage(MutableComponent,boolean)
  location: variable player of type Player
C:\Users\justi\Documents\GitHub\AlexsMobs-26.2\src\main\java\com\github\alexthe666\alexsmobs\entity\EntityKomodoDragon.java:447: error: cannot find symbol
        return stack.is(AMTagRegistry.KOMODO_DRAGON_TAMEABLES) || stack.getItem().getFoodProperties() != null && stack.getItem().getFoodProperties().isMeat();
                                                                                 ^
  symbol:   method getFoodProperties()
  location: class Item
C:\Users\justi\Documents\GitHub\AlexsMobs-26.2\src\main\java\com\github\alexthe666\alexsmobs\entity\EntityKomodoDragon.java:447: error: cannot find symbol
        return stack.is(AMTagRegistry.KOMODO_DRAGON_TAMEABLES) || stack.getItem().getFoodProperties() != null && stack.getItem().getFoodProperties().isMeat();
                                                                                                                                ^
  symbol:   method getFoodProperties()
  location: class Item
C:\Users\justi\Documents\GitHub\AlexsMobs-26.2\src\main\java\com\github\alexthe666\alexsmobs\entity\EntityKomodoDragon.java:476: error: incompatible types: EntityReference<LivingEntity> cannot be converted to UUID
        return this.entityData.get(JOSTLER_UUID).orElse(null);
                                                       ^
C:\Users\justi\Documents\GitHub\AlexsMobs-26.2\src\main\java\com\github\alexthe666\alexsmobs\entity\EntityKomodoDragon.java:480: error: no suitable method found for set(EntityDataAccessor<Optional<EntityReference<LivingEntity>>>,Optional<UUID>)
        this.entityData.set(JOSTLER_UUID, Optional.ofNullable(uniqueId));
                       ^
    method SynchedEntityData.<T#1>set(EntityDataAccessor<T#1>,T#1) is not applicable
      (inference variable T#2 has incompatible bounds
        equality constraints: EntityReference<LivingEntity>
        lower bounds: UUID)
    method SynchedEntityData.<T#3>set(EntityDataAccessor<T#3>,T#3,boolean) is not applicable
      (cannot infer type-variable(s) T#3
        (actual and formal argument lists differ in length))
  where T#1,T#2,T#3 are type-variables:
    T#1 extends Object declared in method <T#1>set(EntityDataAccessor<T#1>,T#1)
    T#2 extends Object declared in method <T#2>ofNullable(T#2)
    T#3 extends Object declared in method <T#3>set(EntityDataAccessor<T#3>,T#3,boolean)
C:\Users\justi\Documents\GitHub\AlexsMobs-26.2\src\main\java\com\github\alexthe666\alexsmobs\client\model\ModelLaviathan.java:221: error: method does not override or implement a method from a supertype
    @Override
    ^
C:\Users\justi\Documents\GitHub\AlexsMobs-26.2\src\main\java\com\github\alexthe666\alexsmobs\client\model\ModelLaviathan.java:223: error: cannot find symbol
        if (entity != null && entity.isBaby()) {
            ^
  symbol:   variable entity
  location: class ModelLaviathan
C:\Users\justi\Documents\GitHub\AlexsMobs-26.2\src\main\java\com\github\alexthe666\alexsmobs\client\model\ModelLaviathan.java:223: error: cannot find symbol
        if (entity != null && entity.isBaby()) {
                              ^
  symbol:   variable entity
  location: class ModelLaviathan
C:\Users\justi\Documents\GitHub\AlexsMobs-26.2\src\main\java\com\github\alexthe666\alexsmobs\entity\EntityLaviathan.java:119: error: cannot find symbol
        this.setPathfindingMalus(PathType.DANGER_FIRE, 0.0F);
                                         ^
  symbol:   variable DANGER_FIRE
  location: class PathType
C:\Users\justi\Documents\GitHub\AlexsMobs-26.2\src\main\java\com\github\alexthe666\alexsmobs\entity\EntityLaviathan.java:120: error: cannot find symbol
        this.setPathfindingMalus(PathType.DAMAGE_FIRE, 0.0F);
                                         ^
  symbol:   variable DAMAGE_FIRE
  location: class PathType
C:\Users\justi\Documents\GitHub\AlexsMobs-26.2\src\main\java\com\github\alexthe666\alexsmobs\entity\EntityLaviathan.java:163: error: cannot find symbol
        return this.isObsidian() ? OBSIDIAN_LOOT : super.getDefaultLootTable();
                                                        ^
  symbol: method getDefaultLootTable()
C:\Users\justi\Documents\GitHub\AlexsMobs-26.2\src\main\java\com\github\alexthe666\alexsmobs\entity\EntityLaviathan.java:343: error: cannot find symbol
                passenger.setPos(seat.getX(), this.getY() + this.getPassengersRidingOffset() + passenger.getMyRidingOffset(), seat.getZ());
                                                                                                        ^
  symbol:   method getMyRidingOffset()
  location: variable passenger of type Entity
C:\Users\justi\Documents\GitHub\AlexsMobs-26.2\src\main\java\com\github\alexthe666\alexsmobs\entity\EntityLaviathan.java:395: error: method of in class Ingredient cannot be applied to given types;
        this.goalSelector.addGoal(3, new TemptGoal(this, 1.1D, Ingredient.of(AMTagRegistry.LAVIATHAN_BREEDABLES, AMTagRegistry.LAVIATHAN_FOODSTUFFS), false));
                                                                         ^
  required: ItemLike[]
  found:    TagKey<Item>,TagKey<Item>
  reason: varargs mismatch; TagKey<Item> cannot be converted to ItemLike
C:\Users\justi\Documents\GitHub\AlexsMobs-26.2\src\main\java\com\github\alexthe666\alexsmobs\entity\ai\LavaAndWaterAIRandomSwimming.java:52: error: method isPathfindable in class BlockStateBase cannot be applied to given types;
        for(int i = 0; vector3d != null && !this.mob.level().getBlockState(AMBlockPos.fromVec3(vector3d)).isPathfindable(this.mob.level(), AMBlockPos.fromVec3(vector3d), PathComputationType.WATER) && i++ < 10; vector3d = DefaultRandomPos.getPos(this.mob, 10, 7)) {
                                                                                                         ^
  required: PathComputationType
  found:    Level,BlockPos,PathComputationType
  reason: actual and formal argument lists differ in length
C:\Users\justi\Documents\GitHub\AlexsMobs-26.2\src\main\java\com\github\alexthe666\alexsmobs\entity\EntityLaviathan.java:413: error: cannot find symbol
        return shouldSwim() || this.onSoulSpeedBlock() ? 1.0F : super.getBlockSpeedFactor();
                                   ^
  symbol: method onSoulSpeedBlock()
C:\Users\justi\Documents\GitHub\AlexsMobs-26.2\src\main\java\com\github\alexthe666\alexsmobs\entity\EntityLaviathan.java:474: error: cannot find symbol
        return type == NeoForgeMod.WATER_TYPE.get() || type == NeoForgeMod.LAVA_TYPE.get() ? 1.0F : super.getFluidMotionScale(type);
                                             ^
  symbol:   method get()
  location: variable WATER_TYPE of type Holder<FluidType>
C:\Users\justi\Documents\GitHub\AlexsMobs-26.2\src\main\java\com\github\alexthe666\alexsmobs\entity\EntityLaviathan.java:474: error: cannot find symbol
        return type == NeoForgeMod.WATER_TYPE.get() || type == NeoForgeMod.LAVA_TYPE.get() ? 1.0F : super.getFluidMotionScale(type);
                                                                                    ^
  symbol:   method get()
  location: variable LAVA_TYPE of type Holder<FluidType>
C:\Users\justi\Documents\GitHub\AlexsMobs-26.2\src\main\java\com\github\alexthe666\alexsmobs\entity\EntityLaviathan.java:501: error: cannot find symbol
        if (this.isControlledByLocalInstance() && liquid) {
                ^
  symbol: method isControlledByLocalInstance()
C:\Users\justi\Documents\GitHub\AlexsMobs-26.2\src\main\java\com\github\alexthe666\alexsmobs\entity\EntityLaviathan.java:737: error: cannot find symbol
        if (!this.level().isClientSide() && this.isVehicle() && this.blockBreakCounter == 0 && net.neoforged.neoforge.common.NeoForgeMod.isGriefingEnabled(level(), this)) {
                                                                                                                                        ^
  symbol:   method isGriefingEnabled(Level,EntityLaviathan)
  location: class NeoForgeMod
C:\Users\justi\Documents\GitHub\AlexsMobs-26.2\src\main\java\com\github\alexthe666\alexsmobs\entity\EntityLaviathan.java:981: error: incompatible types: void cannot be converted to boolean
        return this.hurt(source, amount);
                        ^
C:\Users\justi\Documents\GitHub\AlexsMobs-26.2\src\main\java\com\github\alexthe666\alexsmobs\entity\EntityLaviathanPart.java:51: error: method does not override or implement a method from a supertype
    @Override
    ^
C:\Users\justi\Documents\GitHub\AlexsMobs-26.2\src\main\java\com\github\alexthe666\alexsmobs\entity\EntityLaviathanPart.java:85: error: cannot find symbol
        return !this.isInvulnerableTo(level, source) && this.getParent().attackEntityPartFrom(this, source, amount);
                    ^
  symbol: method isInvulnerableTo(ServerLevel,DamageSource)
C:\Users\justi\Documents\GitHub\AlexsMobs-26.2\src\main\java\com\github\alexthe666\alexsmobs\client\model\ModelLeafcutterAnt.java:127: error: cannot find symbol
		if (entity != null && entity.isBaby()) {
		    ^
  symbol:   variable entity
  location: class ModelLeafcutterAnt
C:\Users\justi\Documents\GitHub\AlexsMobs-26.2\src\main\java\com\github\alexthe666\alexsmobs\client\model\ModelLeafcutterAnt.java:127: error: cannot find symbol
		if (entity != null && entity.isBaby()) {
		                      ^
  symbol:   variable entity
  location: class ModelLeafcutterAnt
C:\Users\justi\Documents\GitHub\AlexsMobs-26.2\src\main\java\com\github\alexthe666\alexsmobs\entity\EntityLeafcutterAnt.java:66: error: EntityLeafcutterAnt is not abstract and does not override abstract method isFood(ItemStack) in Animal
public class EntityLeafcutterAnt extends Animal implements NeutralMob, IAnimatedEntity {
       ^
C:\Users\justi\Documents\GitHub\AlexsMobs-26.2\src\main\java\com\github\alexthe666\alexsmobs\entity\EntityLeafcutterAnt.java:113: error: cannot find symbol
        return this.isQueen() ? QUEEN_LOOT : super.getDefaultLootTable();
                                                  ^
  symbol: method getDefaultLootTable()
C:\Users\justi\Documents\GitHub\AlexsMobs-26.2\src\main\java\com\github\alexthe666\alexsmobs\entity\EntityLeafcutterAnt.java:154: error: getDimensions(Pose) in EntityLeafcutterAnt cannot override getDimensions(Pose) in LivingEntity
    public EntityDimensions getDimensions(Pose poseIn) {
                            ^
  overridden method is final
C:\Users\justi\Documents\GitHub\AlexsMobs-26.2\src\main\java\com\github\alexthe666\alexsmobs\entity\EntityLeafcutterAnt.java:257: error: width has private access in EntityDimensions
        if (this.isQueen() && this.getBbWidth() < QUEEN_SIZE.width) {
                                                            ^
C:\Users\justi\Documents\GitHub\AlexsMobs-26.2\src\main\java\com\github\alexthe666\alexsmobs\entity\EntityLeafcutterAnt.java:293: error: cannot find symbol
                    Vec3 vec = Vec3.atLowerCornerOf(attachmentFacing.getNormal());
                                                                    ^
  symbol:   method getNormal()
  location: variable attachmentFacing of type Direction
C:\Users\justi\Documents\GitHub\AlexsMobs-26.2\src\main\java\com\github\alexthe666\alexsmobs\entity\EntityLeafcutterAnt.java:428: error: no suitable method found for set(EntityDataAccessor<Float>)
        this.entityData.set(ANT_SCALE);
                       ^
    method SynchedEntityData.<T#1>set(EntityDataAccessor<T#1>,T#1) is not applicable
      (cannot infer type-variable(s) T#1
        (actual and formal argument lists differ in length))
    method SynchedEntityData.<T#2>set(EntityDataAccessor<T#2>,T#2,boolean) is not applicable
      (cannot infer type-variable(s) T#2
        (actual and formal argument lists differ in length))
  where T#1,T#2 are type-variables:
    T#1 extends Object declared in method <T#1>set(EntityDataAccessor<T#1>,T#1)
    T#2 extends Object declared in method <T#2>set(EntityDataAccessor<T#2>,T#2,boolean)
C:\Users\justi\Documents\GitHub\AlexsMobs-26.2\src\main\java\com\github\alexthe666\alexsmobs\entity\EntityLeafcutterAnt.java:475: error: cannot find symbol
        this.entityData.set(ATTACHED_FACE, Direction.from3DDataValue(compound.getByte("AttachFace")));
                                                                             ^
  symbol:   method getByte(String)
  location: variable compound of type ValueInput
C:\Users\justi\Documents\GitHub\AlexsMobs-26.2\src\main\java\com\github\alexthe666\alexsmobs\entity\EntityLeafcutterAnt.java:480: error: cannot find symbol
        if (compound.contains("HarvestedLeafState")) {
                    ^
  symbol:   method contains(String)
  location: variable compound of type ValueInput
C:\Users\justi\Documents\GitHub\AlexsMobs-26.2\src\main\java\com\github\alexthe666\alexsmobs\entity\EntityLeafcutterAnt.java:481: error: cannot find symbol
            blockstate = NbtUtils.readBlockState(this.level().holderLookup(Registries.BLOCK), compound.getCompoundOrEmpty("HarvestedLeafState"));
                                                                                                      ^
  symbol:   method getCompoundOrEmpty(String)
  location: variable compound of type ValueInput
C:\Users\justi\Documents\GitHub\AlexsMobs-26.2\src\main\java\com\github\alexthe666\alexsmobs\entity\EntityLeafcutterAnt.java:489: error: cannot find symbol
        if (compound.contains("HivePos")) {
                    ^
  symbol:   method contains(String)
  location: variable compound of type ValueInput
C:\Users\justi\Documents\GitHub\AlexsMobs-26.2\src\main\java\com\github\alexthe666\alexsmobs\entity\EntityLeafcutterAnt.java:490: error: cannot find symbol
            this.hivePos = NbtUtils.readBlockPos(compound.getCompoundOrEmpty("HivePos"));
                                                         ^
  symbol:   method getCompoundOrEmpty(String)
  location: variable compound of type ValueInput
C:\Users\justi\Documents\GitHub\AlexsMobs-26.2\src\main\java\com\github\alexthe666\alexsmobs\entity\EntityLeafcutterAnt.java:493: error: cannot find symbol
        if (compound.contains("HLPX")) {
                    ^
  symbol:   method contains(String)
  location: variable compound of type ValueInput
C:\Users\justi\Documents\GitHub\AlexsMobs-26.2\src\main\java\com\github\alexthe666\alexsmobs\entity\EntityLeafcutterAnt.java:511: error: cannot find symbol
            compound.put("HarvestedLeafState", NbtUtils.writeBlockState(blockstate));
                    ^
  symbol:   method put(String,CompoundTag)
  location: variable compound of type ValueOutput
C:\Users\justi\Documents\GitHub\AlexsMobs-26.2\src\main\java\com\github\alexthe666\alexsmobs\entity\EntityLeafcutterAnt.java:514: error: cannot find symbol
            compound.put("HivePos", NbtUtils.writeBlockPos(this.getHivePos()));
                                            ^
  symbol:   method writeBlockPos(BlockPos)
  location: class NbtUtils
C:\Users\justi\Documents\GitHub\AlexsMobs-26.2\src\main\java\com\github\alexthe666\alexsmobs\client\model\ModelLeafcutterAntQueen.java:172: error: cannot find symbol
		if (entity != null && entity.isBaby()) {
		    ^
  symbol:   variable entity
  location: class ModelLeafcutterAntQueen
C:\Users\justi\Documents\GitHub\AlexsMobs-26.2\src\main\java\com\github\alexthe666\alexsmobs\client\model\ModelLeafcutterAntQueen.java:172: error: cannot find symbol
		if (entity != null && entity.isBaby()) {
		                      ^
  symbol:   variable entity
  location: class ModelLeafcutterAntQueen
C:\Users\justi\Documents\GitHub\AlexsMobs-26.2\src\main\java\com\github\alexthe666\alexsmobs\entity\EntityLobster.java:171: error: cannot find symbol
            stack.setCustomName(this.getCustomName());
                 ^
  symbol:   method setCustomName(Component)
  location: variable stack of type ItemStack
C:\Users\justi\Documents\GitHub\AlexsMobs-26.2\src\main\java\com\github\alexthe666\alexsmobs\entity\EntityLobster.java:179: error: cannot find symbol
            bucket.setCustomName(this.getCustomName());
                  ^
  symbol:   method setCustomName(Component)
  location: variable bucket of type ItemStack
C:\Users\justi\Documents\GitHub\AlexsMobs-26.2\src\main\java\com\github\alexthe666\alexsmobs\entity\EntityLobster.java:182: error: cannot find symbol
        CompoundTag compoundnbt = bucket.getOrCreateTag();
                                        ^
  symbol:   method getOrCreateTag()
  location: variable bucket of type ItemStack
C:\Users\justi\Documents\GitHub\AlexsMobs-26.2\src\main\java\com\github\alexthe666\alexsmobs\entity\EntityLobster.java:283: error: cannot find symbol
        return SoundEvents.BUCKET_FILL_FISH.value();
                                           ^
  symbol:   method value()
  location: variable BUCKET_FILL_FISH of type SoundEvent
C:\Users\justi\Documents\GitHub\AlexsMobs-26.2\src\main\java\com\github\alexthe666\alexsmobs\entity\EntityLobster.java:306: error: constructor SemiAquaticPathNavigator in class SemiAquaticPathNavigator cannot be applied to given types;
        SemiAquaticPathNavigator flyingpathnavigator = new SemiAquaticPathNavigator(this) {
                                                       ^
  required: Mob,Level
  found:    EntityLobster
  reason: actual and formal argument lists differ in length
C:\Users\justi\Documents\GitHub\AlexsMobs-26.2\src\main\java\com\github\alexthe666\alexsmobs\client\model\ModelManedWolf.java:119: error: cannot find symbol
        if (entity != null && entity.isBaby()) {
            ^
  symbol:   variable entity
  location: class ModelManedWolf
C:\Users\justi\Documents\GitHub\AlexsMobs-26.2\src\main\java\com\github\alexthe666\alexsmobs\client\model\ModelManedWolf.java:119: error: cannot find symbol
        if (entity != null && entity.isBaby()) {
                              ^
  symbol:   variable entity
  location: class ModelManedWolf
C:\Users\justi\Documents\GitHub\AlexsMobs-26.2\src\main\java\com\github\alexthe666\alexsmobs\entity\EntityManedWolf.java:63: error: method of in class Ingredient cannot be applied to given types;
    private static final Ingredient allFoods = Ingredient.of(AMTagRegistry.MANED_WOLF_BREEDABLES, AMTagRegistry.MANED_WOLF_STENCH_FOODS);
                                                         ^
  required: ItemLike[]
  found:    TagKey<Item>,TagKey<Item>
  reason: varargs mismatch; TagKey<Item> cannot be converted to ItemLike
C:\Users\justi\Documents\GitHub\AlexsMobs-26.2\src\main\java\com\github\alexthe666\alexsmobs\client\model\ModelMantisShrimp.java:134: error: cannot find symbol
		if (entity != null && entity.isBaby()) {
		    ^
  symbol:   variable entity
  location: class ModelMantisShrimp
C:\Users\justi\Documents\GitHub\AlexsMobs-26.2\src\main\java\com\github\alexthe666\alexsmobs\client\model\ModelMantisShrimp.java:134: error: cannot find symbol
		if (entity != null && entity.isBaby()) {
		                      ^
  symbol:   variable entity
  location: class ModelMantisShrimp
C:\Users\justi\Documents\GitHub\AlexsMobs-26.2\src\main\java\com\github\alexthe666\alexsmobs\entity\EntityMantisShrimp.java:62: error: EntityMantisShrimp is not abstract and does not override abstract method getBreedOffspring(ServerLevel,AgeableMob) in AgeableMob
public class EntityMantisShrimp extends TamableAnimal implements ISemiAquatic, IFollower {
       ^
C:\Users\justi\Documents\GitHub\AlexsMobs-26.2\src\main\java\com\github\alexthe666\alexsmobs\entity\EntityMantisShrimp.java:123: error: cannot find symbol
            if(living.getType() == EntityType.SHULKER){
                                             ^
  symbol:   variable SHULKER
  location: class EntityType
C:\Users\justi\Documents\GitHub\AlexsMobs-26.2\src\main\java\com\github\alexthe666\alexsmobs\entity\EntityMantisShrimp.java:125: error: addAdditionalSaveData(ValueOutput) has protected access in LivingEntity
                living.addAdditionalSaveData(fishNbt);
                      ^
C:\Users\justi\Documents\GitHub\AlexsMobs-26.2\src\main\java\com\github\alexthe666\alexsmobs\entity\EntityMantisShrimp.java:126: error: cannot find symbol
                fishNbt.putString("DeathLootTable", BuiltInLootTables.EMPTY.toString());
                                                                     ^
  symbol:   variable EMPTY
  location: class BuiltInLootTables
C:\Users\justi\Documents\GitHub\AlexsMobs-26.2\src\main\java\com\github\alexthe666\alexsmobs\entity\EntityMantisShrimp.java:127: error: cannot find symbol
                living.readAdditionalSaveData(net.minecraft.world.level.storage.TagValueInput.create(net.minecraft.util.ProblemReporter.DISCARDING, living.level().registryAccess(), fishNbt.output()));
                                                                                                                                                                                            ^
  symbol:   method output()
  location: variable fishNbt of type TagValueOutput
C:\Users\justi\Documents\GitHub\AlexsMobs-26.2\src\main\java\com\github\alexthe666\alexsmobs\entity\EntityMantisShrimp.java:131: error: method awardKillScore in class Entity cannot be applied to given types;
        super.awardKillScore(entity, score, src);
             ^
  required: Entity,DamageSource
  found:    Entity,int,DamageSource
  reason: actual and formal argument lists differ in length
C:\Users\justi\Documents\GitHub\AlexsMobs-26.2\src\main\java\com\github\alexthe666\alexsmobs\entity\EntityMantisShrimp.java:168: error: method of in class Ingredient cannot be applied to given types;
        this.goalSelector.addGoal(6, new TemptGoal(this, 1.0D, Ingredient.of(AMTagRegistry.MANTIS_SHRIMP_BREEDABLES, AMTagRegistry.MANTIS_SHRIMP_TAMEABLES), false));
                                                                         ^
  required: ItemLike[]
  found:    TagKey<Item>,TagKey<Item>
  reason: varargs mismatch; TagKey<Item> cannot be converted to ItemLike
C:\Users\justi\Documents\GitHub\AlexsMobs-26.2\src\main\java\com\github\alexthe666\alexsmobs\entity\EntityMantisShrimp.java:365: error: cannot find symbol
                    player.displayClientMessage(Component.translatable("entity.alexsmobs.mantis_shrimp.command_3", this.getName()), true);
                          ^
  symbol:   method displayClientMessage(MutableComponent,boolean)
  location: variable player of type Player
C:\Users\justi\Documents\GitHub\AlexsMobs-26.2\src\main\java\com\github\alexthe666\alexsmobs\entity\EntityMantisShrimp.java:367: error: cannot find symbol
                    player.displayClientMessage(Component.translatable("entity.alexsmobs.all.command_" + this.getCommand(), this.getName()), true);
                          ^
  symbol:   method displayClientMessage(MutableComponent,boolean)
  location: variable player of type Player
C:\Users\justi\Documents\GitHub\AlexsMobs-26.2\src\main\java\com\github\alexthe666\alexsmobs\entity\EntityMantisShrimp.java:433: error: addAdditionalSaveData(ValueOutput) has protected access in AbstractFish
                    fish.addAdditionalSaveData(fishNbt);
                        ^
C:\Users\justi\Documents\GitHub\AlexsMobs-26.2\src\main\java\com\github\alexthe666\alexsmobs\entity\EntityMantisShrimp.java:434: error: cannot find symbol
                    fishNbt.putString("DeathLootTable", BuiltInLootTables.EMPTY.toString());
                                                                         ^
  symbol:   variable EMPTY
  location: class BuiltInLootTables
C:\Users\justi\Documents\GitHub\AlexsMobs-26.2\src\main\java\com\github\alexthe666\alexsmobs\entity\EntityMantisShrimp.java:435: error: cannot find symbol
                    fish.readAdditionalSaveData(net.minecraft.world.level.storage.TagValueInput.create(net.minecraft.util.ProblemReporter.DISCARDING, fish.level().registryAccess(), fishNbt.output()));
                                                                                                                                                                                            ^
  symbol:   method output()
  location: variable fishNbt of type TagValueOutput
C:\Users\justi\Documents\GitHub\AlexsMobs-26.2\src\main\java\com\github\alexthe666\alexsmobs\entity\EntityMantisShrimp.java:441: error: cannot find symbol
                    this.getTarget().setSecondsOnFire(2);
                                    ^
  symbol:   method setSecondsOnFire(int)
  location: class LivingEntity
C:\Users\justi\Documents\GitHub\AlexsMobs-26.2\src\main\java\com\github\alexthe666\alexsmobs\entity\EntityMantisShrimp.java:472: error: isAlliedTo(Entity) in EntityMantisShrimp cannot override isAlliedTo(@org.jspecify.annotations.Nullable Entity) in Entity
    public boolean isAlliedTo(Entity entityIn) {
                   ^
  overridden method is final
C:\Users\justi\Documents\GitHub\AlexsMobs-26.2\src\main\java\com\github\alexthe666\alexsmobs\entity\EntityMantisShrimp.java:557: error: cannot find symbol
        if(reason == EntitySpawnReason.SPAWN_EGG){
                                      ^
  symbol:   variable SPAWN_EGG
  location: class EntitySpawnReason
C:\Users\justi\Documents\GitHub\AlexsMobs-26.2\src\main\java\com\github\alexthe666\alexsmobs\entity\EntityMantisShrimp.java:569: error: method does not override or implement a method from a supertype
    @Override
    ^
C:\Users\justi\Documents\GitHub\AlexsMobs-26.2\src\main\java\com\github\alexthe666\alexsmobs\entity\EntityMantisShrimp.java:710: error: cannot find symbol
                this.tameable.moveTo((double) p_226328_1_ + 0.5D, p_226328_2_, (double) p_226328_3_ + 0.5D, this.tameable.getYRot(), this.tameable.getXRot());
                             ^
  symbol:   method moveTo(double,int,double,float,float)
  location: variable tameable of type EntityMantisShrimp
C:\Users\justi\Documents\GitHub\AlexsMobs-26.2\src\main\java\com\github\alexthe666\alexsmobs\entity\EntityMantisShrimp.java:717: error: cannot find symbol
            PathType lvt_2_1_ = WalkNodeEvaluator.getPathTypetatic(this.world, p_226329_1_.mutable());
                                                 ^
  symbol:   method getPathTypetatic(LevelReader,MutableBlockPos)
  location: class WalkNodeEvaluator
C:\Users\justi\Documents\GitHub\AlexsMobs-26.2\src\main\java\com\github\alexthe666\alexsmobs\entity\EntityMimicOctopus.java:169: error: cannot find symbol
        this.setMimicOrdinal(compound.getIntOr("MimicOrdinal", 0));
            ^
  symbol: method setMimicOrdinal(int)
C:\Users\justi\Documents\GitHub\AlexsMobs-26.2\src\main\java\com\github\alexthe666\alexsmobs\entity\EntityMimicOctopus.java:177: error: cannot find symbol
        if (compound.contains("MimickedBlockState")) {
                    ^
  symbol:   method contains(String)
  location: variable compound of type ValueInput
C:\Users\justi\Documents\GitHub\AlexsMobs-26.2\src\main\java\com\github\alexthe666\alexsmobs\entity\EntityMimicOctopus.java:178: error: cannot find symbol
            blockstate = NbtUtils.readBlockState(this.level().holderLookup(Registries.BLOCK), compound.getCompoundOrEmpty("MimickedBlockState"));
                                                                                                      ^
  symbol:   method getCompoundOrEmpty(String)
  location: variable compound of type ValueInput
C:\Users\justi\Documents\GitHub\AlexsMobs-26.2\src\main\java\com\github\alexthe666\alexsmobs\entity\EntityMimicOctopus.java:202: error: cannot find symbol
            compound.put("MimickedBlockState", NbtUtils.writeBlockState(blockstate));
                    ^
  symbol:   method put(String,CompoundTag)
  location: variable compound of type ValueOutput
C:\Users\justi\Documents\GitHub\AlexsMobs-26.2\src\main\java\com\github\alexthe666\alexsmobs\entity\EntityMimicOctopus.java:216: error: cannot find symbol
            stack.setCustomName(this.getCustomName());
                 ^
  symbol:   method setCustomName(Component)
  location: variable stack of type ItemStack
C:\Users\justi\Documents\GitHub\AlexsMobs-26.2\src\main\java\com\github\alexthe666\alexsmobs\entity\EntityMimicOctopus.java:227: error: cannot find symbol
            compound.put("MimicOctopusData", platTag.output());
                                                    ^
  symbol:   method output()
  location: variable platTag of type TagValueOutput
C:\Users\justi\Documents\GitHub\AlexsMobs-26.2\src\main\java\com\github\alexthe666\alexsmobs\entity\EntityMimicOctopus.java:249: error: isAlliedTo(Entity) in EntityMimicOctopus cannot override isAlliedTo(@org.jspecify.annotations.Nullable Entity) in Entity
    public boolean isAlliedTo(Entity entityIn) {
                   ^
  overridden method is final
C:\Users\justi\Documents\GitHub\AlexsMobs-26.2\src\main\java\com\github\alexthe666\alexsmobs\entity\EntityMimicOctopus.java:275: error: method of in class Ingredient cannot be applied to given types;
        this.goalSelector.addGoal(4, new TemptGoal(this, 1.0D, Ingredient.of(AMTagRegistry.MIMIC_OCTOPUS_BREEDABLES, AMTagRegistry.MIMIC_OCTOPUS_TAMEABLES), false) {
                                                                         ^
  required: ItemLike[]
  found:    TagKey<Item>,TagKey<Item>
  reason: varargs mismatch; TagKey<Item> cannot be converted to ItemLike
C:\Users\justi\Documents\GitHub\AlexsMobs-26.2\src\main\java\com\github\alexthe666\alexsmobs\entity\EntityMimicOctopus.java:419: error: cannot find symbol
                player.displayClientMessage(Component.translatable("entity.alexsmobs.all.command_" + this.getCommand(), this.getName()), true);
                      ^
  symbol:   method displayClientMessage(MutableComponent,boolean)
  location: variable player of type Player
C:\Users\justi\Documents\GitHub\AlexsMobs-26.2\src\main\java\com\github\alexthe666\alexsmobs\entity\EntityMimicOctopus.java:695: error: cannot find symbol
        return SoundEvents.BUCKET_FILL_FISH.value();
                                           ^
  symbol:   method value()
  location: variable BUCKET_FILL_FISH of type SoundEvent
C:\Users\justi\Documents\GitHub\AlexsMobs-26.2\src\main\java\com\github\alexthe666\alexsmobs\entity\EntityMimicOctopus.java:874: error: Explosion is abstract; cannot be instantiated
        Explosion explosion = new Explosion(level(), this,  this.damageSources().mobAttack(this), (ExplosionDamageCalculator)null, this.getX(), this.getY(), this.getZ(), 1 + random.nextFloat(), false, Explosion.BlockInteraction.KEEP);
                              ^
C:\Users\justi\Documents\GitHub\AlexsMobs-26.2\src\main\java\com\github\alexthe666\alexsmobs\entity\EntityMimicOctopus.java:875: error: cannot find symbol
        explosion.explode();
                 ^
  symbol:   method explode()
  location: variable explosion of type Explosion
C:\Users\justi\Documents\GitHub\AlexsMobs-26.2\src\main\java\com\github\alexthe666\alexsmobs\entity\EntityMimicOctopus.java:876: error: cannot find symbol
        explosion.finalizeExplosion(true);
                 ^
  symbol:   method finalizeExplosion(boolean)
  location: variable explosion of type Explosion
C:\Users\justi\Documents\GitHub\AlexsMobs-26.2\src\main\java\com\github\alexthe666\alexsmobs\entity\ai\SemiAquaticAIRandomSwimming.java:46: error: cannot find symbol
        if(this.mob.hasRestriction() && this.mob.distanceToSqr(Vec3.atCenterOf(this.mob.getRestrictCenter())) > this.mob.getRestrictRadius() * this.mob.getRestrictRadius()){
                   ^
  symbol:   method hasRestriction()
  location: variable mob of type PathfinderMob
C:\Users\justi\Documents\GitHub\AlexsMobs-26.2\src\main\java\com\github\alexthe666\alexsmobs\entity\ai\SemiAquaticAIRandomSwimming.java:46: error: cannot find symbol
        if(this.mob.hasRestriction() && this.mob.distanceToSqr(Vec3.atCenterOf(this.mob.getRestrictCenter())) > this.mob.getRestrictRadius() * this.mob.getRestrictRadius()){
                                                                                       ^
  symbol:   method getRestrictCenter()
  location: variable mob of type PathfinderMob
C:\Users\justi\Documents\GitHub\AlexsMobs-26.2\src\main\java\com\github\alexthe666\alexsmobs\entity\ai\SemiAquaticAIRandomSwimming.java:46: error: cannot find symbol
        if(this.mob.hasRestriction() && this.mob.distanceToSqr(Vec3.atCenterOf(this.mob.getRestrictCenter())) > this.mob.getRestrictRadius() * this.mob.getRestrictRadius()){
                                                                                                                        ^
  symbol:   method getRestrictRadius()
  location: variable mob of type PathfinderMob
C:\Users\justi\Documents\GitHub\AlexsMobs-26.2\src\main\java\com\github\alexthe666\alexsmobs\entity\ai\SemiAquaticAIRandomSwimming.java:46: error: cannot find symbol
        if(this.mob.hasRestriction() && this.mob.distanceToSqr(Vec3.atCenterOf(this.mob.getRestrictCenter())) > this.mob.getRestrictRadius() * this.mob.getRestrictRadius()){
                                                                                                                                                       ^
  symbol:   method getRestrictRadius()
  location: variable mob of type PathfinderMob
C:\Users\justi\Documents\GitHub\AlexsMobs-26.2\src\main\java\com\github\alexthe666\alexsmobs\entity\ai\SemiAquaticAIRandomSwimming.java:47: error: cannot find symbol
            return DefaultRandomPos.getPosTowards(this.mob, 7, 3, Vec3.atBottomCenterOf(this.mob.getRestrictCenter()), 1);
                                                                                                ^
  symbol:   method getRestrictCenter()
  location: variable mob of type PathfinderMob
C:\Users\justi\Documents\GitHub\AlexsMobs-26.2\src\main\java\com\github\alexthe666\alexsmobs\entity\ai\SemiAquaticAIRandomSwimming.java:57: error: method isPathfindable in class BlockStateBase cannot be applied to given types;
        for(int i = 0; vector3d != null && !this.mob.level().getFluidState(AMBlockPos.fromVec3(vector3d)).is(FluidTags.LAVA) && !this.mob.level().getBlockState(AMBlockPos.fromVec3(vector3d)).isPathfindable(this.mob.level(), AMBlockPos.fromVec3(vector3d), PathComputationType.WATER) && i++ < 15; vector3d = DefaultRandomPos.getPos(this.mob, 10, 7)) {
                                                                                                                                                                                              ^
  required: PathComputationType
  found:    Level,BlockPos,PathComputationType
  reason: actual and formal argument lists differ in length
C:\Users\justi\Documents\GitHub\AlexsMobs-26.2\src\main\java\com\github\alexthe666\alexsmobs\entity\EntityMimicube.java:145: error: method customArrow in class ProjectileWeaponItem cannot be applied to given types;
            abstractarrowentity = ((net.minecraft.world.item.BowItem) this.getMainHandItem().getItem()).customArrow(abstractarrowentity);
                                                                                                       ^
  required: AbstractArrow,ItemStack,ItemStack
  found:    AbstractArrow
  reason: actual and formal argument lists differ in length
C:\Users\justi\Documents\GitHub\AlexsMobs-26.2\src\main\java\com\github\alexthe666\alexsmobs\entity\EntityMimicube.java:157: error: method getMobArrow in class ProjectileUtil cannot be applied to given types;
        return ProjectileUtil.getMobArrow(this, arrowStack, distanceFactor);
                             ^
  required: LivingEntity,ItemStack,float,ItemStack
  found:    EntityMimicube,ItemStack,float
  reason: actual and formal argument lists differ in length
C:\Users\justi\Documents\GitHub\AlexsMobs-26.2\src\main\java\com\github\alexthe666\alexsmobs\entity\EntityMimicube.java:203: error: cannot find symbol
        return this.getMainHandItem().canPerformAction(ItemAbilities.SHIELD_BLOCK) || this.getOffhandItem().canPerformAction(ItemAbilities.SHIELD_BLOCK);
                                                                    ^
  symbol:   variable SHIELD_BLOCK
  location: class ItemAbilities
C:\Users\justi\Documents\GitHub\AlexsMobs-26.2\src\main\java\com\github\alexthe666\alexsmobs\entity\EntityMimicube.java:203: error: cannot find symbol
        return this.getMainHandItem().canPerformAction(ItemAbilities.SHIELD_BLOCK) || this.getOffhandItem().canPerformAction(ItemAbilities.SHIELD_BLOCK);
                                                                                                                                          ^
  symbol:   variable SHIELD_BLOCK
  location: class ItemAbilities
C:\Users\justi\Documents\GitHub\AlexsMobs-26.2\src\main\java\com\github\alexthe666\alexsmobs\entity\EntityMimicube.java:254: error: no suitable constructor found for ItemParticleOption(ParticleType<ItemParticleOption>,ItemStack)
                this.level().addParticle(new ItemParticleOption(ParticleTypes.ITEM, (new ItemStack(AMItemRegistry.MIMICREAM.get().getItem()))), this.getX() + (double)f2, this.getY(), this.getZ() + (double)f3, 0.0D, 0.0D, 0.0D);
                                         ^
    constructor ItemParticleOption.ItemParticleOption(ParticleType<ItemParticleOption>,Item) is not applicable
      (argument mismatch; ItemStack cannot be converted to Item)
    constructor ItemParticleOption.ItemParticleOption(ParticleType<ItemParticleOption>,ItemStackTemplate) is not applicable
      (argument mismatch; ItemStack cannot be converted to ItemStackTemplate)
C:\Users\justi\Documents\GitHub\AlexsMobs-26.2\src\main\java\com\github\alexthe666\alexsmobs\entity\EntityMimicube.java:254: error: cannot find symbol
                this.level().addParticle(new ItemParticleOption(ParticleTypes.ITEM, (new ItemStack(AMItemRegistry.MIMICREAM.get().getItem()))), this.getX() + (double)f2, this.getY(), this.getZ() + (double)f3, 0.0D, 0.0D, 0.0D);
                                                                                                                                 ^
  symbol:   method getItem()
  location: class Item
C:\Users\justi\Documents\GitHub\AlexsMobs-26.2\src\main\java\com\github\alexthe666\alexsmobs\entity\EntityMimicube.java:265: error: cannot find symbol
        if (this.getOffhandItem().getItem().isEdible() && this.getHealth() < this.getMaxHealth()) {
                                           ^
  symbol:   method isEdible()
  location: class Item
C:\Users\justi\Documents\GitHub\AlexsMobs-26.2\src\main\java\com\github\alexthe666\alexsmobs\entity\EntityMimicube.java:281: error: cannot find symbol
                this.playSound(SoundEvents.PLAYER_BURP.value(), this.getSoundVolume(), this.getVoicePitch());
                                                      ^
  symbol:   method value()
  location: variable PLAYER_BURP of type SoundEvent
C:\Users\justi\Documents\GitHub\AlexsMobs-26.2\src\main\java\com\github\alexthe666\alexsmobs\entity\EntityMimicube.java:286: error: cannot find symbol
        } else if (this.getMainHandItem().getItem().isEdible() && this.getHealth() < this.getMaxHealth()) {
                                                   ^
  symbol:   method isEdible()
  location: class Item
C:\Users\justi\Documents\GitHub\AlexsMobs-26.2\src\main\java\com\github\alexthe666\alexsmobs\entity\EntityMimicube.java:304: error: cannot find symbol
                this.playSound(SoundEvents.PLAYER_BURP.value(), this.getSoundVolume(), this.getVoicePitch());
                                                      ^
  symbol:   method value()
  location: variable PLAYER_BURP of type SoundEvent
C:\Users\justi\Documents\GitHub\AlexsMobs-26.2\src\main\java\com\github\alexthe666\alexsmobs\entity\EntityMimicube.java:346: error: jumpFromGround() in EntityMimicube cannot override jumpFromGround() in LivingEntity
    protected void jumpFromGround() {
                   ^
  attempting to assign weaker access privileges; was public
C:\Users\justi\Documents\GitHub\AlexsMobs-26.2\src\main\java\com\github\alexthe666\alexsmobs\client\model\ModelMoose.java:215: error: cannot find symbol
        if (entity != null && entity.isBaby()) {
            ^
  symbol:   variable entity
  location: class ModelMoose
C:\Users\justi\Documents\GitHub\AlexsMobs-26.2\src\main\java\com\github\alexthe666\alexsmobs\client\model\ModelMoose.java:215: error: cannot find symbol
        if (entity != null && entity.isBaby()) {
                              ^
  symbol:   variable entity
  location: class ModelMoose
C:\Users\justi\Documents\GitHub\AlexsMobs-26.2\src\main\java\com\github\alexthe666\alexsmobs\entity\EntityMoose.java:71: error: cannot find symbol
    private static final EntityDataAccessor<Optional<EntityReference<LivingEntity>>> JOSTLER_UUID = SynchedEntityData.defineId(EntityMoose.class, EntityDataSerializers.OPTIONAL_ENTITY_REFERENCE);
                                                                                                                                                                       ^
  symbol:   variable OPTIONAL_ENTITY_REFERENCE
  location: class EntityDataSerializers
C:\Users\justi\Documents\GitHub\AlexsMobs-26.2\src\main\java\com\github\alexthe666\alexsmobs\entity\EntityMoose.java:175: error: cannot find symbol
        if (compound.contains("AntlerTime")) {
                    ^
  symbol:   method contains(String)
  location: variable compound of type ValueInput
C:\Users\justi\Documents\GitHub\AlexsMobs-26.2\src\main\java\com\github\alexthe666\alexsmobs\entity\EntityMoose.java:314: error: incompatible types: EntityReference<LivingEntity> cannot be converted to UUID
        return this.entityData.get(JOSTLER_UUID).orElse(null);
                                                       ^
C:\Users\justi\Documents\GitHub\AlexsMobs-26.2\src\main\java\com\github\alexthe666\alexsmobs\entity\EntityMoose.java:318: error: no suitable method found for set(EntityDataAccessor<Optional<EntityReference<LivingEntity>>>,Optional<UUID>)
        this.entityData.set(JOSTLER_UUID, Optional.ofNullable(uniqueId));
                       ^
    method SynchedEntityData.<T#1>set(EntityDataAccessor<T#1>,T#1) is not applicable
      (inference variable T#2 has incompatible bounds
        equality constraints: EntityReference<LivingEntity>
        lower bounds: UUID)
    method SynchedEntityData.<T#3>set(EntityDataAccessor<T#3>,T#3,boolean) is not applicable
      (cannot infer type-variable(s) T#3
        (actual and formal argument lists differ in length))
  where T#1,T#2,T#3 are type-variables:
    T#1 extends Object declared in method <T#1>set(EntityDataAccessor<T#1>,T#1)
    T#2 extends Object declared in method <T#2>ofNullable(T#2)
    T#3 extends Object declared in method <T#3>set(EntityDataAccessor<T#3>,T#3,boolean)
C:\Users\justi\Documents\GitHub\AlexsMobs-26.2\src\main\java\com\github\alexthe666\alexsmobs\entity\EntityMoose.java:344: error: cannot find symbol
                itemstack.hurt(1, this.getRandom(), player instanceof ServerPlayer ? (ServerPlayer) player : null);
                         ^
  symbol:   method hurt(int,RandomSource,player ins[...] null)
  location: variable itemstack of type ItemStack
C:\Users\justi\Documents\GitHub\AlexsMobs-26.2\src\main\java\com\github\alexthe666\alexsmobs\client\model\ModelMudskipper.java:143: error: method does not override or implement a method from a supertype
    @Override
    ^
C:\Users\justi\Documents\GitHub\AlexsMobs-26.2\src\main\java\com\github\alexthe666\alexsmobs\client\model\ModelMudskipper.java:145: error: cannot find symbol
        if (entity != null && entity.isBaby()) {
            ^
  symbol:   variable entity
  location: class ModelMudskipper
C:\Users\justi\Documents\GitHub\AlexsMobs-26.2\src\main\java\com\github\alexthe666\alexsmobs\client\model\ModelMudskipper.java:145: error: cannot find symbol
        if (entity != null && entity.isBaby()) {
                              ^
  symbol:   variable entity
  location: class ModelMudskipper
C:\Users\justi\Documents\GitHub\AlexsMobs-26.2\src\main\java\com\github\alexthe666\alexsmobs\entity\EntityMudskipper.java:81: error: cannot find symbol
    private static final EntityDataAccessor<Optional<EntityReference<LivingEntity>>> DISPLAYER_UUID = SynchedEntityData.defineId(EntityMudskipper.class, EntityDataSerializers.OPTIONAL_ENTITY_REFERENCE);
                                                                                                                                                                              ^
  symbol:   variable OPTIONAL_ENTITY_REFERENCE
  location: class EntityDataSerializers
C:\Users\justi\Documents\GitHub\AlexsMobs-26.2\src\main\java\com\github\alexthe666\alexsmobs\entity\EntityMudskipper.java:300: error: incompatible types: EntityReference<LivingEntity> cannot be converted to UUID
        return this.entityData.get(DISPLAYER_UUID).orElse(null);
                                                         ^
C:\Users\justi\Documents\GitHub\AlexsMobs-26.2\src\main\java\com\github\alexthe666\alexsmobs\entity\EntityMudskipper.java:304: error: no suitable method found for set(EntityDataAccessor<Optional<EntityReference<LivingEntity>>>,Optional<UUID>)
        this.entityData.set(DISPLAYER_UUID, Optional.ofNullable(uniqueId));
                       ^
    method SynchedEntityData.<T#1>set(EntityDataAccessor<T#1>,T#1) is not applicable
      (inference variable T#2 has incompatible bounds
        equality constraints: EntityReference<LivingEntity>
        lower bounds: UUID)
    method SynchedEntityData.<T#3>set(EntityDataAccessor<T#3>,T#3,boolean) is not applicable
      (cannot infer type-variable(s) T#3
        (actual and formal argument lists differ in length))
  where T#1,T#2,T#3 are type-variables:
    T#1 extends Object declared in method <T#1>set(EntityDataAccessor<T#1>,T#1)
    T#2 extends Object declared in method <T#2>ofNullable(T#2)
    T#3 extends Object declared in method <T#3>set(EntityDataAccessor<T#3>,T#3,boolean)
C:\Users\justi\Documents\GitHub\AlexsMobs-26.2\src\main\java\com\github\alexthe666\alexsmobs\entity\EntityMudskipper.java:413: error: cannot find symbol
            stack.setCustomName(this.getCustomName());
                 ^
  symbol:   method setCustomName(Component)
  location: variable stack of type ItemStack
C:\Users\justi\Documents\GitHub\AlexsMobs-26.2\src\main\java\com\github\alexthe666\alexsmobs\entity\EntityMudskipper.java:424: error: cannot find symbol
            compound.put("MudskipperData", platTag.output());
                                                  ^
  symbol:   method output()
  location: variable platTag of type TagValueOutput
C:\Users\justi\Documents\GitHub\AlexsMobs-26.2\src\main\java\com\github\alexthe666\alexsmobs\entity\EntityMudskipper.java:439: error: cannot find symbol
        return SoundEvents.BUCKET_FILL_FISH.value();
                                           ^
  symbol:   method value()
  location: variable BUCKET_FILL_FISH of type SoundEvent
C:\Users\justi\Documents\GitHub\AlexsMobs-26.2\src\main\java\com\github\alexthe666\alexsmobs\entity\EntityMudskipper.java:485: error: cannot find symbol
            player.displayClientMessage(Component.translatable("entity.alexsmobs.all.command_" + this.getCommand(), this.getName()), true);
                  ^
  symbol:   method displayClientMessage(MutableComponent,boolean)
  location: variable player of type Player
C:\Users\justi\Documents\GitHub\AlexsMobs-26.2\src\main\java\com\github\alexthe666\alexsmobs\entity\EntityMudskipper.java:498: error: isAlliedTo(Entity) in EntityMudskipper cannot override isAlliedTo(@org.jspecify.annotations.Nullable Entity) in Entity
    public boolean isAlliedTo(Entity entityIn) {
                   ^
  overridden method is final
C:\Users\justi\Documents\GitHub\AlexsMobs-26.2\src\main\java\com\github\alexthe666\alexsmobs\client\model\ModelMungus.java:143: error: cannot find symbol
		if (entity != null && entity.isBaby()) {
		    ^
  symbol:   variable entity
  location: class ModelMungus
C:\Users\justi\Documents\GitHub\AlexsMobs-26.2\src\main\java\com\github\alexthe666\alexsmobs\client\model\ModelMungus.java:143: error: cannot find symbol
		if (entity != null && entity.isBaby()) {
		                      ^
  symbol:   variable entity
  location: class ModelMungus
C:\Users\justi\Documents\GitHub\AlexsMobs-26.2\src\main\java\com\github\alexthe666\alexsmobs\entity\EntityMungus.java:70: error: EntityMungus is not abstract and does not override abstract method shear(ServerLevel,SoundSource,ItemStack) in Shearable
public class EntityMungus extends Animal implements ITargetsDroppedItems, Shearable, net.neoforged.neoforge.common.IShearable {
       ^
C:\Users\justi\Documents\GitHub\AlexsMobs-26.2\src\main\java\com\github\alexthe666\alexsmobs\entity\EntityMungus.java:232: error: cannot find symbol
            Registry<Biome> registry = serverLevel.getServer().registryAccess().registryOrThrow(Registries.BIOME);
                                                                               ^
  symbol:   method registryOrThrow(ResourceKey<Registry<Biome>>)
  location: interface Frozen
C:\Users\justi\Documents\GitHub\AlexsMobs-26.2\src\main\java\com\github\alexthe666\alexsmobs\entity\EntityMungus.java:233: error: cannot find symbol
            Holder<Biome> biome = registry.getHolder(Biomes.MUSHROOM_FIELDS).get();
                                          ^
  symbol:   method getHolder(ResourceKey<Biome>)
  location: variable registry of type Registry<Biome>
C:\Users\justi\Documents\GitHub\AlexsMobs-26.2\src\main\java\com\github\alexthe666\alexsmobs\entity\EntityMungus.java:261: error: incompatible types: Reference<SoundEvent> cannot be converted to SoundEvent
            this.playSound(SoundEvents.GENERIC_EXPLODE, this.getSoundVolume(), this.getVoicePitch());
                                      ^
C:\Users\justi\Documents\GitHub\AlexsMobs-26.2\src\main\java\com\github\alexthe666\alexsmobs\entity\EntityMungus.java:284: error: cannot find symbol
        Registry<Biome> registry = this.level().registryAccess().registryOrThrow(Registries.BIOME);
                                                                ^
  symbol:   method registryOrThrow(ResourceKey<Registry<Biome>>)
  location: interface RegistryAccess
C:\Users\justi\Documents\GitHub\AlexsMobs-26.2\src\main\java\com\github\alexthe666\alexsmobs\entity\EntityMungus.java:294: error: cannot find symbol
            return registry.getHolder(resourceKey).orElse(null);
                           ^
  symbol:   method getHolder(ResourceKey<Biome>)
  location: variable registry of type Registry<Biome>
C:\Users\justi\Documents\GitHub\AlexsMobs-26.2\src\main\java\com\github\alexthe666\alexsmobs\entity\EntityMungus.java:315: error: biomes has private access in LevelChunkSection
            section.biomes = container;
                   ^
C:\Users\justi\Documents\GitHub\AlexsMobs-26.2\src\main\java\com\github\alexthe666\alexsmobs\entity\EntityMungus.java:351: error: cannot find symbol
                Identifier biomeKey = BuiltInRegistries.BIOME.getKey(biome.value());
                                                       ^
  symbol:   variable BIOME
  location: class BuiltInRegistries
C:\Users\justi\Documents\GitHub\AlexsMobs-26.2\src\main\java\com\github\alexthe666\alexsmobs\entity\EntityMungus.java:410: error: cannot find symbol
        this.getEntityData().define(TARGETED_BLOCK_POS, Optional.empty());
                            ^
  symbol:   method define(EntityDataAccessor<Optional<BlockPos>>,Optional<Object>)
  location: class SynchedEntityData
C:\Users\justi\Documents\GitHub\AlexsMobs-26.2\src\main\java\com\github\alexthe666\alexsmobs\entity\EntityMungus.java:422: error: cannot find symbol
            compound.put("MushroomState", NbtUtils.writeBlockState(blockstate));
                    ^
  symbol:   method put(String,CompoundTag)
  location: variable compound of type ValueOutput
C:\Users\justi\Documents\GitHub\AlexsMobs-26.2\src\main\java\com\github\alexthe666\alexsmobs\entity\EntityMungus.java:429: error: cannot find symbol
            compound.put("BeamTarget", NbtUtils.writeBlockPos(this.getBeamTarget()));
                                               ^
  symbol:   method writeBlockPos(BlockPos)
  location: class NbtUtils
C:\Users\justi\Documents\GitHub\AlexsMobs-26.2\src\main\java\com\github\alexthe666\alexsmobs\entity\EntityMungus.java:437: error: cannot find symbol
        if (compound.contains("MushroomState")) {
                    ^
  symbol:   method contains(String)
  location: variable compound of type ValueInput
C:\Users\justi\Documents\GitHub\AlexsMobs-26.2\src\main\java\com\github\alexthe666\alexsmobs\entity\EntityMungus.java:438: error: cannot find symbol
            blockstate = NbtUtils.readBlockState(this.level().holderLookup(Registries.BLOCK), compound.getCompoundOrEmpty("MushroomState"));
                                                                                                      ^
  symbol:   method getCompoundOrEmpty(String)
  location: variable compound of type ValueInput
C:\Users\justi\Documents\GitHub\AlexsMobs-26.2\src\main\java\com\github\alexthe666\alexsmobs\entity\EntityMungus.java:443: error: cannot find symbol
        if (compound.contains("BeamTarget")) {
                    ^
  symbol:   method contains(String)
  location: variable compound of type ValueInput
C:\Users\justi\Documents\GitHub\AlexsMobs-26.2\src\main\java\com\github\alexthe666\alexsmobs\entity\EntityMungus.java:444: error: cannot find symbol
            this.setBeamTarget(NbtUtils.readBlockPos(compound.getCompoundOrEmpty("BeamTarget")));
                                                             ^
  symbol:   method getCompoundOrEmpty(String)
  location: variable compound of type ValueInput
C:\Users\justi\Documents\GitHub\AlexsMobs-26.2\src\main\java\com\github\alexthe666\alexsmobs\entity\EntityMungus.java:451: error: cannot find symbol
        if (compound.contains("EggTime")) {
                    ^
  symbol:   method contains(String)
  location: variable compound of type ValueInput
C:\Users\justi\Documents\GitHub\AlexsMobs-26.2\src\main\java\com\github\alexthe666\alexsmobs\entity\EntityMungus.java:493: error: method isValidBonemealTarget in interface BonemealableBlock cannot be applied to given types;
                        if (igrowable.isValidBonemealTarget(this.level(), t, state, this.level().isClientSide())) {
                                     ^
  required: LevelReader,BlockPos,BlockState
  found:    Level,BlockPos,BlockState,boolean
  reason: actual and formal argument lists differ in length
C:\Users\justi\Documents\GitHub\AlexsMobs-26.2\src\main\java\com\github\alexthe666\alexsmobs\entity\EntityMungus.java:633: error: method does not override or implement a method from a supertype
    @Override
    ^
C:\Users\justi\Documents\GitHub\AlexsMobs-26.2\src\main\java\com\github\alexthe666\alexsmobs\entity\EntityMungus.java:638: error: method does not override or implement a method from a supertype
    @Override
    ^
C:\Users\justi\Documents\GitHub\AlexsMobs-26.2\src\main\java\com\github\alexthe666\alexsmobs\entity\EntityMungus.java:654: error: method does not override or implement a method from a supertype
    @Override
    ^
C:\Users\justi\Documents\GitHub\AlexsMobs-26.2\src\main\java\com\github\alexthe666\alexsmobs\entity\EntityMurmur.java:42: error: cannot find symbol
    private static final EntityDataAccessor<Optional<EntityReference<LivingEntity>>> HEAD_UUID = SynchedEntityData.defineId(EntityMurmur.class, EntityDataSerializers.OPTIONAL_ENTITY_REFERENCE);
                                                                                                                                                                     ^
  symbol:   variable OPTIONAL_ENTITY_REFERENCE
  location: class EntityDataSerializers
C:\Users\justi\Documents\GitHub\AlexsMobs-26.2\src\main\java\com\github\alexthe666\alexsmobs\entity\EntityMurmur.java:83: error: isAlliedTo(Entity) in EntityMurmur cannot override isAlliedTo(@org.jspecify.annotations.Nullable Entity) in Entity
    public boolean isAlliedTo(Entity entity) {
                   ^
  overridden method is final
C:\Users\justi\Documents\GitHub\AlexsMobs-26.2\src\main\java\com\github\alexthe666\alexsmobs\entity\EntityMurmur.java:87: error: method does not override or implement a method from a supertype
    @Override
    ^
C:\Users\justi\Documents\GitHub\AlexsMobs-26.2\src\main\java\com\github\alexthe666\alexsmobs\entity\EntityMurmur.java:89: error: height has private access in EntityDimensions
        return dimensions.height * 1.2F;
                         ^
C:\Users\justi\Documents\GitHub\AlexsMobs-26.2\src\main\java\com\github\alexthe666\alexsmobs\entity\EntityMurmur.java:105: error: incompatible types: EntityReference<LivingEntity> cannot be converted to UUID
        return this.entityData.get(HEAD_UUID).orElse(null);
                                                    ^
C:\Users\justi\Documents\GitHub\AlexsMobs-26.2\src\main\java\com\github\alexthe666\alexsmobs\entity\EntityMurmur.java:109: error: no suitable method found for set(EntityDataAccessor<Optional<EntityReference<LivingEntity>>>,Optional<UUID>)
        this.entityData.set(HEAD_UUID, Optional.ofNullable(uniqueId));
                       ^
    method SynchedEntityData.<T#1>set(EntityDataAccessor<T#1>,T#1) is not applicable
      (inference variable T#2 has incompatible bounds
        equality constraints: EntityReference<LivingEntity>
        lower bounds: UUID)
    method SynchedEntityData.<T#3>set(EntityDataAccessor<T#3>,T#3,boolean) is not applicable
      (cannot infer type-variable(s) T#3
        (actual and formal argument lists differ in length))
  where T#1,T#2,T#3 are type-variables:
    T#1 extends Object declared in method <T#1>set(EntityDataAccessor<T#1>,T#1)
    T#2 extends Object declared in method <T#2>ofNullable(T#2)
    T#3 extends Object declared in method <T#3>set(EntityDataAccessor<T#3>,T#3,boolean)
C:\Users\justi\Documents\GitHub\AlexsMobs-26.2\src\main\java\com\github\alexthe666\alexsmobs\client\model\ModelMurmurHead.java:91: error: cannot find symbol
            f1 += Mth.sin(Mth.lerp(partialTicks, entity.walkDistO, entity.walkDist) * 6.0F) * 32.0F * 1F;
                                                       ^
  symbol:   variable walkDistO
  location: variable entity of type EntityMurmurHead
C:\Users\justi\Documents\GitHub\AlexsMobs-26.2\src\main\java\com\github\alexthe666\alexsmobs\client\model\ModelMurmurHead.java:91: error: cannot find symbol
            f1 += Mth.sin(Mth.lerp(partialTicks, entity.walkDistO, entity.walkDist) * 6.0F) * 32.0F * 1F;
                                                                         ^
  symbol:   variable walkDist
  location: variable entity of type EntityMurmurHead
C:\Users\justi\Documents\GitHub\AlexsMobs-26.2\src\main\java\com\github\alexthe666\alexsmobs\entity\EntityMurmurHead.java:56: error: cannot find symbol
    private static final EntityDataAccessor<Optional<EntityReference<LivingEntity>>> BODY_UUID = SynchedEntityData.defineId(EntityMurmurHead.class, EntityDataSerializers.OPTIONAL_ENTITY_REFERENCE);
                                                                                                                                                                         ^
  symbol:   variable OPTIONAL_ENTITY_REFERENCE
  location: class EntityDataSerializers
C:\Users\justi\Documents\GitHub\AlexsMobs-26.2\src\main\java\com\github\alexthe666\alexsmobs\entity\EntityMurmurHead.java:85: error: cannot find symbol
        flyingpathnavigation.setCanPassDoors(true);
                            ^
  symbol:   method setCanPassDoors(boolean)
  location: variable flyingpathnavigation of type FlyingPathNavigation
C:\Users\justi\Documents\GitHub\AlexsMobs-26.2\src\main\java\com\github\alexthe666\alexsmobs\entity\EntityMurmurHead.java:177: error: incompatible types: EntityReference<LivingEntity> cannot be converted to UUID
        return this.entityData.get(BODY_UUID).orElse(null);
                                                    ^
C:\Users\justi\Documents\GitHub\AlexsMobs-26.2\src\main\java\com\github\alexthe666\alexsmobs\entity\EntityMurmurHead.java:181: error: no suitable method found for set(EntityDataAccessor<Optional<EntityReference<LivingEntity>>>,Optional<UUID>)
        this.entityData.set(BODY_UUID, Optional.ofNullable(uniqueId));
                       ^
    method SynchedEntityData.<T#1>set(EntityDataAccessor<T#1>,T#1) is not applicable
      (inference variable T#2 has incompatible bounds
        equality constraints: EntityReference<LivingEntity>
        lower bounds: UUID)
    method SynchedEntityData.<T#3>set(EntityDataAccessor<T#3>,T#3,boolean) is not applicable
      (cannot infer type-variable(s) T#3
        (actual and formal argument lists differ in length))
  where T#1,T#2,T#3 are type-variables:
    T#1 extends Object declared in method <T#1>set(EntityDataAccessor<T#1>,T#1)
    T#2 extends Object declared in method <T#2>ofNullable(T#2)
    T#3 extends Object declared in method <T#3>set(EntityDataAccessor<T#3>,T#3,boolean)
C:\Users\justi\Documents\GitHub\AlexsMobs-26.2\src\main\java\com\github\alexthe666\alexsmobs\entity\EntityMurmurHead.java:209: error: method does not override or implement a method from a supertype
    @Override
    ^
C:\Users\justi\Documents\GitHub\AlexsMobs-26.2\src\main\java\com\github\alexthe666\alexsmobs\entity\EntityMurmurHead.java:211: error: height has private access in EntityDimensions
        return dimensions.height * 0.35F;
                         ^
C:\Users\justi\Documents\GitHub\AlexsMobs-26.2\src\main\java\com\github\alexthe666\alexsmobs\entity\EntityMurmurHead.java:286: error: hurt(DamageSource,float) in EntityMurmurHead cannot override hurt(DamageSource,float) in Entity
    public boolean hurt(DamageSource source, float damage) {
                   ^
  overridden method is final
C:\Users\justi\Documents\GitHub\AlexsMobs-26.2\src\main\java\com\github\alexthe666\alexsmobs\entity\EntityMurmurHead.java:285: error: method does not override or implement a method from a supertype
    @Override
    ^
C:\Users\justi\Documents\GitHub\AlexsMobs-26.2\src\main\java\com\github\alexthe666\alexsmobs\entity\EntityMurmurHead.java:288: error: method isInvulnerableTo in class EntityMurmurHead cannot be applied to given types;
        if(isInvulnerableTo(source)){
           ^
  required: ServerLevel,DamageSource
  found:    DamageSource
  reason: actual and formal argument lists differ in length
C:\Users\justi\Documents\GitHub\AlexsMobs-26.2\src\main\java\com\github\alexthe666\alexsmobs\entity\EntityMurmurHead.java:291: error: 'void' type not allowed here
        if(body != null && body.hurt(source, 0.5F * damage)){
                                    ^
C:\Users\justi\Documents\GitHub\AlexsMobs-26.2\src\main\java\com\github\alexthe666\alexsmobs\entity\EntityMurmurHead.java:294: error: incompatible types: void cannot be converted to boolean
        return super.hurt(source, damage);
                         ^
C:\Users\justi\Documents\GitHub\AlexsMobs-26.2\src\main\java\com\github\alexthe666\alexsmobs\entity\EntityMurmurHead.java:344: error: isAlliedTo(Entity) in EntityMurmurHead cannot override isAlliedTo(@org.jspecify.annotations.Nullable Entity) in Entity
    public boolean isAlliedTo(Entity entity) {
                   ^
  overridden method is final
C:\Users\justi\Documents\GitHub\AlexsMobs-26.2\src\main\java\com\github\alexthe666\alexsmobs\entity\EntityMurmurHead.java:473: error: cannot find symbol
                            EntityMurmurHead.this.gameEvent(GameEvent.ENTITY_ROAR);
                                                                     ^
  symbol:   variable ENTITY_ROAR
  location: class GameEvent
C:\Users\justi\Documents\GitHub\AlexsMobs-26.2\src\main\java\com\github\alexthe666\alexsmobs\client\model\ModelMysteriousWorm.java:67: error: method does not override or implement a method from a supertype
    @Override
    ^
C:\Users\justi\Documents\GitHub\AlexsMobs-26.2\src\main\java\com\github\alexthe666\alexsmobs\client\model\ModelOrca.java:118: error: cannot find symbol
        if (entity != null && entity.isBaby()) {
            ^
  symbol:   variable entity
  location: class ModelOrca
C:\Users\justi\Documents\GitHub\AlexsMobs-26.2\src\main\java\com\github\alexthe666\alexsmobs\client\model\ModelOrca.java:118: error: cannot find symbol
        if (entity != null && entity.isBaby()) {
                              ^
  symbol:   variable entity
  location: class ModelOrca
C:\Users\justi\Documents\GitHub\AlexsMobs-26.2\src\main\java\com\github\alexthe666\alexsmobs\entity\EntityOrca.java:155: error: cannot find symbol
        this.goalSelector.addGoal(8, new FollowBoatGoal(this));
                                         ^
  symbol:   class FollowBoatGoal
  location: class EntityOrca
C:\Users\justi\Documents\GitHub\AlexsMobs-26.2\src\main\java\com\github\alexthe666\alexsmobs\entity\EntityOrca.java:278: error: incompatible types: void cannot be converted to boolean
                boolean flag = attackTarget.hurt(this.damageSources().mobAttack(this), damage);
                                                ^
C:\Users\justi\Documents\GitHub\AlexsMobs-26.2\src\main\java\com\github\alexthe666\alexsmobs\entity\EntityOrca.java:280: error: cannot find symbol
                    this.doEnchantDamageEffects(this, attackTarget);
                        ^
  symbol: method doEnchantDamageEffects(EntityOrca,LivingEntity)
C:\Users\justi\Documents\GitHub\AlexsMobs-26.2\src\main\java\com\github\alexthe666\alexsmobs\entity\EntityOrca.java:289: error: incompatible types: void cannot be converted to boolean
                boolean flag = attackTarget.hurt(this.damageSources().mobAttack(this), damage);
                                                ^
C:\Users\justi\Documents\GitHub\AlexsMobs-26.2\src\main\java\com\github\alexthe666\alexsmobs\entity\EntityOrca.java:291: error: cannot find symbol
                    this.doEnchantDamageEffects(this, attackTarget);
                        ^
  symbol: method doEnchantDamageEffects(EntityOrca,LivingEntity)
C:\Users\justi\Documents\GitHub\AlexsMobs-26.2\src\main\java\com\github\alexthe666\alexsmobs\entity\EntityOrca.java:409: error: incompatible types: void cannot be converted to boolean
        boolean flag = entityIn.hurt(this.damageSources().mobAttack(this), (float) ((int) this.getAttributeValue(Attributes.ATTACK_DAMAGE)));
                                    ^
C:\Users\justi\Documents\GitHub\AlexsMobs-26.2\src\main\java\com\github\alexthe666\alexsmobs\entity\EntityOrca.java:411: error: cannot find symbol
            this.doEnchantDamageEffects(this, entityIn);
                ^
  symbol: method doEnchantDamageEffects(EntityOrca,LivingEntity)
C:\Users\justi\Documents\GitHub\AlexsMobs-26.2\src\main\java\com\github\alexthe666\alexsmobs\entity\EntityOrca.java:436: error: incompatible types: TargetingConditions cannot be converted to Entity
            this.targetPlayer = this.dolphin.level().getNearestPlayer(EntityOrca.PLAYER_PREDICATE, this.dolphin);
                                                                                ^
C:\Users\justi\Documents\GitHub\AlexsMobs-26.2\src\main\java\com\github\alexthe666\alexsmobs\client\model\ModelPlatypus.java:154: error: method does not override or implement a method from a supertype
    @Override
    ^
C:\Users\justi\Documents\GitHub\AlexsMobs-26.2\src\main\java\com\github\alexthe666\alexsmobs\client\model\ModelPlatypus.java:156: error: cannot find symbol
        if (entity != null && entity.isBaby()) {
            ^
  symbol:   variable entity
  location: class ModelPlatypus
C:\Users\justi\Documents\GitHub\AlexsMobs-26.2\src\main\java\com\github\alexthe666\alexsmobs\client\model\ModelPlatypus.java:156: error: cannot find symbol
        if (entity != null && entity.isBaby()) {
                              ^
  symbol:   variable entity
  location: class ModelPlatypus
C:\Users\justi\Documents\GitHub\AlexsMobs-26.2\src\main\java\com\github\alexthe666\alexsmobs\entity\EntityPlatypus.java:113: error: cannot find symbol
            stack.setCustomName(this.getCustomName());
                 ^
  symbol:   method setCustomName(Component)
  location: variable stack of type ItemStack
C:\Users\justi\Documents\GitHub\AlexsMobs-26.2\src\main\java\com\github\alexthe666\alexsmobs\entity\EntityPlatypus.java:124: error: cannot find symbol
            compound.put("PlatypusData", platTag.output());
                                                ^
  symbol:   method output()
  location: variable platTag of type TagValueOutput
C:\Users\justi\Documents\GitHub\AlexsMobs-26.2\src\main\java\com\github\alexthe666\alexsmobs\entity\EntityPlatypus.java:145: error: cannot find symbol
            return InteractionResult.sidedSuccess(this.level().isClientSide());
                                    ^
  symbol:   method sidedSuccess(boolean)
  location: interface InteractionResult
C:\Users\justi\Documents\GitHub\AlexsMobs-26.2\src\main\java\com\github\alexthe666\alexsmobs\entity\EntityPlatypus.java:153: error: cannot find symbol
            return InteractionResult.sidedSuccess(this.level().isClientSide());
                                    ^
  symbol:   method sidedSuccess(boolean)
  location: interface InteractionResult
C:\Users\justi\Documents\GitHub\AlexsMobs-26.2\src\main\java\com\github\alexthe666\alexsmobs\entity\EntityPlatypus.java:239: error: no suitable method found for addParticle(BlockParticleOption,boolean,double,double,double,double,double,double)
                    level().addParticle(new BlockParticleOption(ParticleTypes.BLOCK, state), true, this.getX() + extraX, ground.getY() + extraY, this.getZ() + extraZ, motionX, motionY, motionZ);
                           ^
    method Level.addParticle(ParticleOptions,double,double,double,double,double,double) is not applicable
      (actual and formal argument lists differ in length)
    method Level.addParticle(ParticleOptions,boolean,boolean,double,double,double,double,double,double) is not applicable
      (actual and formal argument lists differ in length)
C:\Users\justi\Documents\GitHub\AlexsMobs-26.2\src\main\java\com\github\alexthe666\alexsmobs\entity\EntityPlatypus.java:258: error: method moveRelative in class Entity cannot be applied to given types;
            this.moveRelative(this.getSpeed());
                ^
  required: float,Vec3
  found:    float
  reason: actual and formal argument lists differ in length
C:\Users\justi\Documents\GitHub\AlexsMobs-26.2\src\main\java\com\github\alexthe666\alexsmobs\entity\EntityPlatypus.java:337: error: cannot find symbol
        return SoundEvents.BUCKET_FILL_FISH.value();
                                           ^
  symbol:   method value()
  location: variable BUCKET_FILL_FISH of type SoundEvent
C:\Users\justi\Documents\GitHub\AlexsMobs-26.2\src\main\java\com\github\alexthe666\alexsmobs\entity\EntityPlatypus.java:460: error: cannot find symbol
        this.playSound(SoundEvents.CAT_EAT.value(), this.getSoundVolume(), this.getVoicePitch());
                                  ^
  symbol:   variable CAT_EAT
  location: class SoundEvents
C:\Users\justi\Documents\GitHub\AlexsMobs-26.2\src\main\java\com\github\alexthe666\alexsmobs\entity\EntityPlatypus.java:504: error: cannot find symbol
            if (this.level.getGameRules().getBooleanOr(GameRules.RULE_DOMOBLOOT, false)) {
                                                       ^
  symbol:   variable GameRules
  location: class MateGoal
C:\Users\justi\Documents\GitHub\AlexsMobs-26.2\src\main\java\com\github\alexthe666\alexsmobs\client\model\ModelPotoo.java:167: error: cannot find symbol
        if (entity != null && entity.isBaby()) {
            ^
  symbol:   variable entity
  location: class ModelPotoo
C:\Users\justi\Documents\GitHub\AlexsMobs-26.2\src\main\java\com\github\alexthe666\alexsmobs\client\model\ModelPotoo.java:167: error: cannot find symbol
        if (entity != null && entity.isBaby()) {
                              ^
  symbol:   variable entity
  location: class ModelPotoo
C:\Users\justi\Documents\GitHub\AlexsMobs-26.2\src\main\java\com\github\alexthe666\alexsmobs\entity\EntityPotoo.java:212: error: cannot find symbol
                this.setSleeping((this.level().getDayTime() % 24000L < 13000L) && (this.getTarget() == null || !this.getTarget().isAlive()));
                                              ^
  symbol:   method getDayTime()
  location: class Level
C:\Users\justi\Documents\GitHub\AlexsMobs-26.2\src\main\java\com\github\alexthe666\alexsmobs\entity\EntityPotoo.java:240: error: cannot find symbol
                    this.gameEvent(GameEvent.ENTITY_ROAR);
                                            ^
  symbol:   variable ENTITY_ROAR
  location: class GameEvent
C:\Users\justi\Documents\GitHub\AlexsMobs-26.2\src\main\java\com\github\alexthe666\alexsmobs\entity\EntityPotoo.java:246: error: cannot find symbol
                    this.gameEvent(GameEvent.ENTITY_ROAR);
                                            ^
  symbol:   variable ENTITY_ROAR
  location: class GameEvent
C:\Users\justi\Documents\GitHub\AlexsMobs-26.2\src\main\java\com\github\alexthe666\alexsmobs\entity\EntityPotoo.java:375: error: cannot find symbol
        if (compound.contains("PerchX") && compound.contains("PerchY") && compound.contains("PerchZ")) {
                    ^
  symbol:   method contains(String)
  location: variable compound of type ValueInput
C:\Users\justi\Documents\GitHub\AlexsMobs-26.2\src\main\java\com\github\alexthe666\alexsmobs\entity\EntityPotoo.java:375: error: cannot find symbol
        if (compound.contains("PerchX") && compound.contains("PerchY") && compound.contains("PerchZ")) {
                                                   ^
  symbol:   method contains(String)
  location: variable compound of type ValueInput
C:\Users\justi\Documents\GitHub\AlexsMobs-26.2\src\main\java\com\github\alexthe666\alexsmobs\entity\EntityPotoo.java:375: error: cannot find symbol
        if (compound.contains("PerchX") && compound.contains("PerchY") && compound.contains("PerchZ")) {
                                                                                  ^
  symbol:   method contains(String)
  location: variable compound of type ValueInput
C:\Users\justi\Documents\GitHub\AlexsMobs-26.2\src\main\java\com\github\alexthe666\alexsmobs\entity\EntityPotoo.java:660: error: cannot find symbol
            return (perchingTime < 300 || (EntityPotoo.this.level().getDayTime() % 24000L < 13000L)) && (EntityPotoo.this.getTarget() == null || !EntityPotoo.this.getTarget().isAlive()) && !EntityPotoo.this.isPassenger();
                                                                   ^
  symbol:   method getDayTime()
  location: class Level
C:\Users\justi\Documents\GitHub\AlexsMobs-26.2\src\main\java\com\github\alexthe666\alexsmobs\client\model\ModelRaccoon.java:232: error: cannot find symbol
        if (entity != null && entity.isBaby()) {
            ^
  symbol:   variable entity
  location: class ModelRaccoon
C:\Users\justi\Documents\GitHub\AlexsMobs-26.2\src\main\java\com\github\alexthe666\alexsmobs\client\model\ModelRaccoon.java:232: error: cannot find symbol
        if (entity != null && entity.isBaby()) {
                              ^
  symbol:   variable entity
  location: class ModelRaccoon
C:\Users\justi\Documents\GitHub\AlexsMobs-26.2\src\main\java\com\github\alexthe666\alexsmobs\entity\EntityRaccoon.java:147: error: isAlliedTo(Entity) in EntityRaccoon cannot override isAlliedTo(@org.jspecify.annotations.Nullable Entity) in Entity
    public boolean isAlliedTo(Entity entityIn) {
                   ^
  overridden method is final
C:\Users\justi\Documents\GitHub\AlexsMobs-26.2\src\main\java\com\github\alexthe666\alexsmobs\entity\EntityRaccoon.java:229: error: incompatible types: Reference<SoundEvent> cannot be converted to SoundEvent
                this.playSound(SoundEvents.LLAMA_SWAG, 1.0F, (this.random.nextFloat() - this.random.nextFloat()) * 0.2F + 1.0F);
                                          ^
C:\Users\justi\Documents\GitHub\AlexsMobs-26.2\src\main\java\com\github\alexthe666\alexsmobs\entity\EntityRaccoon.java:235: error: cannot find symbol
        } else if (owner && this.getColor() != null && itemstack.is(Tags.Items.SHEARS)) {
                                                                              ^
  symbol:   variable SHEARS
  location: class Items
C:\Users\justi\Documents\GitHub\AlexsMobs-26.2\src\main\java\com\github\alexthe666\alexsmobs\entity\EntityRaccoon.java:249: error: cannot find symbol
                if (itemstack.hasCraftingRemainingItem()) {
                             ^
  symbol:   method hasCraftingRemainingItem()
  location: variable itemstack of type ItemStack
C:\Users\justi\Documents\GitHub\AlexsMobs-26.2\src\main\java\com\github\alexthe666\alexsmobs\entity\EntityRaccoon.java:250: error: cannot find symbol
                    this.spawnAtLocation((ServerLevel) this.level(), itemstack.getCraftingRemainingItem());
                                                                              ^
  symbol:   method getCraftingRemainingItem()
  location: variable itemstack of type ItemStack
C:\Users\justi\Documents\GitHub\AlexsMobs-26.2\src\main\java\com\github\alexthe666\alexsmobs\entity\EntityRaccoon.java:271: error: cannot find symbol
                player.displayClientMessage(Component.translatable("entity.alexsmobs.all.command_" + this.getCommand(), this.getName()), true);
                      ^
  symbol:   method displayClientMessage(MutableComponent,boolean)
  location: variable player of type Player
C:\Users\justi\Documents\GitHub\AlexsMobs-26.2\src\main\java\com\github\alexthe666\alexsmobs\entity\EntityRaccoon.java:324: error: cannot find symbol
        return stack.isEdible() || stack.is(AMTagRegistry.RACCOON_FOODSTUFFS);
                    ^
  symbol:   method isEdible()
  location: variable stack of type ItemStack
C:\Users\justi\Documents\GitHub\AlexsMobs-26.2\src\main\java\com\github\alexthe666\alexsmobs\entity\EntityRaccoon.java:403: error: cannot find symbol
                if (this.getMainHandItem().hasCraftingRemainingItem()) {
                                          ^
  symbol:   method hasCraftingRemainingItem()
  location: class ItemStack
C:\Users\justi\Documents\GitHub\AlexsMobs-26.2\src\main\java\com\github\alexthe666\alexsmobs\entity\EntityRaccoon.java:404: error: cannot find symbol
                    this.spawnAtLocation((ServerLevel) this.level(), this.getMainHandItem().getCraftingRemainingItem());
                                                                                           ^
  symbol:   method getCraftingRemainingItem()
  location: class ItemStack
C:\Users\justi\Documents\GitHub\AlexsMobs-26.2\src\main\java\com\github\alexthe666\alexsmobs\entity\EntityRaccoon.java:450: error: method setTame in class TamableAnimal cannot be applied to given types;
                this.setTame(true);
                    ^
  required: boolean,boolean
  found:    boolean
  reason: actual and formal argument lists differ in length
C:\Users\justi\Documents\GitHub\AlexsMobs-26.2\src\main\java\com\github\alexthe666\alexsmobs\entity\EntityRaccoon.java:451: error: cannot find symbol
                this.setOwnerUUID(eggThrowerUUID);
                    ^
  symbol: method setOwnerUUID(UUID)
C:\Users\justi\Documents\GitHub\AlexsMobs-26.2\src\main\java\com\github\alexthe666\alexsmobs\entity\EntityRaccoon.java:778: error: cannot find symbol
            List<IronGolem> lvt_1_1_ = raccoon.level().getNearbyEntities(IronGolem.class, IRON_GOLEM_PREDICATE, raccoon, raccoon.getBoundingBox().inflate(25.0D));
                                                      ^
  symbol:   method getNearbyEntities(Class<IronGolem>,TargetingConditions,EntityRaccoon,AABB)
  location: class Level
C:\Users\justi\Documents\GitHub\AlexsMobs-26.2\src\main\java\com\github\alexthe666\alexsmobs\entity\EntityRaccoon.java:784: error: cannot find symbol
            List<AbstractVillager> lvt_1_1_ = raccoon.level().getNearbyEntities(AbstractVillager.class, VILLAGER_STEAL_PREDICATE, raccoon, raccoon.getBoundingBox().inflate(20.0D));
                                                             ^
  symbol:   method getNearbyEntities(Class<AbstractVillager>,TargetingConditions,EntityRaccoon,AABB)
  location: class Level
C:\Users\justi\Documents\GitHub\AlexsMobs-26.2\src\main\java\com\github\alexthe666\alexsmobs\client\model\ModelRainFrog.java:86: error: cannot find symbol
        if (entity != null && entity.isBaby()) {
            ^
  symbol:   variable entity
  location: class ModelRainFrog
C:\Users\justi\Documents\GitHub\AlexsMobs-26.2\src\main\java\com\github\alexthe666\alexsmobs\client\model\ModelRainFrog.java:86: error: cannot find symbol
        if (entity != null && entity.isBaby()) {
                              ^
  symbol:   variable entity
  location: class ModelRainFrog
C:\Users\justi\Documents\GitHub\AlexsMobs-26.2\src\main\java\com\github\alexthe666\alexsmobs\client\model\ModelRainFrog.java:115: error: cannot find symbol
        float walkSpeed = young ? 1F : 2.3F;
                          ^
  symbol:   variable young
  location: class ModelRainFrog
C:\Users\justi\Documents\GitHub\AlexsMobs-26.2\src\main\java\com\github\alexthe666\alexsmobs\entity\EntityRainFrog.java:92: error: cannot find symbol
        return spawnBlock && worldIn.getLevelData() != null && (worldIn.getLevelData().isThundering() || worldIn.getLevelData().isRaining());
                                                                                      ^
  symbol:   method isThundering()
  location: interface LevelData
C:\Users\justi\Documents\GitHub\AlexsMobs-26.2\src\main\java\com\github\alexthe666\alexsmobs\entity\EntityRainFrog.java:92: error: cannot find symbol
        return spawnBlock && worldIn.getLevelData() != null && (worldIn.getLevelData().isThundering() || worldIn.getLevelData().isRaining());
                                                                                                                               ^
  symbol:   method isRaining()
  location: interface LevelData
C:\Users\justi\Documents\GitHub\AlexsMobs-26.2\src\main\java\com\github\alexthe666\alexsmobs\entity\EntityRainFrog.java:227: error: cannot find symbol
            if(this.getDanceTime() == 1 && weatherCooldown <= 0 && level().getGameRules().getBooleanOr(GameRules.RULE_WEATHER_CYCLE, false)){
                                                                                                       ^
  symbol:   variable GameRules
  location: class EntityRainFrog
C:\Users\justi\Documents\GitHub\AlexsMobs-26.2\src\main\java\com\github\alexthe666\alexsmobs\entity\EntityRainFrog.java:227: error: cannot find symbol
            if(this.getDanceTime() == 1 && weatherCooldown <= 0 && level().getGameRules().getBooleanOr(GameRules.RULE_WEATHER_CYCLE, false)){
                                                                          ^
  symbol:   method getGameRules()
  location: class Level
C:\Users\justi\Documents\GitHub\AlexsMobs-26.2\src\main\java\com\github\alexthe666\alexsmobs\entity\EntityRainFrog.java:283: error: method getBooleanOr in interface ValueInput cannot be applied to given types;
        this.setDisturbed(compound.getBooleanOr("Disturbed"));
                                  ^
  required: String,boolean
  found:    String
  reason: actual and formal argument lists differ in length
C:\Users\justi\Documents\GitHub\AlexsMobs-26.2\src\main\java\com\github\alexthe666\alexsmobs\entity\EntityRainFrog.java:302: error: cannot find symbol
                itemstack.hurt(1, this.getRandom(), player instanceof ServerPlayer ? (ServerPlayer) player : null);
                         ^
  symbol:   method hurt(int,RandomSource,player ins[...] null)
  location: variable itemstack of type ItemStack
C:\Users\justi\Documents\GitHub\AlexsMobs-26.2\src\main\java\com\github\alexthe666\alexsmobs\entity\EntityRainFrog.java:362: error: cannot find symbol
                serverLevel.setWeatherParameters(time, 0, false, false);
                           ^
  symbol:   method setWeatherParameters(int,int,boolean,boolean)
  location: variable serverLevel of type ServerLevel
C:\Users\justi\Documents\GitHub\AlexsMobs-26.2\src\main\java\com\github\alexthe666\alexsmobs\entity\EntityRainFrog.java:364: error: cannot find symbol
                serverLevel.setWeatherParameters(0, time, true, type == 2);
                           ^
  symbol:   method setWeatherParameters(int,int,boolean,boolean)
  location: variable serverLevel of type ServerLevel
C:\Users\justi\Documents\GitHub\AlexsMobs-26.2\src\main\java\com\github\alexthe666\alexsmobs\client\model\ModelRattlesnake.java:87: error: cannot find symbol
        if (entity != null && entity.isBaby()) {
            ^
  symbol:   variable entity
  location: class ModelRattlesnake
C:\Users\justi\Documents\GitHub\AlexsMobs-26.2\src\main\java\com\github\alexthe666\alexsmobs\client\model\ModelRattlesnake.java:87: error: cannot find symbol
        if (entity != null && entity.isBaby()) {
                              ^
  symbol:   variable entity
  location: class ModelRattlesnake
C:\Users\justi\Documents\GitHub\AlexsMobs-26.2\src\main\java\com\github\alexthe666\alexsmobs\entity\EntityRattlesnake.java:178: error: cannot find symbol
                this.gameEvent(GameEvent.ENTITY_ROAR);
                                        ^
  symbol:   variable ENTITY_ROAR
  location: class GameEvent
C:\Users\justi\Documents\GitHub\AlexsMobs-26.2\src\main\java\com\github\alexthe666\alexsmobs\entity\EntityRattlesnake.java:204: error: cannot find symbol
        return stack.getItem().isEdible() && stack.getItem().getFoodProperties() != null && stack.getItem().getFoodProperties().isMeat();
                              ^
  symbol:   method isEdible()
  location: class Item
C:\Users\justi\Documents\GitHub\AlexsMobs-26.2\src\main\java\com\github\alexthe666\alexsmobs\entity\EntityRattlesnake.java:204: error: cannot find symbol
        return stack.getItem().isEdible() && stack.getItem().getFoodProperties() != null && stack.getItem().getFoodProperties().isMeat();
                                                            ^
  symbol:   method getFoodProperties()
  location: class Item
C:\Users\justi\Documents\GitHub\AlexsMobs-26.2\src\main\java\com\github\alexthe666\alexsmobs\entity\EntityRattlesnake.java:204: error: cannot find symbol
        return stack.getItem().isEdible() && stack.getItem().getFoodProperties() != null && stack.getItem().getFoodProperties().isMeat();
                                                                                                           ^
  symbol:   method getFoodProperties()
  location: class Item
C:\Users\justi\Documents\GitHub\AlexsMobs-26.2\src\main\java\com\github\alexthe666\alexsmobs\entity\EntityRattlesnake.java:289: error: incompatible types: Predicate<LivingEntity> cannot be converted to Selector
            super(EntityRattlesnake.this, Player.class, 3, true, true, TARGETABLE_PREDICATE);
                                                                       ^
C:\Users\justi\Documents\GitHub\AlexsMobs-26.2\src\main\java\com\github\alexthe666\alexsmobs\client\model\ModelRhinoceros.java:253: error: method does not override or implement a method from a supertype
    @Override
    ^
C:\Users\justi\Documents\GitHub\AlexsMobs-26.2\src\main\java\com\github\alexthe666\alexsmobs\client\model\ModelRhinoceros.java:255: error: cannot find symbol
        if (entity != null && entity.isBaby()) {
            ^
  symbol:   variable entity
  location: class ModelRhinoceros
C:\Users\justi\Documents\GitHub\AlexsMobs-26.2\src\main\java\com\github\alexthe666\alexsmobs\client\model\ModelRhinoceros.java:255: error: cannot find symbol
        if (entity != null && entity.isBaby()) {
                              ^
  symbol:   variable entity
  location: class ModelRhinoceros
C:\Users\justi\Documents\GitHub\AlexsMobs-26.2\src\main\java\com\github\alexthe666\alexsmobs\entity\EntityRhinoceros.java:83: error: cannot find symbol
    private static final EntityDataAccessor<Optional<EntityReference<LivingEntity>>> DATA_TRUSTED_ID_0 = SynchedEntityData.defineId(EntityRhinoceros.class, EntityDataSerializers.OPTIONAL_ENTITY_REFERENCE);
                                                                                                                                                                                 ^
  symbol:   variable OPTIONAL_ENTITY_REFERENCE
  location: class EntityDataSerializers
C:\Users\justi\Documents\GitHub\AlexsMobs-26.2\src\main\java\com\github\alexthe666\alexsmobs\entity\EntityRhinoceros.java:84: error: cannot find symbol
    private static final EntityDataAccessor<Optional<EntityReference<LivingEntity>>> DATA_TRUSTED_ID_1 = SynchedEntityData.defineId(EntityRhinoceros.class, EntityDataSerializers.OPTIONAL_ENTITY_REFERENCE);
                                                                                                                                                                                 ^
  symbol:   variable OPTIONAL_ENTITY_REFERENCE
  location: class EntityDataSerializers
C:\Users\justi\Documents\GitHub\AlexsMobs-26.2\src\main\java\com\github\alexthe666\alexsmobs\entity\EntityRhinoceros.java:116: error: method of in class Ingredient cannot be applied to given types;
        this.goalSelector.addGoal(4, new TemptGoal(this, 1.0D, Ingredient.of(AMTagRegistry.RHINOCEROS_FOODSTUFFS, AMTagRegistry.RHINOCEROS_BREEDABLES), false));
                                                                         ^
  required: ItemLike[]
  found:    TagKey<Item>,TagKey<Item>
  reason: varargs mismatch; TagKey<Item> cannot be converted to ItemLike
C:\Users\justi\Documents\GitHub\AlexsMobs-26.2\src\main\java\com\github\alexthe666\alexsmobs\entity\EntityRhinoceros.java:255: error: cannot find symbol
                return potionToColor.getIntOr(s, 0);
                                    ^
  symbol:   method getIntOr(String,int)
  location: variable potionToColor of type Object2IntMap<String>
C:\Users\justi\Documents\GitHub\AlexsMobs-26.2\src\main\java\com\github\alexthe666\alexsmobs\entity\EntityRhinoceros.java:304: error: no suitable method found for set(EntityDataAccessor<Optional<EntityReference<LivingEntity>>>,Optional<UUID>)
            this.entityData.set(DATA_TRUSTED_ID_1, Optional.ofNullable(p_28516_));
                           ^
    method SynchedEntityData.<T#1>set(EntityDataAccessor<T#1>,T#1) is not applicable
      (inference variable T#2 has incompatible bounds
        equality constraints: EntityReference<LivingEntity>
        lower bounds: UUID)
    method SynchedEntityData.<T#3>set(EntityDataAccessor<T#3>,T#3,boolean) is not applicable
      (cannot infer type-variable(s) T#3
        (actual and formal argument lists differ in length))
  where T#1,T#2,T#3 are type-variables:
    T#1 extends Object declared in method <T#1>set(EntityDataAccessor<T#1>,T#1)
    T#2 extends Object declared in method <T#2>ofNullable(T#2)
    T#3 extends Object declared in method <T#3>set(EntityDataAccessor<T#3>,T#3,boolean)
C:\Users\justi\Documents\GitHub\AlexsMobs-26.2\src\main\java\com\github\alexthe666\alexsmobs\entity\EntityRhinoceros.java:306: error: no suitable method found for set(EntityDataAccessor<Optional<EntityReference<LivingEntity>>>,Optional<UUID>)
            this.entityData.set(DATA_TRUSTED_ID_0, Optional.ofNullable(p_28516_));
                           ^
    method SynchedEntityData.<T#1>set(EntityDataAccessor<T#1>,T#1) is not applicable
      (inference variable T#2 has incompatible bounds
        equality constraints: EntityReference<LivingEntity>
        lower bounds: UUID)
    method SynchedEntityData.<T#3>set(EntityDataAccessor<T#3>,T#3,boolean) is not applicable
      (cannot infer type-variable(s) T#3
        (actual and formal argument lists differ in length))
  where T#1,T#2,T#3 are type-variables:
    T#1 extends Object declared in method <T#1>set(EntityDataAccessor<T#1>,T#1)
    T#2 extends Object declared in method <T#2>ofNullable(T#2)
    T#3 extends Object declared in method <T#3>set(EntityDataAccessor<T#3>,T#3,boolean)
C:\Users\justi\Documents\GitHub\AlexsMobs-26.2\src\main\java\com\github\alexthe666\alexsmobs\entity\EntityRhinoceros.java:372: error: incompatible types: MobEffect cannot be converted to Holder<MobEffect>
            MobEffectInstance instance = new MobEffectInstance(potion, this.getPotionDuration(), this.getPotionLevel());
                                                               ^
C:\Users\justi\Documents\GitHub\AlexsMobs-26.2\src\main\java\com\github\alexthe666\alexsmobs\entity\EntityRhinoceros.java:373: error: incompatible types: MobEffect cannot be converted to Holder<MobEffect>
            if (!target.hasEffect(potion) && target.addEffect(instance)) {
                                  ^
C:\Users\justi\Documents\GitHub\AlexsMobs-26.2\src\main\java\com\github\alexthe666\alexsmobs\entity\EntityRhinoceros.java:390: error: isAlliedTo(Entity) in EntityRhinoceros cannot override isAlliedTo(@org.jspecify.annotations.Nullable Entity) in Entity
    public boolean isAlliedTo(Entity entityIn) {
                   ^
  overridden method is final
C:\Users\justi\Documents\GitHub\AlexsMobs-26.2\src\main\java\com\github\alexthe666\alexsmobs\entity\EntityRhinoceros.java:391: error: cannot find symbol
        if (entityIn instanceof TamableAnimal tamableAnimal && tamableAnimal.getOwnerUUID() != null && trusts(tamableAnimal.getOwnerUUID())) {
                                                                            ^
  symbol:   method getOwnerUUID()
  location: variable tamableAnimal of type TamableAnimal
C:\Users\justi\Documents\GitHub\AlexsMobs-26.2\src\main\java\com\github\alexthe666\alexsmobs\entity\EntityRhinoceros.java:391: error: cannot find symbol
        if (entityIn instanceof TamableAnimal tamableAnimal && tamableAnimal.getOwnerUUID() != null && trusts(tamableAnimal.getOwnerUUID())) {
                                                                                                                           ^
  symbol:   method getOwnerUUID()
  location: variable tamableAnimal of type TamableAnimal
C:\Users\justi\Documents\GitHub\AlexsMobs-26.2\src\main\java\com\github\alexthe666\alexsmobs\entity\EntityRhinoceros.java:405: error: cannot find symbol
                listtag.add(NbtUtils.createUUID(uuid));
                                    ^
  symbol:   method createUUID(UUID)
  location: class NbtUtils
C:\Users\justi\Documents\GitHub\AlexsMobs-26.2\src\main\java\com\github\alexthe666\alexsmobs\entity\EntityRhinoceros.java:409: error: cannot find symbol
        tag.put("Trusted", listtag);
           ^
  symbol:   method put(String,ListTag)
  location: variable tag of type ValueOutput
C:\Users\justi\Documents\GitHub\AlexsMobs-26.2\src\main\java\com\github\alexthe666\alexsmobs\entity\EntityRhinoceros.java:419: error: cannot find symbol
        ListTag listtag = tag.getListOrEmpty("Trusted");
                             ^
  symbol:   method getListOrEmpty(String)
  location: variable tag of type ValueInput
C:\Users\justi\Documents\GitHub\AlexsMobs-26.2\src\main\java\com\github\alexthe666\alexsmobs\entity\EntityRhinoceros.java:422: error: cannot find symbol
            this.addTrustedUUID(NbtUtils.loadUUID(listtag.get(i)));
                                        ^
  symbol:   method loadUUID(Tag)
  location: class NbtUtils
C:\Users\justi\Documents\GitHub\AlexsMobs-26.2\src\main\java\com\github\alexthe666\alexsmobs\entity\EntityRhinoceros.java:436: error: cannot find symbol
            Potion contained = PotionUtils.getPotion(itemstack);
                               ^
  symbol:   variable PotionUtils
  location: class EntityRhinoceros
C:\Users\justi\Documents\GitHub\AlexsMobs-26.2\src\main\java\com\github\alexthe666\alexsmobs\entity\EntityRhinoceros.java:464: error: incompatible types: Holder<MobEffect> cannot be converted to MobEffect
                Identifier loc = BuiltInRegistries.MOB_EFFECT.getKey(first.getEffect());
                                                                                    ^
C:\Users\justi\Documents\GitHub\AlexsMobs-26.2\src\main\java\com\github\alexthe666\alexsmobs\entity\EntityRhinoceros.java:506: error: incompatible types: Predicate<LivingEntity> cannot be converted to Selector
            super(EntityRhinoceros.this, entities, 10, b, b2, pred);
                                                              ^
C:\Users\justi\Documents\GitHub\AlexsMobs-26.2\src\main\java\com\github\alexthe666\alexsmobs\client\model\ModelRoadrunner.java:187: error: cannot find symbol
        if (entity != null && entity.isBaby()) {
            ^
  symbol:   variable entity
  location: class ModelRoadrunner
C:\Users\justi\Documents\GitHub\AlexsMobs-26.2\src\main\java\com\github\alexthe666\alexsmobs\client\model\ModelRoadrunner.java:187: error: cannot find symbol
        if (entity != null && entity.isBaby()) {
                              ^
  symbol:   variable entity
  location: class ModelRoadrunner
C:\Users\justi\Documents\GitHub\AlexsMobs-26.2\src\main\java\com\github\alexthe666\alexsmobs\entity\EntityRoadrunner.java:76: error: cannot find symbol
        if (compound.contains("FeatherTime")) {
                    ^
  symbol:   method contains(String)
  location: variable compound of type ValueInput
C:\Users\justi\Documents\GitHub\AlexsMobs-26.2\src\main\java\com\github\alexthe666\alexsmobs\entity\EntityRoadrunner.java:198: error: incompatible types: Reference<SoundEvent> cannot be converted to SoundEvent
            this.playSound(SoundEvents.CHICKEN_STEP, 0.15F, 1.0F);
                                      ^
C:\Users\justi\Documents\GitHub\AlexsMobs-26.2\src\main\java\com\github\alexthe666\alexsmobs\entity\EntityRockyRoller.java:211: error: cannot find symbol
        if (!this.level().canSeeSky(this.blockPosition()) && this.level().getGameRules().getBooleanOr(GameRules.RULE_MOBGRIEFING, false)) {
                                                                                                      ^
  symbol:   variable GameRules
  location: class EntityRockyRoller
C:\Users\justi\Documents\GitHub\AlexsMobs-26.2\src\main\java\com\github\alexthe666\alexsmobs\entity\EntityRockyRoller.java:211: error: cannot find symbol
        if (!this.level().canSeeSky(this.blockPosition()) && this.level().getGameRules().getBooleanOr(GameRules.RULE_MOBGRIEFING, false)) {
                                                                         ^
  symbol:   method getGameRules()
  location: class Level
C:\Users\justi\Documents\GitHub\AlexsMobs-26.2\src\main\java\com\github\alexthe666\alexsmobs\entity\EntityRockyRoller.java:242: error: cannot find symbol
            this.gameEvent(GameEvent.ENTITY_ROAR);
                                    ^
  symbol:   variable ENTITY_ROAR
  location: class GameEvent
C:\Users\justi\Documents\GitHub\AlexsMobs-26.2\src\main\java\com\github\alexthe666\alexsmobs\entity\EntityRockyRoller.java:356: error: hurt(DamageSource,float) in EntityRockyRoller cannot override hurt(DamageSource,float) in Entity
    public boolean hurt(DamageSource dmg, float amount) {
                   ^
  overridden method is final
C:\Users\justi\Documents\GitHub\AlexsMobs-26.2\src\main\java\com\github\alexthe666\alexsmobs\entity\EntityRockyRoller.java:362: error: incompatible types: void cannot be converted to boolean
        return super.hurt(dmg, amount);
                         ^
C:\Users\justi\Documents\GitHub\AlexsMobs-26.2\src\main\java\com\github\alexthe666\alexsmobs\entity\EntityRockyRoller.java:367: error: cannot find symbol
            return level.getBlockState(pos).getBlock() instanceof PointedDripstoneBlock ? PathType.OPEN : super.evaluateBlockPathType(level, pos, typeIn);
                                                                                                               ^
  symbol: method evaluateBlockPathType(BlockGetter,BlockPos,PathType)
C:\Users\justi\Documents\GitHub\AlexsMobs-26.2\src\main\java\com\github\alexthe666\alexsmobs\entity\ai\AnimalAISwimBottom.java:23: error: method isPathfindable in class BlockStateBase cannot be applied to given types;
        for(int var2 = 0; vec != null && !this.mob.level().getBlockState(AMBlockPos.fromVec3(vec)).isPathfindable(this.mob.level(), AMBlockPos.fromVec3(vec), PathComputationType.WATER) && var2++ < 10; vec = DefaultRandomPos.getPos(this.mob, 10, 7)) {
                                                                                                  ^
  required: PathComputationType
  found:    Level,BlockPos,PathComputationType
  reason: actual and formal argument lists differ in length
C:\Users\justi\Documents\GitHub\AlexsMobs-26.2\src\main\java\com\github\alexthe666\alexsmobs\entity\ai\AnimalAISwimBottom.java:28: error: method isPathfindable in class BlockStateBase cannot be applied to given types;
            while(this.mob.level().getFluidState(pos).is(FluidTags.WATER) && this.mob.level().getBlockState(pos).isPathfindable(this.mob.level(), AMBlockPos.fromVec3(vec), PathComputationType.WATER) && pos.getY() > 1){
                                                                                                                ^
  required: PathComputationType
  found:    Level,BlockPos,PathComputationType
  reason: actual and formal argument lists differ in length
C:\Users\justi\Documents\GitHub\AlexsMobs-26.2\src\main\java\com\github\alexthe666\alexsmobs\entity\ai\AnimalAISwimBottom.java:33: error: method isPathfindable in class BlockStateBase cannot be applied to given types;
            while(this.mob.level().getFluidState(pos).is(FluidTags.WATER) && this.mob.level().getBlockState(pos).isPathfindable(this.mob.level(), AMBlockPos.fromVec3(vec), PathComputationType.WATER) && yUp < yDrop){
                                                                                                                ^
  required: PathComputationType
  found:    Level,BlockPos,PathComputationType
  reason: actual and formal argument lists differ in length
C:\Users\justi\Documents\GitHub\AlexsMobs-26.2\src\main\java\com\github\alexthe666\alexsmobs\entity\EntitySeaBear.java:102: error: no suitable constructor found for NearestAttackableTargetGoal(EntitySeaBear,Class<LivingEntity>,boolean,Predicate<LivingEntity>)
        this.targetSelector.addGoal(1, new NearestAttackableTargetGoal(this, LivingEntity.class, false, SOMBRERO));
                                       ^
    constructor NearestAttackableTargetGoal.NearestAttackableTargetGoal(Mob,Class,boolean,Selector) is not applicable
      (argument mismatch; Predicate<LivingEntity> cannot be converted to Selector)
    constructor NearestAttackableTargetGoal.NearestAttackableTargetGoal(Mob,Class,boolean,boolean) is not applicable
      (argument mismatch; Predicate<LivingEntity> cannot be converted to boolean)
C:\Users\justi\Documents\GitHub\AlexsMobs-26.2\src\main\java\com\github\alexthe666\alexsmobs\entity\EntitySeaBear.java:130: error: cannot find symbol
            this.rotOffs = this.getYHeadRot();
                ^
  symbol: variable rotOffs
C:\Users\justi\Documents\GitHub\AlexsMobs-26.2\src\main\java\com\github\alexthe666\alexsmobs\client\model\ModelSeagull.java:163: error: method does not override or implement a method from a supertype
	@Override
	^
C:\Users\justi\Documents\GitHub\AlexsMobs-26.2\src\main\java\com\github\alexthe666\alexsmobs\client\model\ModelSeagull.java:165: error: cannot find symbol
		if (entity != null && entity.isBaby()) {
		    ^
  symbol:   variable entity
  location: class ModelSeagull
C:\Users\justi\Documents\GitHub\AlexsMobs-26.2\src\main\java\com\github\alexthe666\alexsmobs\client\model\ModelSeagull.java:165: error: cannot find symbol
		if (entity != null && entity.isBaby()) {
		                      ^
  symbol:   variable entity
  location: class ModelSeagull
C:\Users\justi\Documents\GitHub\AlexsMobs-26.2\src\main\java\com\github\alexthe666\alexsmobs\entity\EntitySeagull.java:94: error: cannot find symbol
        this.setPathfindingMalus(PathType.DANGER_FIRE, -1.0F);
                                         ^
  symbol:   variable DANGER_FIRE
  location: class PathType
C:\Users\justi\Documents\GitHub\AlexsMobs-26.2\src\main\java\com\github\alexthe666\alexsmobs\entity\EntitySeagull.java:139: error: cannot find symbol
        if(compound.contains("TresX") && compound.contains("TresY") && compound.contains("TresZ")){
                   ^
  symbol:   method contains(String)
  location: variable compound of type ValueInput
C:\Users\justi\Documents\GitHub\AlexsMobs-26.2\src\main\java\com\github\alexthe666\alexsmobs\entity\EntitySeagull.java:139: error: cannot find symbol
        if(compound.contains("TresX") && compound.contains("TresY") && compound.contains("TresZ")){
                                                 ^
  symbol:   method contains(String)
  location: variable compound of type ValueInput
C:\Users\justi\Documents\GitHub\AlexsMobs-26.2\src\main\java\com\github\alexthe666\alexsmobs\entity\EntitySeagull.java:139: error: cannot find symbol
        if(compound.contains("TresX") && compound.contains("TresY") && compound.contains("TresZ")){
                                                                               ^
  symbol:   method contains(String)
  location: variable compound of type ValueInput
C:\Users\justi\Documents\GitHub\AlexsMobs-26.2\src\main\java\com\github\alexthe666\alexsmobs\entity\EntitySeagull.java:154: error: method of in class Ingredient cannot be applied to given types;
        this.goalSelector.addGoal(4, new TemptGoal(this, 1.0D, Ingredient.of(AMTagRegistry.SEAGULL_BREEDABLES, AMTagRegistry.SEAGULL_OFFERINGS), false){
                                                                         ^
  required: ItemLike[]
  found:    TagKey<Item>,TagKey<Item>
  reason: varargs mismatch; TagKey<Item> cannot be converted to ItemLike
C:\Users\justi\Documents\GitHub\AlexsMobs-26.2\src\main\java\com\github\alexthe666\alexsmobs\entity\EntitySeagull.java:354: error: cannot find symbol
                if (this.getMainHandItem().hasCraftingRemainingItem()) {
                                          ^
  symbol:   method hasCraftingRemainingItem()
  location: class ItemStack
C:\Users\justi\Documents\GitHub\AlexsMobs-26.2\src\main\java\com\github\alexthe666\alexsmobs\entity\EntitySeagull.java:355: error: cannot find symbol
                    this.spawnAtLocation((ServerLevel) this.level(), this.getMainHandItem().getCraftingRemainingItem());
                                                                                           ^
  symbol:   method getCraftingRemainingItem()
  location: class ItemStack
C:\Users\justi\Documents\GitHub\AlexsMobs-26.2\src\main\java\com\github\alexthe666\alexsmobs\entity\EntitySeagull.java:379: error: cannot find symbol
        return stack.getItem().isEdible() && !this.isSitting();
                              ^
  symbol:   method isEdible()
  location: class Item
C:\Users\justi\Documents\GitHub\AlexsMobs-26.2\src\main\java\com\github\alexthe666\alexsmobs\entity\EntitySeagull.java:401: error: cannot find symbol
        for(ItemStack map : player.getHandSlots()){
                                  ^
  symbol:   method getHandSlots()
  location: variable player of type Player
C:\Users\justi\Documents\GitHub\AlexsMobs-26.2\src\main\java\com\github\alexthe666\alexsmobs\entity\EntitySeagull.java:403: error: cannot find symbol
                if (map.hasTag() && map.getTag().contains("Decorations", 9)) {
                       ^
  symbol:   method hasTag()
  location: variable map of type ItemStack
C:\Users\justi\Documents\GitHub\AlexsMobs-26.2\src\main\java\com\github\alexthe666\alexsmobs\entity\EntitySeagull.java:403: error: cannot find symbol
                if (map.hasTag() && map.getTag().contains("Decorations", 9)) {
                                       ^
  symbol:   method getTag()
  location: variable map of type ItemStack
C:\Users\justi\Documents\GitHub\AlexsMobs-26.2\src\main\java\com\github\alexthe666\alexsmobs\entity\EntitySeagull.java:404: error: cannot find symbol
                    ListTag listnbt = map.getTag().getListOrEmpty("Decorations");
                                         ^
  symbol:   method getTag()
  location: variable map of type ItemStack
C:\Users\justi\Documents\GitHub\AlexsMobs-26.2\src\main\java\com\github\alexthe666\alexsmobs\entity\EntitySeagull.java:407: error: incompatible types: Optional<Byte> cannot be converted to byte
                        byte type = nbt.getByte("type");
                                               ^
C:\Users\justi\Documents\GitHub\AlexsMobs-26.2\src\main\java\com\github\alexthe666\alexsmobs\entity\EntitySeagull.java:408: error: cannot find symbol
                        if(type == MapDecoration.Type.RED_X.getIcon() || type == MapDecoration.Type.TARGET_X.getIcon()){
                                                ^
  symbol:   variable Type
  location: class MapDecoration
C:\Users\justi\Documents\GitHub\AlexsMobs-26.2\src\main\java\com\github\alexthe666\alexsmobs\entity\EntitySeagull.java:408: error: cannot find symbol
                        if(type == MapDecoration.Type.RED_X.getIcon() || type == MapDecoration.Type.TARGET_X.getIcon()){
                                                                                              ^
  symbol:   variable Type
  location: class MapDecoration
C:\Users\justi\Documents\GitHub\AlexsMobs-26.2\src\main\java\com\github\alexthe666\alexsmobs\client\model\ModelSeal.java:100: error: cannot find symbol
        float walkSpeed = young ? 0.25F : 0.5F;
                          ^
  symbol:   variable young
  location: class ModelSeal
C:\Users\justi\Documents\GitHub\AlexsMobs-26.2\src\main\java\com\github\alexthe666\alexsmobs\client\model\ModelSeal.java:225: error: cannot find symbol
        if (entity != null && entity.isBaby()) {
            ^
  symbol:   variable entity
  location: class ModelSeal
C:\Users\justi\Documents\GitHub\AlexsMobs-26.2\src\main\java\com\github\alexthe666\alexsmobs\client\model\ModelSeal.java:225: error: cannot find symbol
        if (entity != null && entity.isBaby()) {
                              ^
  symbol:   variable entity
  location: class ModelSeal
C:\Users\justi\Documents\GitHub\AlexsMobs-26.2\src\main\java\com\github\alexthe666\alexsmobs\entity\EntitySeal.java:120: error: method of in class Ingredient cannot be applied to given types;
        this.goalSelector.addGoal(10, new TemptGoal(this, 1.1D, Ingredient.of(AMTagRegistry.SEAL_BREEDABLES, AMTagRegistry.SEAL_OFFERINGS), false));
                                                                          ^
  required: ItemLike[]
  found:    TagKey<Item>,TagKey<Item>
  reason: varargs mismatch; TagKey<Item> cannot be converted to ItemLike
C:\Users\justi\Documents\GitHub\AlexsMobs-26.2\src\main\java\com\github\alexthe666\alexsmobs\entity\EntitySeal.java:451: error: cannot find symbol
            this.playSound(SoundEvents.CAT_EAT.value(), this.getSoundVolume(), this.getVoicePitch());
                                      ^
  symbol:   variable CAT_EAT
  location: class SoundEvents
C:\Users\justi\Documents\GitHub\AlexsMobs-26.2\src\main\java\com\github\alexthe666\alexsmobs\client\model\ModelShieldOfTheDeep.java:41: error: method does not override or implement a method from a supertype
	@Override
	^
C:\Users\justi\Documents\GitHub\AlexsMobs-26.2\src\main\java\com\github\alexthe666\alexsmobs\entity\EntityShoebill.java:146: error: incompatible types: Predicate<LivingEntity> cannot be converted to Selector
        this.targetSelector.addGoal(4, new NearestAttackableTargetGoal(this, EntityAlligatorSnappingTurtle.class, 40, false, false, TARGET_BABY));
                                                                                                                                    ^
C:\Users\justi\Documents\GitHub\AlexsMobs-26.2\src\main\java\com\github\alexthe666\alexsmobs\entity\EntityShoebill.java:147: error: incompatible types: Predicate<LivingEntity> cannot be converted to Selector
        this.targetSelector.addGoal(5, new NearestAttackableTargetGoal(this, Turtle.class, 40, false, false, TARGET_BABY));
                                                                                                             ^
C:\Users\justi\Documents\GitHub\AlexsMobs-26.2\src\main\java\com\github\alexthe666\alexsmobs\entity\EntityShoebill.java:148: error: incompatible types: Predicate<LivingEntity> cannot be converted to Selector
        this.targetSelector.addGoal(6, new NearestAttackableTargetGoal(this, EntityCrocodile.class, 40, false, false, TARGET_BABY));
                                                                                                                      ^
C:\Users\justi\Documents\GitHub\AlexsMobs-26.2\src\main\java\com\github\alexthe666\alexsmobs\entity\EntityShoebill.java:149: error: incompatible types: Predicate<LivingEntity> cannot be converted to Selector
        this.targetSelector.addGoal(7, new NearestAttackableTargetGoal(this, EntityCaiman.class, 40, false, false, TARGET_BABY));
                                                                                                                   ^
C:\Users\justi\Documents\GitHub\AlexsMobs-26.2\src\main\java\com\github\alexthe666\alexsmobs\entity\EntityShoebill.java:303: error: cannot find symbol
                 this.playSound(SoundEvents.CAT_EAT.value(), this.getSoundVolume(), this.getVoicePitch());
                                           ^
  symbol:   variable CAT_EAT
  location: class SoundEvents
C:\Users\justi\Documents\GitHub\AlexsMobs-26.2\src\main\java\com\github\alexthe666\alexsmobs\entity\EntityShoebill.java:305: error: cannot find symbol
                 return net.minecraft.world.InteractionResult.sidedSuccess(this.level().isClientSide());
                                                             ^
  symbol:   method sidedSuccess(boolean)
  location: interface InteractionResult
C:\Users\justi\Documents\GitHub\AlexsMobs-26.2\src\main\java\com\github\alexthe666\alexsmobs\entity\EntityShoebill.java:324: error: cannot find symbol
                 this.playSound(SoundEvents.CAT_EAT.value(), this.getSoundVolume(), this.getVoicePitch());
                                           ^
  symbol:   variable CAT_EAT
  location: class SoundEvents
C:\Users\justi\Documents\GitHub\AlexsMobs-26.2\src\main\java\com\github\alexthe666\alexsmobs\entity\EntityShoebill.java:325: error: cannot find symbol
                 return net.minecraft.world.InteractionResult.sidedSuccess(this.level().isClientSide());
                                                             ^
  symbol:   method sidedSuccess(boolean)
  location: interface InteractionResult
C:\Users\justi\Documents\GitHub\AlexsMobs-26.2\src\main\java\com\github\alexthe666\alexsmobs\entity\EntityShoebill.java:356: error: cannot find symbol
        this.playSound(SoundEvents.CAT_EAT.value(), this.getSoundVolume(), this.getVoicePitch());
                                  ^
  symbol:   variable CAT_EAT
  location: class SoundEvents
C:\Users\justi\Documents\GitHub\AlexsMobs-26.2\src\main\java\com\github\alexthe666\alexsmobs\entity\EntitySkelewag.java:211: error: cannot find symbol
            passenger.setPos(this.getX() + vec.x, this.getY() + vec.y + passenger.getMyRidingOffset(), this.getZ() + vec.z);
                                                                                 ^
  symbol:   method getMyRidingOffset()
  location: variable passenger of type Entity
C:\Users\justi\Documents\GitHub\AlexsMobs-26.2\src\main\java\com\github\alexthe666\alexsmobs\entity\EntitySkelewag.java:224: error: cannot find symbol
            Drowned drowned = EntityType.DROWNED.create(level(), EntitySpawnReason.MOB_SUMMONED);
                                        ^
  symbol:   variable DROWNED
  location: class EntityType
C:\Users\justi\Documents\GitHub\AlexsMobs-26.2\src\main\java\com\github\alexthe666\alexsmobs\entity\EntitySkelewag.java:231: error: cannot find symbol
            this.restrictTo(this.blockPosition(), 15);
                ^
  symbol: method restrictTo(BlockPos,int)
C:\Users\justi\Documents\GitHub\AlexsMobs-26.2\src\main\java\com\github\alexthe666\alexsmobs\entity\EntitySkreecher.java:141: error: hurt(DamageSource,float) in EntitySkreecher cannot override hurt(DamageSource,float) in Entity
    public boolean hurt(DamageSource source, float value){
                   ^
  overridden method is final
C:\Users\justi\Documents\GitHub\AlexsMobs-26.2\src\main\java\com\github\alexthe666\alexsmobs\entity\EntitySkreecher.java:145: error: incompatible types: void cannot be converted to boolean
        return super.hurt(source, value);
                         ^
C:\Users\justi\Documents\GitHub\AlexsMobs-26.2\src\main\java\com\github\alexthe666\alexsmobs\entity\EntitySkreecher.java:175: error: cannot find symbol
                if (technicalDistToCeiling > MAX_DIST_TO_CEILING || !isAlive() || clingCooldown > 0 || this.isInFluidType()) {
                                                                                                           ^
  symbol: method isInFluidType()
C:\Users\justi\Documents\GitHub\AlexsMobs-26.2\src\main\java\com\github\alexthe666\alexsmobs\entity\EntitySkreecher.java:227: error: cannot find symbol
                this.gameEvent(GameEvent.ENTITY_ROAR);
                                        ^
  symbol:   variable ENTITY_ROAR
  location: class GameEvent
C:\Users\justi\Documents\GitHub\AlexsMobs-26.2\src\main\java\com\github\alexthe666\alexsmobs\entity\EntitySkreecher.java:242: error: cannot find symbol
                        Warden warden = EntityType.WARDEN.create(this.level(), EntitySpawnReason.MOB_SUMMONED);
                                                  ^
  symbol:   variable WARDEN
  location: class EntityType
C:\Users\justi\Documents\GitHub\AlexsMobs-26.2\src\main\java\com\github\alexthe666\alexsmobs\entity\EntitySkreecher.java:244: error: cannot find symbol
                        warden.moveTo(this.getX(), spawnAt.getY() + 1, this.getZ(), this.getYRot(), 0.0F);
                              ^
  symbol:   method moveTo(double,int,double,float,float)
  location: variable warden of type Warden
C:\Users\justi\Documents\GitHub\AlexsMobs-26.2\src\main\java\com\github\alexthe666\alexsmobs\entity\EntitySkreecher.java:245: error: cannot find symbol
                        warden.finalizeSpawn((ServerLevel)level(), level().getCurrentDifficultyAt(this.blockPosition()), EntitySpawnReason.TRIGGERED, (SpawnGroupData)null);
                                                                          ^
  symbol:   method getCurrentDifficultyAt(BlockPos)
  location: class Level
C:\Users\justi\Documents\GitHub\AlexsMobs-26.2\src\main\java\com\github\alexthe666\alexsmobs\entity\EntitySkreecher.java:309: error: getDimensions(Pose) in EntitySkreecher cannot override getDimensions(Pose) in LivingEntity
    public EntityDimensions getDimensions(Pose poseIn) {
                            ^
  overridden method is final
C:\Users\justi\Documents\GitHub\AlexsMobs-26.2\src\main\java\com\github\alexthe666\alexsmobs\entity\EntitySkreecher.java:395: error: cannot find symbol
        if (this.isEffectiveAi() && this.isClinging() && !this.isInFluidType()) {
                                                              ^
  symbol: method isInFluidType()
C:\Users\justi\Documents\GitHub\AlexsMobs-26.2\src\main\java\com\github\alexthe666\alexsmobs\client\model\ModelSkunk.java:153: error: cannot find symbol
        if (entity != null && entity.isBaby()) {
            ^
  symbol:   variable entity
  location: class ModelSkunk
C:\Users\justi\Documents\GitHub\AlexsMobs-26.2\src\main\java\com\github\alexthe666\alexsmobs\client\model\ModelSkunk.java:153: error: cannot find symbol
        if (entity != null && entity.isBaby()) {
                              ^
  symbol:   variable entity
  location: class ModelSkunk
C:\Users\justi\Documents\GitHub\AlexsMobs-26.2\src\main\java\com\github\alexthe666\alexsmobs\entity\EntitySkunk.java:293: error: cannot find symbol
                                entity.addEffect(new MobEffectInstance(MobEffects.CONFUSION, 300));
                                                                                 ^
  symbol:   variable CONFUSION
  location: class MobEffects
C:\Users\justi\Documents\GitHub\AlexsMobs-26.2\src\main\java\com\github\alexthe666\alexsmobs\client\model\ModelSnowLeopard.java:245: error: cannot find symbol
        if (entity != null && entity.isBaby()) {
            ^
  symbol:   variable entity
  location: class ModelSnowLeopard
C:\Users\justi\Documents\GitHub\AlexsMobs-26.2\src\main\java\com\github\alexthe666\alexsmobs\client\model\ModelSnowLeopard.java:245: error: cannot find symbol
        if (entity != null && entity.isBaby()) {
                              ^
  symbol:   variable entity
  location: class ModelSnowLeopard
C:\Users\justi\Documents\GitHub\AlexsMobs-26.2\src\main\java\com\github\alexthe666\alexsmobs\entity\EntitySnowLeopard.java:99: error: cannot infer type arguments for NearestAttackableTargetGoal<>
        this.targetSelector.addGoal(2, new NearestAttackableTargetGoal<>(this, LivingEntity.class, 10, false, true, AMEntityRegistry.buildPredicateFromTag(AMTagRegistry.SNOW_LEOPARD_TARGETS)));
                                       ^
C:\Users\justi\Documents\GitHub\AlexsMobs-26.2\src\main\java\com\github\alexthe666\alexsmobs\entity\EntitySnowLeopard.java:323: error: cannot find symbol
        return stack.getItem().isEdible() && stack.getItem().getFoodProperties() != null && stack.getItem().getFoodProperties().isMeat();
                              ^
  symbol:   method isEdible()
  location: class Item
C:\Users\justi\Documents\GitHub\AlexsMobs-26.2\src\main\java\com\github\alexthe666\alexsmobs\entity\EntitySnowLeopard.java:323: error: cannot find symbol
        return stack.getItem().isEdible() && stack.getItem().getFoodProperties() != null && stack.getItem().getFoodProperties().isMeat();
                                                            ^
  symbol:   method getFoodProperties()
  location: class Item
C:\Users\justi\Documents\GitHub\AlexsMobs-26.2\src\main\java\com\github\alexthe666\alexsmobs\entity\EntitySnowLeopard.java:323: error: cannot find symbol
        return stack.getItem().isEdible() && stack.getItem().getFoodProperties() != null && stack.getItem().getFoodProperties().isMeat();
                                                                                                           ^
  symbol:   method getFoodProperties()
  location: class Item
C:\Users\justi\Documents\GitHub\AlexsMobs-26.2\src\main\java\com\github\alexthe666\alexsmobs\client\model\ModelSoulVulture.java:165: error: method does not override or implement a method from a supertype
	@Override
	^
C:\Users\justi\Documents\GitHub\AlexsMobs-26.2\src\main\java\com\github\alexthe666\alexsmobs\entity\EntitySoulVulture.java:76: error: cannot find symbol
        return hasSoulHeart() ? SOUL_LOOT : super.getDefaultLootTable();
                                                 ^
  symbol: method getDefaultLootTable()
C:\Users\justi\Documents\GitHub\AlexsMobs-26.2\src\main\java\com\github\alexthe666\alexsmobs\entity\EntitySoulVulture.java:167: error: cannot find symbol
        if(compound.contains("PerchX") && compound.contains("PerchY") && compound.contains("PerchZ")){
                   ^
  symbol:   method contains(String)
  location: variable compound of type ValueInput
C:\Users\justi\Documents\GitHub\AlexsMobs-26.2\src\main\java\com\github\alexthe666\alexsmobs\entity\EntitySoulVulture.java:167: error: cannot find symbol
        if(compound.contains("PerchX") && compound.contains("PerchY") && compound.contains("PerchZ")){
                                                  ^
  symbol:   method contains(String)
  location: variable compound of type ValueInput
C:\Users\justi\Documents\GitHub\AlexsMobs-26.2\src\main\java\com\github\alexthe666\alexsmobs\entity\EntitySoulVulture.java:167: error: cannot find symbol
        if(compound.contains("PerchX") && compound.contains("PerchY") && compound.contains("PerchZ")){
                                                                                 ^
  symbol:   method contains(String)
  location: variable compound of type ValueInput
C:\Users\justi\Documents\GitHub\AlexsMobs-26.2\src\main\java\com\github\alexthe666\alexsmobs\entity\EntitySoulVulture.java:566: error: incompatible types: void cannot be converted to boolean
                    if(vulture.getTarget().hurt(vulture.damageSources().mobAttack(vulture), dmg)){
                                               ^
C:\Users\justi\Documents\GitHub\AlexsMobs-26.2\src\main\java\com\github\alexthe666\alexsmobs\entity\EntitySpectre.java:45: error: EntitySpectre is not abstract and does not override abstract method isFood(ItemStack) in Animal
public class EntitySpectre extends Animal {
       ^
C:\Users\justi\Documents\GitHub\AlexsMobs-26.2\src\main\java\com\github\alexthe666\alexsmobs\entity\EntitySpectre.java:175: error: cannot find symbol
                super.tickLeash();
                     ^
  symbol: method tickLeash()
C:\Users\justi\Documents\GitHub\AlexsMobs-26.2\src\main\java\com\github\alexthe666\alexsmobs\entity\EntitySpectre.java:186: error: cannot find symbol
        if (this.leashInfoTag != null) {
                ^
  symbol: variable leashInfoTag
C:\Users\justi\Documents\GitHub\AlexsMobs-26.2\src\main\java\com\github\alexthe666\alexsmobs\entity\EntitySpectre.java:187: error: cannot find symbol
            this.restoreLeashFromSave();
                ^
  symbol: method restoreLeashFromSave()
C:\Users\justi\Documents\GitHub\AlexsMobs-26.2\src\main\java\com\github\alexthe666\alexsmobs\entity\EntitySpectre.java:202: error: method does not override or implement a method from a supertype
    @Override
    ^
C:\Users\justi\Documents\GitHub\AlexsMobs-26.2\src\main\java\com\github\alexthe666\alexsmobs\entity\EntitySpectre.java:377: error: incompatible types: TargetingConditions cannot be converted to Entity
                this.closestPlayer = this.creature.level().getNearestPlayer(ENTITY_PREDICATE, this.creature);
                                                                            ^
C:\Users\justi\Documents\GitHub\AlexsMobs-26.2\src\main\java\com\github\alexthe666\alexsmobs\entity\EntityStraddler.java:66: error: cannot find symbol
        this.setPathfindingMalus(PathType.DANGER_FIRE, 0.0F);
                                         ^
  symbol:   variable DANGER_FIRE
  location: class PathType
C:\Users\justi\Documents\GitHub\AlexsMobs-26.2\src\main\java\com\github\alexthe666\alexsmobs\entity\EntityStraddler.java:67: error: cannot find symbol
        this.setPathfindingMalus(PathType.DAMAGE_FIRE, 0.0F);
                                         ^
  symbol:   variable DAMAGE_FIRE
  location: class PathType
C:\Users\justi\Documents\GitHub\AlexsMobs-26.2\src\main\java\com\github\alexthe666\alexsmobs\entity\EntityStraddler.java:121: error: cannot find symbol
        this.checkInsideBlocks();
            ^
  symbol: method checkInsideBlocks()
C:\Users\justi\Documents\GitHub\AlexsMobs-26.2\src\main\java\com\github\alexthe666\alexsmobs\entity\EntityStraddler.java:146: error: cannot find symbol
            double d1 = this.getFluidTypeHeight(NeoForgeMod.LAVA_TYPE.get());
                                                                     ^
  symbol:   method get()
  location: variable LAVA_TYPE of type Holder<FluidType>
C:\Users\justi\Documents\GitHub\AlexsMobs-26.2\src\main\java\com\github\alexthe666\alexsmobs\entity\EntityStraddler.java:152: error: cannot find symbol
            }else if (lvt_1_1_.isAbove(LiquidBlock.STABLE_SHAPE, this.blockPosition().below(), true) && !this.level().getFluidState(this.blockPosition().above()).is(FluidTags.LAVA)) {
                                                  ^
  symbol:   variable STABLE_SHAPE
  location: class LiquidBlock
C:\Users\justi\Documents\GitHub\AlexsMobs-26.2\src\main\java\com\github\alexthe666\alexsmobs\entity\EntityStraddler.java:234: error: cannot find symbol
        this.checkInsideBlocks();
            ^
  symbol: method checkInsideBlocks()
C:\Users\justi\Documents\GitHub\AlexsMobs-26.2\src\main\java\com\github\alexthe666\alexsmobs\entity\EntityStraddler.java:237: error: incompatible types: Holder<SoundEvent> cannot be converted to SoundEvent
                this.playSound(SoundEvents.CROSSBOW_LOADING_MIDDLE, 2F, 1F / (this.getRandom().nextFloat() * 0.4F + 0.8F));
                                          ^
C:\Users\justi\Documents\GitHub\AlexsMobs-26.2\src\main\java\com\github\alexthe666\alexsmobs\entity\EntityStraddler.java:250: error: incompatible types: Holder<SoundEvent> cannot be converted to SoundEvent
            this.playSound(SoundEvents.CROSSBOW_LOADING_END, 2F, 1F / (this.getRandom().nextFloat() * 0.4F + 0.8F));
                                      ^
C:\Users\justi\Documents\GitHub\AlexsMobs-26.2\src\main\java\com\github\alexthe666\alexsmobs\entity\EntityStraddler.java:305: error: cannot find symbol
            return p_230287_1_ == PathType.LAVA || p_230287_1_ == PathType.DAMAGE_FIRE || p_230287_1_ == PathType.DANGER_FIRE || super.hasValidPathType(p_230287_1_);
                                                                          ^
  symbol:   variable DAMAGE_FIRE
  location: class PathType
C:\Users\justi\Documents\GitHub\AlexsMobs-26.2\src\main\java\com\github\alexthe666\alexsmobs\entity\EntityStraddler.java:305: error: cannot find symbol
            return p_230287_1_ == PathType.LAVA || p_230287_1_ == PathType.DAMAGE_FIRE || p_230287_1_ == PathType.DANGER_FIRE || super.hasValidPathType(p_230287_1_);
                                                                                                                 ^
  symbol:   variable DANGER_FIRE
  location: class PathType
C:\Users\justi\Documents\GitHub\AlexsMobs-26.2\src\main\java\com\github\alexthe666\alexsmobs\entity\EntityStraddler.java:305: error: cannot find symbol
            return p_230287_1_ == PathType.LAVA || p_230287_1_ == PathType.DAMAGE_FIRE || p_230287_1_ == PathType.DANGER_FIRE || super.hasValidPathType(p_230287_1_);
                                                                                                                                      ^
  symbol: method hasValidPathType(PathType)
C:\Users\justi\Documents\GitHub\AlexsMobs-26.2\src\main\java\com\github\alexthe666\alexsmobs\entity\EntityStradpole.java:80: error: cannot find symbol
    private static final EntityDataAccessor<Optional<EntityReference<LivingEntity>>> PARENT_UUID = SynchedEntityData.defineId(EntityStradpole.class, EntityDataSerializers.OPTIONAL_ENTITY_REFERENCE);
                                                                                                                                                                          ^
  symbol:   variable OPTIONAL_ENTITY_REFERENCE
  location: class EntityDataSerializers
C:\Users\justi\Documents\GitHub\AlexsMobs-26.2\src\main\java\com\github\alexthe666\alexsmobs\entity\EntityStradpole.java:109: error: cannot find symbol
            stack.setCustomName(this.getCustomName());
                 ^
  symbol:   method setCustomName(Component)
  location: variable stack of type ItemStack
C:\Users\justi\Documents\GitHub\AlexsMobs-26.2\src\main\java\com\github\alexthe666\alexsmobs\entity\EntityStradpole.java:117: error: cannot find symbol
            bucket.setCustomName(this.getCustomName());
                  ^
  symbol:   method setCustomName(Component)
  location: variable bucket of type ItemStack
C:\Users\justi\Documents\GitHub\AlexsMobs-26.2\src\main\java\com\github\alexthe666\alexsmobs\entity\EntityStradpole.java:143: error: cannot find symbol
            return InteractionResult.sidedSuccess(this.level().isClientSide());
                                    ^
  symbol:   method sidedSuccess(boolean)
  location: interface InteractionResult
C:\Users\justi\Documents\GitHub\AlexsMobs-26.2\src\main\java\com\github\alexthe666\alexsmobs\entity\EntityStradpole.java:158: error: cannot find symbol
            return InteractionResult.sidedSuccess(level.isClientSide());
                                    ^
  symbol:   method sidedSuccess(boolean)
  location: interface InteractionResult
C:\Users\justi\Documents\GitHub\AlexsMobs-26.2\src\main\java\com\github\alexthe666\alexsmobs\entity\EntityStradpole.java:190: error: cannot find symbol
        return SoundEvents.BUCKET_FILL_FISH.value();
                                           ^
  symbol:   method value()
  location: variable BUCKET_FILL_FISH of type SoundEvent
C:\Users\justi\Documents\GitHub\AlexsMobs-26.2\src\main\java\com\github\alexthe666\alexsmobs\entity\EntityStradpole.java:195: error: incompatible types: EntityReference<LivingEntity> cannot be converted to UUID
        return this.entityData.get(PARENT_UUID).orElse(null);
                                                      ^
C:\Users\justi\Documents\GitHub\AlexsMobs-26.2\src\main\java\com\github\alexthe666\alexsmobs\entity\EntityStradpole.java:199: error: no suitable method found for set(EntityDataAccessor<Optional<EntityReference<LivingEntity>>>,Optional<UUID>)
        this.entityData.set(PARENT_UUID, Optional.ofNullable(uniqueId));
                       ^
    method SynchedEntityData.<T#1>set(EntityDataAccessor<T#1>,T#1) is not applicable
      (inference variable T#2 has incompatible bounds
        equality constraints: EntityReference<LivingEntity>
        lower bounds: UUID)
    method SynchedEntityData.<T#3>set(EntityDataAccessor<T#3>,T#3,boolean) is not applicable
      (cannot infer type-variable(s) T#3
        (actual and formal argument lists differ in length))
  where T#1,T#2,T#3 are type-variables:
    T#1 extends Object declared in method <T#1>set(EntityDataAccessor<T#1>,T#1)
    T#2 extends Object declared in method <T#2>ofNullable(T#2)
    T#3 extends Object declared in method <T#3>set(EntityDataAccessor<T#3>,T#3,boolean)
C:\Users\justi\Documents\GitHub\AlexsMobs-26.2\src\main\java\com\github\alexthe666\alexsmobs\entity\EntityStradpole.java:355: error: cannot find symbol
        if (holder.getUseItem().canPerformAction(ItemAbilities.SHIELD_BLOCK)) {
                                                              ^
  symbol:   variable SHIELD_BLOCK
  location: class ItemAbilities
C:\Users\justi\Documents\GitHub\AlexsMobs-26.2\src\main\java\com\github\alexthe666\alexsmobs\entity\EntityStradpole.java:363: error: no suitable method found for hurtAndBreak(int,Player,(p_213833_[...]d); })
                holder.getUseItem().hurtAndBreak(i, holder, (p_213833_1_) -> {
                                   ^
    method ItemStack.hurtAndBreak(int,LivingEntity,InteractionHand) is not applicable
      (argument mismatch; InteractionHand is not a functional interface)
    method ItemStack.hurtAndBreak(int,LivingEntity,EquipmentSlot) is not applicable
      (argument mismatch; EquipmentSlot is not a functional interface)
C:\Users\justi\Documents\GitHub\AlexsMobs-26.2\src\main\java\com\github\alexthe666\alexsmobs\entity\EntityStradpole.java:365: error: cannot find symbol
                    net.neoforged.neoforge.event.ForgeEventFactory.onPlayerDestroyItem(holder, holder.getUseItem(), hand);
                                                ^
  symbol:   class ForgeEventFactory
  location: package net.neoforged.neoforge.event
C:\Users\justi\Documents\GitHub\AlexsMobs-26.2\src\main\java\com\github\alexthe666\alexsmobs\entity\EntityStradpole.java:463: error: method isPathfindable in class BlockStateBase cannot be applied to given types;
            for (int i = 0; vector3d != null && !this.mob.level().getFluidState(AMBlockPos.fromVec3(vector3d)).is(FluidTags.LAVA) && !this.mob.level().getBlockState(AMBlockPos.fromVec3(vector3d)).isPathfindable(this.mob.level(), AMBlockPos.fromVec3(vector3d), PathComputationType.WATER) && i++ < 15; vector3d = LandRandomPos.getPos(this.mob, 10, 7)) {
                                                                                                                                                                                                   ^
  required: PathComputationType
  found:    Level,BlockPos,PathComputationType
  reason: actual and formal argument lists differ in length
C:\Users\justi\Documents\GitHub\AlexsMobs-26.2\src\main\java\com\github\alexthe666\alexsmobs\client\model\ModelSugarGlider.java:158: error: method does not override or implement a method from a supertype
    @Override
    ^
C:\Users\justi\Documents\GitHub\AlexsMobs-26.2\src\main\java\com\github\alexthe666\alexsmobs\client\model\ModelSugarGlider.java:160: error: cannot find symbol
        if (entity != null && entity.isBaby()) {
            ^
  symbol:   variable entity
  location: class ModelSugarGlider
C:\Users\justi\Documents\GitHub\AlexsMobs-26.2\src\main\java\com\github\alexthe666\alexsmobs\client\model\ModelSugarGlider.java:160: error: cannot find symbol
        if (entity != null && entity.isBaby()) {
                              ^
  symbol:   variable entity
  location: class ModelSugarGlider
C:\Users\justi\Documents\GitHub\AlexsMobs-26.2\src\main\java\com\github\alexthe666\alexsmobs\entity\EntitySugarGlider.java:125: error: method of in class Ingredient cannot be applied to given types;
        this.goalSelector.addGoal(3, new TemptGoal(this, 1.1D, Ingredient.of(AMTagRegistry.SUGAR_GLIDER_BREEDABLES, AMTagRegistry.SUGAR_GLIDER_TAMEABLES), false){
                                                                         ^
  required: ItemLike[]
  found:    TagKey<Item>,TagKey<Item>
  reason: varargs mismatch; TagKey<Item> cannot be converted to ItemLike
C:\Users\justi\Documents\GitHub\AlexsMobs-26.2\src\main\java\com\github\alexthe666\alexsmobs\entity\EntitySugarGlider.java:260: error: cannot find symbol
                Vec3 vec = Vec3.atLowerCornerOf(this.getAttachmentFacing().getNormal());
                                                                          ^
  symbol:   method getNormal()
  location: class Direction
C:\Users\justi\Documents\GitHub\AlexsMobs-26.2\src\main\java\com\github\alexthe666\alexsmobs\entity\EntitySugarGlider.java:369: error: cannot find symbol
        LootTable loottable = this.level().getServer().getLootData().getLootTable(SUGAR_GLIDER_REWARD);
                                                      ^
  symbol:   method getLootData()
  location: class MinecraftServer
C:\Users\justi\Documents\GitHub\AlexsMobs-26.2\src\main\java\com\github\alexthe666\alexsmobs\entity\EntitySugarGlider.java:389: error: cannot find symbol
        this.entityData.set(ATTACHED_FACE, Direction.from3DDataValue(compound.getByte("AttachFace")));
                                                                             ^
  symbol:   method getByte(String)
  location: variable compound of type ValueInput
C:\Users\justi\Documents\GitHub\AlexsMobs-26.2\src\main\java\com\github\alexthe666\alexsmobs\entity\EntitySugarGlider.java:516: error: cannot find symbol
                player.displayClientMessage(Component.translatable("entity.alexsmobs.all.command_" + this.getCommand(), this.getName()), true);
                      ^
  symbol:   method displayClientMessage(MutableComponent,boolean)
  location: variable player of type Player
C:\Users\justi\Documents\GitHub\AlexsMobs-26.2\src\main\java\com\github\alexthe666\alexsmobs\entity\EntitySugarGlider.java:541: error: jumping has protected access in LivingEntity
                return super.canUpdatePath() || ((EntitySugarGlider) mob).isBesideClimbableBlock() || mob.jumping;
                                                                                                         ^
C:\Users\justi\Documents\GitHub\AlexsMobs-26.2\src\main\java\com\github\alexthe666\alexsmobs\entity\EntitySunbird.java:55: error: EntitySunbird is not abstract and does not override abstract method isFood(ItemStack) in Animal
public class EntitySunbird extends Animal {
       ^
C:\Users\justi\Documents\GitHub\AlexsMobs-26.2\src\main\java\com\github\alexthe666\alexsmobs\entity\EntitySunbird.java:249: error: cannot find symbol
                    e.setSecondsOnFire(4);
                     ^
  symbol:   method setSecondsOnFire(int)
  location: variable e of type Entity
C:\Users\justi\Documents\GitHub\AlexsMobs-26.2\src\main\java\com\github\alexthe666\alexsmobs\entity\EntitySunbird.java:276: error: cannot find symbol
        if (compound.contains("BeaconPosX")) {
                    ^
  symbol:   method contains(String)
  location: variable compound of type ValueInput
C:\Users\justi\Documents\GitHub\AlexsMobs-26.2\src\main\java\com\github\alexthe666\alexsmobs\entity\EntitySunbird.java:324: error: method does not override or implement a method from a supertype
    @Override
    ^
C:\Users\justi\Documents\GitHub\AlexsMobs-26.2\src\main\java\com\github\alexthe666\alexsmobs\client\model\ModelTarantulaHawk.java:263: error: method does not override or implement a method from a supertype
    @Override
    ^
C:\Users\justi\Documents\GitHub\AlexsMobs-26.2\src\main\java\com\github\alexthe666\alexsmobs\entity\EntityTarantulaHawk.java:105: error: method isBiomeNether in class EntityTarantulaHawk cannot be applied to given types;
        return worldIn.getBlockState(pos.below()).is(AMTagRegistry.TARANTULA_HAWK_SPAWNS) && worldIn.getRawBrightness(pos, 0) > 8 || isBiomeNether(worldIn, pos) || AMConfig.fireproofTarantulaHawk;
                                                                                                                                     ^
  required: LevelAccessor
  found:    LevelAccessor,BlockPos
  reason: actual and formal argument lists differ in length
C:\Users\justi\Documents\GitHub\AlexsMobs-26.2\src\main\java\com\github\alexthe666\alexsmobs\entity\EntityTarantulaHawk.java:118: error: method isBiomeNether in class EntityTarantulaHawk cannot be applied to given types;
        if(this.isBiomeNether(worldIn, this.blockPosition())){
               ^
  required: LevelAccessor
  found:    ServerLevelAccessor,BlockPos
  reason: actual and formal argument lists differ in length
C:\Users\justi\Documents\GitHub\AlexsMobs-26.2\src\main\java\com\github\alexthe666\alexsmobs\entity\EntityTarantulaHawk.java:125: error: position has private access in Entity
        return worldIn.getBiome(position).is(AMTagRegistry.SPAWNS_NETHER_TARANTULA_HAWKS);
                                ^
C:\Users\justi\Documents\GitHub\AlexsMobs-26.2\src\main\java\com\github\alexthe666\alexsmobs\entity\EntityTarantulaHawk.java:137: error: no suitable method found for of(TagKey<Item>)
        this.goalSelector.addGoal(7, new TemptGoal(this, 1.1D, Ingredient.fromValues(Stream.of(Ingredient.of(AMTagRegistry.TARANTULA_HAWK_BREEDABLES), Ingredient.of(AMTagRegistry.TARANTULA_HAWK_TAMEABLES), Ingredient.of(AMTagRegistry.TARANTULA_HAWK_FOODSTUFFS))), false));
                                                                                                         ^
    method Ingredient.of(ItemLike) is not applicable
      (argument mismatch; TagKey<Item> cannot be converted to ItemLike)
    method Ingredient.of(ItemLike...) is not applicable
      (varargs mismatch; TagKey<Item> cannot be converted to ItemLike)
    method Ingredient.of(Stream<? extends ItemLike>) is not applicable
      (argument mismatch; TagKey<Item> cannot be converted to Stream<? extends ItemLike>)
    method Ingredient.of(HolderSet<Item>) is not applicable
      (argument mismatch; TagKey<Item> cannot be converted to HolderSet<Item>)
C:\Users\justi\Documents\GitHub\AlexsMobs-26.2\src\main\java\com\github\alexthe666\alexsmobs\entity\EntityTarantulaHawk.java:137: error: no suitable method found for of(TagKey<Item>)
        this.goalSelector.addGoal(7, new TemptGoal(this, 1.1D, Ingredient.fromValues(Stream.of(Ingredient.of(AMTagRegistry.TARANTULA_HAWK_BREEDABLES), Ingredient.of(AMTagRegistry.TARANTULA_HAWK_TAMEABLES), Ingredient.of(AMTagRegistry.TARANTULA_HAWK_FOODSTUFFS))), false));
                                                                                                                                                                 ^
    method Ingredient.of(ItemLike) is not applicable
      (argument mismatch; TagKey<Item> cannot be converted to ItemLike)
    method Ingredient.of(ItemLike...) is not applicable
      (varargs mismatch; TagKey<Item> cannot be converted to ItemLike)
    method Ingredient.of(Stream<? extends ItemLike>) is not applicable
      (argument mismatch; TagKey<Item> cannot be converted to Stream<? extends ItemLike>)
    method Ingredient.of(HolderSet<Item>) is not applicable
      (argument mismatch; TagKey<Item> cannot be converted to HolderSet<Item>)
C:\Users\justi\Documents\GitHub\AlexsMobs-26.2\src\main\java\com\github\alexthe666\alexsmobs\entity\EntityTarantulaHawk.java:137: error: no suitable method found for of(TagKey<Item>)
        this.goalSelector.addGoal(7, new TemptGoal(this, 1.1D, Ingredient.fromValues(Stream.of(Ingredient.of(AMTagRegistry.TARANTULA_HAWK_BREEDABLES), Ingredient.of(AMTagRegistry.TARANTULA_HAWK_TAMEABLES), Ingredient.of(AMTagRegistry.TARANTULA_HAWK_FOODSTUFFS))), false));
                                                                                                                                                                                                                        ^
    method Ingredient.of(ItemLike) is not applicable
      (argument mismatch; TagKey<Item> cannot be converted to ItemLike)
    method Ingredient.of(ItemLike...) is not applicable
      (varargs mismatch; TagKey<Item> cannot be converted to ItemLike)
    method Ingredient.of(Stream<? extends ItemLike>) is not applicable
      (argument mismatch; TagKey<Item> cannot be converted to Stream<? extends ItemLike>)
    method Ingredient.of(HolderSet<Item>) is not applicable
      (argument mismatch; TagKey<Item> cannot be converted to HolderSet<Item>)
C:\Users\justi\Documents\GitHub\AlexsMobs-26.2\src\main\java\com\github\alexthe666\alexsmobs\entity\EntityTarantulaHawk.java:191: error: cannot find symbol
        if (source.getEntity() instanceof LivingEntity && ((LivingEntity) source.getEntity()).getMobType() == MobType.ARTHROPOD && ((LivingEntity) source.getEntity()).hasEffect(AMEffectRegistry.DEBILITATING_STING)) {
                                                                                             ^
  symbol:   method getMobType()
  location: class LivingEntity
C:\Users\justi\Documents\GitHub\AlexsMobs-26.2\src\main\java\com\github\alexthe666\alexsmobs\entity\EntityTarantulaHawk.java:191: error: cannot find symbol
        if (source.getEntity() instanceof LivingEntity && ((LivingEntity) source.getEntity()).getMobType() == MobType.ARTHROPOD && ((LivingEntity) source.getEntity()).hasEffect(AMEffectRegistry.DEBILITATING_STING)) {
                                                                                                              ^
  symbol:   variable MobType
  location: class EntityTarantulaHawk
C:\Users\justi\Documents\GitHub\AlexsMobs-26.2\src\main\java\com\github\alexthe666\alexsmobs\entity\EntityTarantulaHawk.java:219: error: isAlliedTo(Entity) in EntityTarantulaHawk cannot override isAlliedTo(@org.jspecify.annotations.Nullable Entity) in Entity
    public boolean isAlliedTo(Entity entityIn) {
                   ^
  overridden method is final
C:\Users\justi\Documents\GitHub\AlexsMobs-26.2\src\main\java\com\github\alexthe666\alexsmobs\entity\EntityTarantulaHawk.java:295: error: getDimensions(Pose) in EntityTarantulaHawk cannot override getDimensions(Pose) in LivingEntity
    public EntityDimensions getDimensions(Pose poseIn) {
                            ^
  overridden method is final
C:\Users\justi\Documents\GitHub\AlexsMobs-26.2\src\main\java\com\github\alexthe666\alexsmobs\entity\EntityTarantulaHawk.java:475: error: cannot find symbol
                player.displayClientMessage(Component.translatable("entity.alexsmobs.all.command_" + this.getCommand(), this.getName()), true);
                      ^
  symbol:   method displayClientMessage(MutableComponent,boolean)
  location: variable player of type Player
C:\Users\justi\Documents\GitHub\AlexsMobs-26.2\src\main\java\com\github\alexthe666\alexsmobs\entity\EntityTarantulaHawk.java:532: error: cannot find symbol
        if (world.getGameRules().getBooleanOr(GameRules.RULE_DOMOBLOOT, false)) {
                                              ^
  symbol:   variable GameRules
  location: class EntityTarantulaHawk
C:\Users\justi\Documents\GitHub\AlexsMobs-26.2\src\main\java\com\github\alexthe666\alexsmobs\entity\EntityTarantulaHawk.java:737: error: cannot find symbol
            boolean paralized = target != null && target.getMobType() == MobType.ARTHROPOD && !target.noPhysics && target.hasEffect(AMEffectRegistry.DEBILITATING_STING);
                                                        ^
  symbol:   method getMobType()
  location: variable target of type LivingEntity
C:\Users\justi\Documents\GitHub\AlexsMobs-26.2\src\main\java\com\github\alexthe666\alexsmobs\entity\EntityTarantulaHawk.java:737: error: cannot find symbol
            boolean paralized = target != null && target.getMobType() == MobType.ARTHROPOD && !target.noPhysics && target.hasEffect(AMEffectRegistry.DEBILITATING_STING);
                                                                         ^
  symbol:   variable MobType
  location: class EntityTarantulaHawk.AIMelee
C:\Users\justi\Documents\GitHub\AlexsMobs-26.2\src\main\java\com\github\alexthe666\alexsmobs\entity\EntityTarantulaHawk.java:785: error: cannot find symbol
                            hawk.doHurtTarget((ServerLevel) this.level(), target);
                                                                ^
  symbol: method level()
C:\Users\justi\Documents\GitHub\AlexsMobs-26.2\src\main\java\com\github\alexthe666\alexsmobs\entity\EntityTarantulaHawk.java:791: error: cannot find symbol
                            target.addEffect(new MobEffectInstance(AMEffectRegistry.DEBILITATING_STING, target.getMobType() == MobType.ARTHROPOD ? EntityTarantulaHawk.STING_DURATION : 600, hawk.bredBuryFlag ? 1 : 0));
                                                                                                              ^
  symbol:   method getMobType()
  location: variable target of type LivingEntity
C:\Users\justi\Documents\GitHub\AlexsMobs-26.2\src\main\java\com\github\alexthe666\alexsmobs\entity\EntityTarantulaHawk.java:791: error: cannot find symbol
                            target.addEffect(new MobEffectInstance(AMEffectRegistry.DEBILITATING_STING, target.getMobType() == MobType.ARTHROPOD ? EntityTarantulaHawk.STING_DURATION : 600, hawk.bredBuryFlag ? 1 : 0));
                                                                                                                               ^
  symbol:   variable MobType
  location: class EntityTarantulaHawk.AIMelee
C:\Users\justi\Documents\GitHub\AlexsMobs-26.2\src\main\java\com\github\alexthe666\alexsmobs\entity\EntityTarantulaHawk.java:792: error: cannot find symbol
                            if (!hawk.level().isClientSide() && target.getMobType() == MobType.ARTHROPOD) {
                                                                      ^
  symbol:   method getMobType()
  location: variable target of type LivingEntity
C:\Users\justi\Documents\GitHub\AlexsMobs-26.2\src\main\java\com\github\alexthe666\alexsmobs\entity\EntityTarantulaHawk.java:792: error: cannot find symbol
                            if (!hawk.level().isClientSide() && target.getMobType() == MobType.ARTHROPOD) {
                                                                                       ^
  symbol:   variable MobType
  location: class EntityTarantulaHawk.AIMelee
C:\Users\justi\Documents\GitHub\AlexsMobs-26.2\src\main\java\com\github\alexthe666\alexsmobs\entity\EntityTarantulaHawk.java:795: error: cannot find symbol
                            orbitCooldown = target.getMobType() == MobType.ARTHROPOD ? 200 + random.nextInt(200) : 10 + random.nextInt(20);
                                                  ^
  symbol:   method getMobType()
  location: variable target of type LivingEntity
C:\Users\justi\Documents\GitHub\AlexsMobs-26.2\src\main\java\com\github\alexthe666\alexsmobs\entity\EntityTarantulaHawk.java:795: error: cannot find symbol
                            orbitCooldown = target.getMobType() == MobType.ARTHROPOD ? 200 + random.nextInt(200) : 10 + random.nextInt(20);
                                                                   ^
  symbol:   variable MobType
  location: class EntityTarantulaHawk.AIMelee
C:\Users\justi\Documents\GitHub\AlexsMobs-26.2\src\main\java\com\github\alexthe666\alexsmobs\client\model\ModelTarantulaHawkBaby.java:59: error: method does not override or implement a method from a supertype
    @Override
    ^
C:\Users\justi\Documents\GitHub\AlexsMobs-26.2\src\main\java\com\github\alexthe666\alexsmobs\client\model\ModelTasmanianDevil.java:177: error: method does not override or implement a method from a supertype
	@Override
	^
C:\Users\justi\Documents\GitHub\AlexsMobs-26.2\src\main\java\com\github\alexthe666\alexsmobs\client\model\ModelTasmanianDevil.java:179: error: cannot find symbol
		if (entity != null && entity.isBaby()) {
		    ^
  symbol:   variable entity
  location: class ModelTasmanianDevil
C:\Users\justi\Documents\GitHub\AlexsMobs-26.2\src\main\java\com\github\alexthe666\alexsmobs\client\model\ModelTasmanianDevil.java:179: error: cannot find symbol
		if (entity != null && entity.isBaby()) {
		                      ^
  symbol:   variable entity
  location: class ModelTasmanianDevil
C:\Users\justi\Documents\GitHub\AlexsMobs-26.2\src\main\java\com\github\alexthe666\alexsmobs\entity\EntityTasmanianDevil.java:98: error: cannot infer type arguments for NearestAttackableTargetGoal<>
        this.targetSelector.addGoal(2, new NearestAttackableTargetGoal<>(this, Animal.class, 120, false, false, (p_213487_0_) -> {
                                       ^
C:\Users\justi\Documents\GitHub\AlexsMobs-26.2\src\main\java\com\github\alexthe666\alexsmobs\entity\EntityTasmanianDevil.java:105: error: cannot find symbol
        if(this.getRandom().nextBoolean() && (entity instanceof Animal || entity.getMobType() == MobType.UNDEAD)){
                                                                                ^
  symbol:   method getMobType()
  location: variable entity of type LivingEntity
C:\Users\justi\Documents\GitHub\AlexsMobs-26.2\src\main\java\com\github\alexthe666\alexsmobs\entity\EntityTasmanianDevil.java:105: error: cannot find symbol
        if(this.getRandom().nextBoolean() && (entity instanceof Animal || entity.getMobType() == MobType.UNDEAD)){
                                                                                                 ^
  symbol:   variable MobType
  location: class EntityTasmanianDevil
C:\Users\justi\Documents\GitHub\AlexsMobs-26.2\src\main\java\com\github\alexthe666\alexsmobs\entity\EntityTasmanianDevil.java:152: error: cannot find symbol
        return stack.getItem().isEdible() && stack.getItem().getFoodProperties() != null && stack.getItem().getFoodProperties().isMeat() && !stack.is(AMTagRegistry.TASMANIAN_DEVIL_HOWLING_FOODS);
                              ^
  symbol:   method isEdible()
  location: class Item
C:\Users\justi\Documents\GitHub\AlexsMobs-26.2\src\main\java\com\github\alexthe666\alexsmobs\entity\EntityTasmanianDevil.java:152: error: cannot find symbol
        return stack.getItem().isEdible() && stack.getItem().getFoodProperties() != null && stack.getItem().getFoodProperties().isMeat() && !stack.is(AMTagRegistry.TASMANIAN_DEVIL_HOWLING_FOODS);
                                                            ^
  symbol:   method getFoodProperties()
  location: class Item
C:\Users\justi\Documents\GitHub\AlexsMobs-26.2\src\main\java\com\github\alexthe666\alexsmobs\entity\EntityTasmanianDevil.java:152: error: cannot find symbol
        return stack.getItem().isEdible() && stack.getItem().getFoodProperties() != null && stack.getItem().getFoodProperties().isMeat() && !stack.is(AMTagRegistry.TASMANIAN_DEVIL_HOWLING_FOODS);
                                                                                                           ^
  symbol:   method getFoodProperties()
  location: class Item
C:\Users\justi\Documents\GitHub\AlexsMobs-26.2\src\main\java\com\github\alexthe666\alexsmobs\entity\EntityTasmanianDevil.java:202: error: cannot find symbol
            this.gameEvent(GameEvent.ENTITY_ROAR);
                                    ^
  symbol:   variable ENTITY_ROAR
  location: class GameEvent
C:\Users\justi\Documents\GitHub\AlexsMobs-26.2\src\main\java\com\github\alexthe666\alexsmobs\entity\EntityTasmanianDevil.java:240: error: cannot find symbol
            this.spawnAtLocation((ServerLevel) this.level(), item.getCraftingRemainingItem(itemstack));
                                                                 ^
  symbol:   method getCraftingRemainingItem(ItemStack)
  location: variable item of type Item
C:\Users\justi\Documents\GitHub\AlexsMobs-26.2\src\main\java\com\github\alexthe666\alexsmobs\entity\EntityTasmanianDevil.java:296: error: cannot find symbol
        return stack.getItem().isEdible() && stack.getItem().getFoodProperties() != null && stack.getItem().getFoodProperties().isMeat() || stack.getItem() == Items.BONE;
                              ^
  symbol:   method isEdible()
  location: class Item
C:\Users\justi\Documents\GitHub\AlexsMobs-26.2\src\main\java\com\github\alexthe666\alexsmobs\entity\EntityTasmanianDevil.java:296: error: cannot find symbol
        return stack.getItem().isEdible() && stack.getItem().getFoodProperties() != null && stack.getItem().getFoodProperties().isMeat() || stack.getItem() == Items.BONE;
                                                            ^
  symbol:   method getFoodProperties()
  location: class Item
C:\Users\justi\Documents\GitHub\AlexsMobs-26.2\src\main\java\com\github\alexthe666\alexsmobs\entity\EntityTasmanianDevil.java:296: error: cannot find symbol
        return stack.getItem().isEdible() && stack.getItem().getFoodProperties() != null && stack.getItem().getFoodProperties().isMeat() || stack.getItem() == Items.BONE;
                                                                                                           ^
  symbol:   method getFoodProperties()
  location: class Item
C:\Users\justi\Documents\GitHub\AlexsMobs-26.2\src\main\java\com\github\alexthe666\alexsmobs\entity\EntityTendonSegment.java:39: error: EntityTendonSegment is not abstract and does not override abstract method hurtServer(ServerLevel,DamageSource,float) in Entity
public class EntityTendonSegment  extends Entity {
       ^
C:\Users\justi\Documents\GitHub\AlexsMobs-26.2\src\main\java\com\github\alexthe666\alexsmobs\entity\EntityTendonSegment.java:41: error: cannot find symbol
    private static final EntityDataAccessor<Optional<EntityReference<LivingEntity>>> CREATOR_ID = SynchedEntityData.defineId(EntityTendonSegment.class, EntityDataSerializers.OPTIONAL_ENTITY_REFERENCE);
                                                                                                                                                                             ^
  symbol:   variable OPTIONAL_ENTITY_REFERENCE
  location: class EntityDataSerializers
C:\Users\justi\Documents\GitHub\AlexsMobs-26.2\src\main\java\com\github\alexthe666\alexsmobs\entity\EntityTendonSegment.java:120: error: 'void' type not allowed here
                            if(current != creator && current.hurt(damageSources().mobProjectile(this, (LivingEntity)entity), (float) getDamageFor((LivingEntity)creator, (LivingEntity)entity))){
                                                                 ^
C:\Users\justi\Documents\GitHub\AlexsMobs-26.2\src\main\java\com\github\alexthe666\alexsmobs\entity\EntityTendonSegment.java:121: error: cannot find symbol
                                this.doEnchantDamageEffects((LivingEntity) creator, entity);
                                    ^
  symbol: method doEnchantDamageEffects(LivingEntity,Entity)
C:\Users\justi\Documents\GitHub\AlexsMobs-26.2\src\main\java\com\github\alexthe666\alexsmobs\entity\EntityTendonSegment.java:169: error: cannot find symbol
            dmg += EnchantmentHelper.getDamageBonus(stack, entity.getMobType());
                                                                 ^
  symbol:   method getMobType()
  location: variable entity of type LivingEntity
C:\Users\justi\Documents\GitHub\AlexsMobs-26.2\src\main\java\com\github\alexthe666\alexsmobs\entity\EntityTendonSegment.java:175: error: method getAttributeModifiers in interface IItemStackExtension cannot be applied to given types;
        Multimap<Attribute, AttributeModifier> map = itemStack.getAttributeModifiers(EquipmentSlot.MAINHAND);
                                                              ^
  required: no arguments
  found:    EquipmentSlot
  reason: actual and formal argument lists differ in length
C:\Users\justi\Documents\GitHub\AlexsMobs-26.2\src\main\java\com\github\alexthe666\alexsmobs\entity\EntityTendonSegment.java:178: error: incompatible types: Holder<Attribute> cannot be converted to Attribute
            for (AttributeModifier mod : map.get(Attributes.ATTACK_DAMAGE)) {
                                                           ^
C:\Users\justi\Documents\GitHub\AlexsMobs-26.2\src\main\java\com\github\alexthe666\alexsmobs\entity\EntityTendonSegment.java:179: error: cannot find symbol
                d += mod.getAmount();
                        ^
  symbol:   method getAmount()
  location: variable mod of type AttributeModifier
C:\Users\justi\Documents\GitHub\AlexsMobs-26.2\src\main\java\com\github\alexthe666\alexsmobs\entity\EntityTendonSegment.java:252: error: incompatible types: EntityReference<LivingEntity> cannot be converted to UUID
        return this.entityData.get(CREATOR_ID).orElse(null);
                                                     ^
C:\Users\justi\Documents\GitHub\AlexsMobs-26.2\src\main\java\com\github\alexthe666\alexsmobs\entity\EntityTendonSegment.java:256: error: no suitable method found for set(EntityDataAccessor<Optional<EntityReference<LivingEntity>>>,Optional<UUID>)
        this.entityData.set(CREATOR_ID, Optional.ofNullable(id));
                       ^
    method SynchedEntityData.<T#1>set(EntityDataAccessor<T#1>,T#1) is not applicable
      (inference variable T#2 has incompatible bounds
        equality constraints: EntityReference<LivingEntity>
        lower bounds: UUID)
    method SynchedEntityData.<T#3>set(EntityDataAccessor<T#3>,T#3,boolean) is not applicable
      (cannot infer type-variable(s) T#3
        (actual and formal argument lists differ in length))
  where T#1,T#2,T#3 are type-variables:
    T#1 extends Object declared in method <T#1>set(EntityDataAccessor<T#1>,T#1)
    T#2 extends Object declared in method <T#2>ofNullable(T#2)
    T#3 extends Object declared in method <T#3>set(EntityDataAccessor<T#3>,T#3,boolean)
C:\Users\justi\Documents\GitHub\AlexsMobs-26.2\src\main\java\com\github\alexthe666\alexsmobs\client\model\ModelTerrapin.java:200: error: method does not override or implement a method from a supertype
    @Override
    ^
C:\Users\justi\Documents\GitHub\AlexsMobs-26.2\src\main\java\com\github\alexthe666\alexsmobs\client\model\ModelTerrapin.java:202: error: cannot find symbol
        if (entity != null && entity.isBaby()) {
            ^
  symbol:   variable entity
  location: class ModelTerrapin
C:\Users\justi\Documents\GitHub\AlexsMobs-26.2\src\main\java\com\github\alexthe666\alexsmobs\client\model\ModelTerrapin.java:202: error: cannot find symbol
        if (entity != null && entity.isBaby()) {
                              ^
  symbol:   variable entity
  location: class ModelTerrapin
C:\Users\justi\Documents\GitHub\AlexsMobs-26.2\src\main\java\com\github\alexthe666\alexsmobs\entity\EntityTerrapin.java:58: error: EntityTerrapin is not abstract and does not override abstract method getBreedOffspring(ServerLevel,AgeableMob) in AgeableMob
public class EntityTerrapin extends Animal implements ISemiAquatic, Bucketable {
       ^
C:\Users\justi\Documents\GitHub\AlexsMobs-26.2\src\main\java\com\github\alexthe666\alexsmobs\entity\EntityTerrapin.java:204: error: jumping has protected access in LivingEntity
                    if ((player.jumping || !player.onGround()) && player.getY() > this.getEyeY()) {
                               ^
C:\Users\justi\Documents\GitHub\AlexsMobs-26.2\src\main\java\com\github\alexthe666\alexsmobs\entity\EntityTerrapin.java:319: error: cannot find symbol
        return SoundEvents.BUCKET_FILL_FISH.value();
                                           ^
  symbol:   method value()
  location: variable BUCKET_FILL_FISH of type SoundEvent
C:\Users\justi\Documents\GitHub\AlexsMobs-26.2\src\main\java\com\github\alexthe666\alexsmobs\entity\EntityTerrapin.java:427: error: method canBeCollidedWith in class Entity cannot be applied to given types;
        return this.isInWater() ? super.canBeCollidedWith() : this.isAlive();
                                       ^
  required: Entity
  found:    no arguments
  reason: actual and formal argument lists differ in length
C:\Users\justi\Documents\GitHub\AlexsMobs-26.2\src\main\java\com\github\alexthe666\alexsmobs\entity\EntityTerrapin.java:479: error: method does not override or implement a method from a supertype
    @Override
    ^
C:\Users\justi\Documents\GitHub\AlexsMobs-26.2\src\main\java\com\github\alexthe666\alexsmobs\entity\EntityTerrapin.java:536: error: cannot find symbol
            stack.setCustomName(this.getCustomName());
                 ^
  symbol:   method setCustomName(Component)
  location: variable stack of type ItemStack
C:\Users\justi\Documents\GitHub\AlexsMobs-26.2\src\main\java\com\github\alexthe666\alexsmobs\entity\EntityTerrapin.java:544: error: cannot find symbol
            bucket.setCustomName(this.getCustomName());
                  ^
  symbol:   method setCustomName(Component)
  location: variable bucket of type ItemStack
C:\Users\justi\Documents\GitHub\AlexsMobs-26.2\src\main\java\com\github\alexthe666\alexsmobs\entity\EntityTerrapin.java:547: error: incompatible types: CompoundTag cannot be converted to ValueOutput
        this.addAdditionalSaveData(platTag);
                                   ^
C:\Users\justi\Documents\GitHub\AlexsMobs-26.2\src\main\java\com\github\alexthe666\alexsmobs\entity\EntityTerrapin.java:548: error: cannot find symbol
        CompoundTag compound = bucket.getOrCreateTag();
                                     ^
  symbol:   method getOrCreateTag()
  location: variable bucket of type ItemStack
C:\Users\justi\Documents\GitHub\AlexsMobs-26.2\src\main\java\com\github\alexthe666\alexsmobs\entity\EntityTerrapin.java:555: error: incompatible types: CompoundTag cannot be converted to ValueInput
            this.readAdditionalSaveData(compound.getCompoundOrEmpty("TerrapinData"));
                                                                   ^
C:\Users\justi\Documents\GitHub\AlexsMobs-26.2\src\main\java\com\github\alexthe666\alexsmobs\entity\EntityTerrapin.java:616: error: cannot find symbol
            if (this.level.getGameRules().getBooleanOr(GameRules.RULE_DOMOBLOOT, false)) {
                                                       ^
  symbol:   variable GameRules
  location: class MateGoal
C:\Users\justi\Documents\GitHub\AlexsMobs-26.2\src\main\java\com\github\alexthe666\alexsmobs\tileentity\TileEntityTerrapinEgg.java:46: error: method does not override or implement a method from a supertype
    @Override
    ^
C:\Users\justi\Documents\GitHub\AlexsMobs-26.2\src\main\java\com\github\alexthe666\alexsmobs\tileentity\TileEntityTerrapinEgg.java:48: error: cannot find symbol
        super.load(compound);
             ^
  symbol: method load(CompoundTag)
C:\Users\justi\Documents\GitHub\AlexsMobs-26.2\src\main\java\com\github\alexthe666\alexsmobs\tileentity\TileEntityTerrapinEgg.java:63: error: cannot find symbol
            compound.put("Parent1Data", tag);
                    ^
  symbol:   method put(String,CompoundTag)
  location: variable compound of type ValueOutput
C:\Users\justi\Documents\GitHub\AlexsMobs-26.2\src\main\java\com\github\alexthe666\alexsmobs\tileentity\TileEntityTerrapinEgg.java:68: error: cannot find symbol
            compound.put("Parent2Data", tag);
                    ^
  symbol:   method put(String,CompoundTag)
  location: variable compound of type ValueOutput
C:\Users\justi\Documents\GitHub\AlexsMobs-26.2\src\main\java\com\github\alexthe666\alexsmobs\client\model\ModelTiger.java:342: error: method does not override or implement a method from a supertype
    @Override
    ^
C:\Users\justi\Documents\GitHub\AlexsMobs-26.2\src\main\java\com\github\alexthe666\alexsmobs\client\model\ModelTiger.java:344: error: cannot find symbol
        if (entity != null && entity.isBaby()) {
            ^
  symbol:   variable entity
  location: class ModelTiger
C:\Users\justi\Documents\GitHub\AlexsMobs-26.2\src\main\java\com\github\alexthe666\alexsmobs\client\model\ModelTiger.java:344: error: cannot find symbol
        if (entity != null && entity.isBaby()) {
                              ^
  symbol:   variable entity
  location: class ModelTiger
C:\Users\justi\Documents\GitHub\AlexsMobs-26.2\src\main\java\com\github\alexthe666\alexsmobs\entity\EntityTiger.java:63: error: EntityTiger is not abstract and does not override abstract method setPersistentAngerEndTime(long) in NeutralMob
public class EntityTiger extends Animal implements ICustomCollisions, IAnimatedEntity, NeutralMob, ITargetsDroppedItems {
       ^
C:\Users\justi\Documents\GitHub\AlexsMobs-26.2\src\main\java\com\github\alexthe666\alexsmobs\entity\EntityTiger.java:164: error: incompatible types: Predicate<LivingEntity> cannot be converted to Selector
        this.targetSelector.addGoal(4, new NearestAttackableTargetGoal(this, LivingEntity.class, 220, false, false, AMEntityRegistry.buildPredicateFromTag(AMTagRegistry.TIGER_TARGETS)) {
                                                                                                                                                          ^
C:\Users\justi\Documents\GitHub\AlexsMobs-26.2\src\main\java\com\github\alexthe666\alexsmobs\entity\EntityTiger.java:164: error: cannot find symbol
        this.targetSelector.addGoal(4, new NearestAttackableTargetGoal(this, LivingEntity.class, 220, false, false, AMEntityRegistry.buildPredicateFromTag(AMTagRegistry.TIGER_TARGETS)) {
                                       ^
  symbol: constructor (EntityTiger,Class<LivingEntity>,int,boolean,boolean,Predicate<LivingEntity>)
C:\Users\justi\Documents\GitHub\AlexsMobs-26.2\src\main\java\com\github\alexthe666\alexsmobs\entity\EntityTiger.java:212: error: method awardKillScore in class Entity cannot be applied to given types;
        super.awardKillScore(entity, score, src);
             ^
  required: Entity,DamageSource
  found:    LivingEntity,int,DamageSource
  reason: actual and formal argument lists differ in length
C:\Users\justi\Documents\GitHub\AlexsMobs-26.2\src\main\java\com\github\alexthe666\alexsmobs\entity\EntityTiger.java:529: error: cannot find symbol
        return stack.getItem().isEdible() && stack.getItem().getFoodProperties() != null && stack.getItem().getFoodProperties().isMeat() && stack.getItem() != Items.ROTTEN_FLESH;
                              ^
  symbol:   method isEdible()
  location: class Item
C:\Users\justi\Documents\GitHub\AlexsMobs-26.2\src\main\java\com\github\alexthe666\alexsmobs\entity\EntityTiger.java:529: error: cannot find symbol
        return stack.getItem().isEdible() && stack.getItem().getFoodProperties() != null && stack.getItem().getFoodProperties().isMeat() && stack.getItem() != Items.ROTTEN_FLESH;
                                                            ^
  symbol:   method getFoodProperties()
  location: class Item
C:\Users\justi\Documents\GitHub\AlexsMobs-26.2\src\main\java\com\github\alexthe666\alexsmobs\entity\EntityTiger.java:529: error: cannot find symbol
        return stack.getItem().isEdible() && stack.getItem().getFoodProperties() != null && stack.getItem().getFoodProperties().isMeat() && stack.getItem() != Items.ROTTEN_FLESH;
                                                                                                           ^
  symbol:   method getFoodProperties()
  location: class Item
C:\Users\justi\Documents\GitHub\AlexsMobs-26.2\src\main\java\com\github\alexthe666\alexsmobs\entity\EntityTiger.java:540: error: cannot find symbol
        if (stack.getItem().isEdible() && stack.getItem().getFoodProperties() != null && stack.getItem().getFoodProperties().isMeat() && stack.getItem() != Items.ROTTEN_FLESH) {
                           ^
  symbol:   method isEdible()
  location: class Item
C:\Users\justi\Documents\GitHub\AlexsMobs-26.2\src\main\java\com\github\alexthe666\alexsmobs\entity\EntityTiger.java:540: error: cannot find symbol
        if (stack.getItem().isEdible() && stack.getItem().getFoodProperties() != null && stack.getItem().getFoodProperties().isMeat() && stack.getItem() != Items.ROTTEN_FLESH) {
                                                         ^
  symbol:   method getFoodProperties()
  location: class Item
C:\Users\justi\Documents\GitHub\AlexsMobs-26.2\src\main\java\com\github\alexthe666\alexsmobs\entity\EntityTiger.java:540: error: cannot find symbol
        if (stack.getItem().isEdible() && stack.getItem().getFoodProperties() != null && stack.getItem().getFoodProperties().isMeat() && stack.getItem() != Items.ROTTEN_FLESH) {
                                                                                                        ^
  symbol:   method getFoodProperties()
  location: class Item
C:\Users\justi\Documents\GitHub\AlexsMobs-26.2\src\main\java\com\github\alexthe666\alexsmobs\entity\EntityTiger.java:542: error: cannot find symbol
            this.playSound(SoundEvents.CAT_EAT.value(), this.getVoicePitch(), this.getSoundVolume());
                                      ^
  symbol:   variable CAT_EAT
  location: class SoundEvents
C:\Users\justi\Documents\GitHub\AlexsMobs-26.2\src\main\java\com\github\alexthe666\alexsmobs\entity\EntityTiger.java:570: error: jumpFromGround() in EntityTiger cannot override jumpFromGround() in LivingEntity
    protected void jumpFromGround() {
                   ^
  attempting to assign weaker access privileges; was public
C:\Users\justi\Documents\GitHub\AlexsMobs-26.2\src\main\java\com\github\alexthe666\alexsmobs\entity\EntityTiger.java:578: error: cannot find symbol
            return typeIn == PathType.LEAVES || level.getBlockState(pos).getBlock() == Blocks.BAMBOO ? PathType.OPEN : super.evaluateBlockPathType(level, pos, typeIn);
                                                                                                                            ^
  symbol: method evaluateBlockPathType(BlockGetter,BlockPos,PathType)
C:\Users\justi\Documents\GitHub\AlexsMobs-26.2\src\main\java\com\github\alexthe666\alexsmobs\entity\EntityTiger.java:677: error: incompatible types: Predicate<LivingEntity> cannot be converted to Selector
            super(EntityTiger.this, Player.class, 100, false, true, NO_BLESSING_EFFECT);
                                                                    ^
C:\Users\justi\Documents\GitHub\AlexsMobs-26.2\src\main\java\com\github\alexthe666\alexsmobs\client\model\ModelToucan.java:100: error: method does not override or implement a method from a supertype
    @Override
    ^
C:\Users\justi\Documents\GitHub\AlexsMobs-26.2\src\main\java\com\github\alexthe666\alexsmobs\client\model\ModelToucan.java:102: error: cannot find symbol
        if (entity != null && entity.isBaby()) {
            ^
  symbol:   variable entity
  location: class ModelToucan
C:\Users\justi\Documents\GitHub\AlexsMobs-26.2\src\main\java\com\github\alexthe666\alexsmobs\client\model\ModelToucan.java:102: error: cannot find symbol
        if (entity != null && entity.isBaby()) {
                              ^
  symbol:   variable entity
  location: class ModelToucan
C:\Users\justi\Documents\GitHub\AlexsMobs-26.2\src\main\java\com\github\alexthe666\alexsmobs\entity\EntityToucan.java:63: error: EntityToucan is not abstract and does not override abstract method getBreedOffspring(ServerLevel,AgeableMob) in AgeableMob
public class EntityToucan extends Animal implements ITargetsDroppedItems {
       ^
C:\Users\justi\Documents\GitHub\AlexsMobs-26.2\src\main\java\com\github\alexthe666\alexsmobs\entity\EntityToucan.java:87: error: cannot find symbol
        this.setPathfindingMalus(PathType.DANGER_FIRE, -1.0F);
                                         ^
  symbol:   variable DANGER_FIRE
  location: class PathType
C:\Users\justi\Documents\GitHub\AlexsMobs-26.2\src\main\java\com\github\alexthe666\alexsmobs\entity\EntityToucan.java:88: error: cannot find symbol
        this.setPathfindingMalus(PathType.DAMAGE_FIRE, -1.0F);
                                         ^
  symbol:   variable DAMAGE_FIRE
  location: class PathType
C:\Users\justi\Documents\GitHub\AlexsMobs-26.2\src\main\java\com\github\alexthe666\alexsmobs\entity\EntityToucan.java:178: error: no suitable method found for of(Stream<ItemStack>)
        this.goalSelector.addGoal(4, new TemptGoal(this, 1.0D, Ingredient.of(FEEDING_STACKS.stream()), false) {
                                                                         ^
    method Ingredient.of(ItemLike) is not applicable
      (argument mismatch; Stream<ItemStack> cannot be converted to ItemLike)
    method Ingredient.of(ItemLike...) is not applicable
      (varargs mismatch; Stream<ItemStack> cannot be converted to ItemLike)
    method Ingredient.of(Stream<? extends ItemLike>) is not applicable
      (argument mismatch; Stream<ItemStack> cannot be converted to Stream<? extends ItemLike>)
    method Ingredient.of(HolderSet<Item>) is not applicable
      (argument mismatch; Stream<ItemStack> cannot be converted to HolderSet<Item>)
C:\Users\justi\Documents\GitHub\AlexsMobs-26.2\src\main\java\com\github\alexthe666\alexsmobs\entity\EntityToucan.java:275: error: cannot find symbol
                if (this.getMainHandItem().hasCraftingRemainingItem()) {
                                          ^
  symbol:   method hasCraftingRemainingItem()
  location: class ItemStack
C:\Users\justi\Documents\GitHub\AlexsMobs-26.2\src\main\java\com\github\alexthe666\alexsmobs\entity\EntityToucan.java:276: error: cannot find symbol
                    this.spawnAtLocation((ServerLevel) this.level(), this.getMainHandItem().getCraftingRemainingItem());
                                                                                           ^
  symbol:   method getCraftingRemainingItem()
  location: class ItemStack
C:\Users\justi\Documents\GitHub\AlexsMobs-26.2\src\main\java\com\github\alexthe666\alexsmobs\entity\EntityToucan.java:292: error: cannot find symbol
        if (this.isFlying() && this.getFeetBlockState().is(Blocks.VINE)) {
                                   ^
  symbol: method getFeetBlockState()
C:\Users\justi\Documents\GitHub\AlexsMobs-26.2\src\main\java\com\github\alexthe666\alexsmobs\entity\EntityToucan.java:401: error: cannot find symbol
            compound.put("SaplingState", NbtUtils.writeBlockState(blockstate));
                    ^
  symbol:   method put(String,CompoundTag)
  location: variable compound of type ValueOutput
C:\Users\justi\Documents\GitHub\AlexsMobs-26.2\src\main\java\com\github\alexthe666\alexsmobs\entity\EntityToucan.java:411: error: cannot find symbol
        if (compound.contains("SaplingState")) {
                    ^
  symbol:   method contains(String)
  location: variable compound of type ValueInput
C:\Users\justi\Documents\GitHub\AlexsMobs-26.2\src\main\java\com\github\alexthe666\alexsmobs\entity\EntityToucan.java:412: error: cannot find symbol
            blockstate = NbtUtils.readBlockState(this.level().holderLookup(Registries.BLOCK), compound.getCompoundOrEmpty("SaplingState"));
                                                                                                      ^
  symbol:   method getCompoundOrEmpty(String)
  location: variable compound of type ValueInput
C:\Users\justi\Documents\GitHub\AlexsMobs-26.2\src\main\java\com\github\alexthe666\alexsmobs\entity\EntityToucan.java:480: error: method does not override or implement a method from a supertype
    @Override
    ^
C:\Users\justi\Documents\GitHub\AlexsMobs-26.2\src\main\java\com\github\alexthe666\alexsmobs\entity\EntityTriops.java:151: error: cannot find symbol
        return SoundEvents.BUCKET_FILL_FISH.value();
                                           ^
  symbol:   method value()
  location: variable BUCKET_FILL_FISH of type SoundEvent
C:\Users\justi\Documents\GitHub\AlexsMobs-26.2\src\main\java\com\github\alexthe666\alexsmobs\entity\EntityTriops.java:281: error: cannot find symbol
        if (stack.getItem().isEdible() && stack.getItem().getFoodProperties() != null) {
                           ^
  symbol:   method isEdible()
  location: class Item
C:\Users\justi\Documents\GitHub\AlexsMobs-26.2\src\main\java\com\github\alexthe666\alexsmobs\entity\EntityTriops.java:281: error: cannot find symbol
        if (stack.getItem().isEdible() && stack.getItem().getFoodProperties() != null) {
                                                         ^
  symbol:   method getFoodProperties()
  location: class Item
C:\Users\justi\Documents\GitHub\AlexsMobs-26.2\src\main\java\com\github\alexthe666\alexsmobs\entity\EntityTriops.java:283: error: cannot find symbol
            this.playSound(SoundEvents.CAT_EAT.value(), this.getVoicePitch(), this.getSoundVolume());
                                      ^
  symbol:   variable CAT_EAT
  location: class SoundEvents
C:\Users\justi\Documents\GitHub\AlexsMobs-26.2\src\main\java\com\github\alexthe666\alexsmobs\entity\EntityTriops.java:302: error: cannot find symbol
            this.playSound(SoundEvents.CAT_EAT.value(), this.getVoicePitch(), this.getSoundVolume());
                                      ^
  symbol:   variable CAT_EAT
  location: class SoundEvents
C:\Users\justi\Documents\GitHub\AlexsMobs-26.2\src\main\java\com\github\alexthe666\alexsmobs\entity\EntityTriops.java:324: error: cannot find symbol
            bucket.setCustomName(this.getCustomName());
                  ^
  symbol:   method setCustomName(Component)
  location: variable bucket of type ItemStack
C:\Users\justi\Documents\GitHub\AlexsMobs-26.2\src\main\java\com\github\alexthe666\alexsmobs\entity\EntityTriops.java:327: error: incompatible types: CompoundTag cannot be converted to ValueOutput
        this.addAdditionalSaveData(platTag);
                                   ^
C:\Users\justi\Documents\GitHub\AlexsMobs-26.2\src\main\java\com\github\alexthe666\alexsmobs\entity\EntityTriops.java:328: error: cannot find symbol
        CompoundTag compound = bucket.getOrCreateTag();
                                     ^
  symbol:   method getOrCreateTag()
  location: variable bucket of type ItemStack
C:\Users\justi\Documents\GitHub\AlexsMobs-26.2\src\main\java\com\github\alexthe666\alexsmobs\entity\EntityTriops.java:335: error: incompatible types: CompoundTag cannot be converted to ValueInput
            this.readAdditionalSaveData(compound.getCompoundOrEmpty("TriopsTag"));
                                                                   ^
C:\Users\justi\Documents\GitHub\AlexsMobs-26.2\src\main\java\com\github\alexthe666\alexsmobs\entity\EntityTriops.java:344: error: cannot find symbol
            stack.setCustomName(this.getCustomName());
                 ^
  symbol:   method setCustomName(Component)
  location: variable stack of type ItemStack
C:\Users\justi\Documents\GitHub\AlexsMobs-26.2\src\main\java\com\github\alexthe666\alexsmobs\client\model\ModelTusklin.java:116: error: cannot find symbol
        if (entity != null && entity.isBaby()) {
            ^
  symbol:   variable entity
  location: class ModelTusklin
C:\Users\justi\Documents\GitHub\AlexsMobs-26.2\src\main\java\com\github\alexthe666\alexsmobs\client\model\ModelTusklin.java:116: error: cannot find symbol
        if (entity != null && entity.isBaby()) {
                              ^
  symbol:   variable entity
  location: class ModelTusklin
C:\Users\justi\Documents\GitHub\AlexsMobs-26.2\src\main\java\com\github\alexthe666\alexsmobs\entity\EntityTusklin.java:52: error: EntityTusklin is not abstract and does not override abstract method getBreedOffspring(ServerLevel,AgeableMob) in AgeableMob
public class EntityTusklin extends Animal implements IAnimatedEntity {
       ^
C:\Users\justi\Documents\GitHub\AlexsMobs-26.2\src\main\java\com\github\alexthe666\alexsmobs\entity\ai\TameableAIRide.java:74: error: cannot find symbol
        return tameableEntity instanceof FlyingAnimal ? lookVecY * 10 : 0;
                                         ^
  symbol:   class FlyingAnimal
  location: class TameableAIRide
C:\Users\justi\Documents\GitHub\AlexsMobs-26.2\src\main\java\com\github\alexthe666\alexsmobs\entity\EntityTusklin.java:125: error: incompatible types: invalid method reference
        this.targetSelector.addGoal(2, new NearestAttackableTargetGoal<Player>(this, Player.class, 100, true, false, this::isAngryAt));
                                                                                                                     ^
    method isAngryAt in class EntityTusklin cannot be applied to given types
      required: LivingEntity
      found:    LivingEntity,ServerLevel
      reason: actual and formal argument lists differ in length
C:\Users\justi\Documents\GitHub\AlexsMobs-26.2\src\main\java\com\github\alexthe666\alexsmobs\entity\EntityTusklin.java:206: error: cannot find symbol
            passenger.setPos(this.getX() + extraX, this.getY() + this.getPassengersRidingOffset() + passenger.getMyRidingOffset(), this.getZ() + extraZ);
                                                                                                             ^
  symbol:   method getMyRidingOffset()
  location: variable passenger of type Entity
C:\Users\justi\Documents\GitHub\AlexsMobs-26.2\src\main\java\com\github\alexthe666\alexsmobs\entity\EntityTusklin.java:272: error: cannot find symbol
        this.getEntityData().define(SADDLED, false);
                            ^
  symbol:   method define(EntityDataAccessor<Boolean>,boolean)
  location: class SynchedEntityData
C:\Users\justi\Documents\GitHub\AlexsMobs-26.2\src\main\java\com\github\alexthe666\alexsmobs\entity\EntityTusklin.java:273: error: cannot find symbol
        this.getEntityData().define(PASSIVETICKS, 0);
                            ^
  symbol:   method define(EntityDataAccessor<Integer>,int)
  location: class SynchedEntityData
C:\Users\justi\Documents\GitHub\AlexsMobs-26.2\src\main\java\com\github\alexthe666\alexsmobs\entity\EntityTusklin.java:279: error: cannot find symbol
            p_31808_.put("ShoeItem", this.getShoeStack().save(new CompoundTag()));
                                                        ^
  symbol:   method save(CompoundTag)
  location: class ItemStack
C:\Users\justi\Documents\GitHub\AlexsMobs-26.2\src\main\java\com\github\alexthe666\alexsmobs\entity\EntityTusklin.java:290: error: cannot find symbol
        CompoundTag compoundtag = p_31795_.getCompoundOrEmpty("ShoeItem");
                                          ^
  symbol:   method getCompoundOrEmpty(String)
  location: variable p_31795_ of type ValueInput
C:\Users\justi\Documents\GitHub\AlexsMobs-26.2\src\main\java\com\github\alexthe666\alexsmobs\entity\EntityTusklin.java:292: error: cannot find symbol
            ItemStack itemstack = ItemStack.of(compoundtag);
                                           ^
  symbol:   method of(CompoundTag)
  location: class ItemStack
C:\Users\justi\Documents\GitHub\AlexsMobs-26.2\src\main\java\com\github\alexthe666\alexsmobs\entity\EntityTusklin.java:349: error: cannot find symbol
                Hoglin hoglin = this.convertTo(EntityType.HOGLIN, false);
                                                         ^
  symbol:   variable HOGLIN
  location: class EntityType
C:\Users\justi\Documents\GitHub\AlexsMobs-26.2\src\main\java\com\github\alexthe666\alexsmobs\entity\EntityTusklin.java:351: error: cannot find symbol
                    hoglin.addEffect(new MobEffectInstance(MobEffects.CONFUSION, 200, 0));
                                                                     ^
  symbol:   variable CONFUSION
  location: class MobEffects
C:\Users\justi\Documents\GitHub\AlexsMobs-26.2\src\main\java\com\github\alexthe666\alexsmobs\entity\EntityTusklin.java:352: error: method dropEquipment in class EntityTusklin cannot be applied to given types;
                    this.dropEquipment();
                        ^
  required: ServerLevel
  found:    no arguments
  reason: actual and formal argument lists differ in length
C:\Users\justi\Documents\GitHub\AlexsMobs-26.2\src\main\java\com\github\alexthe666\alexsmobs\client\model\ModelUnderminerDwarf.java:130: error: cannot find symbol
        if (this.riding) {
                ^
  symbol: variable riding
C:\Users\justi\Documents\GitHub\AlexsMobs-26.2\src\main\java\com\github\alexthe666\alexsmobs\client\model\ModelUnderminerDwarf.java:182: error: cannot find symbol
            final float f1 = humanoidarm == HumanoidArm.RIGHT && this.attackTime > 0.0F ? 0.0F : this.swimAmount;
                                                                     ^
  symbol: variable attackTime
C:\Users\justi\Documents\GitHub\AlexsMobs-26.2\src\main\java\com\github\alexthe666\alexsmobs\client\model\ModelUnderminerDwarf.java:183: error: cannot find symbol
            final float f2 = humanoidarm == HumanoidArm.LEFT && this.attackTime > 0.0F ? 0.0F : this.swimAmount;
                                                                    ^
  symbol: variable attackTime
C:\Users\justi\Documents\GitHub\AlexsMobs-26.2\src\main\java\com\github\alexthe666\alexsmobs\client\model\ModelUnderminerDwarf.java:229: error: cannot find symbol
            case THROW_SPEAR:
                 ^
  symbol:   variable THROW_SPEAR
  location: class ModelUnderminerDwarf
C:\Users\justi\Documents\GitHub\AlexsMobs-26.2\src\main\java\com\github\alexthe666\alexsmobs\client\model\ModelUnderminerDwarf.java:266: error: cannot find symbol
            case THROW_SPEAR:
                 ^
  symbol:   variable THROW_SPEAR
  location: class ModelUnderminerDwarf
C:\Users\justi\Documents\GitHub\AlexsMobs-26.2\src\main\java\com\github\alexthe666\alexsmobs\client\model\ModelUnderminerDwarf.java:292: error: cannot find symbol
        if (!(this.attackTime <= 0.0F)) {
                  ^
  symbol: variable attackTime
C:\Users\justi\Documents\GitHub\AlexsMobs-26.2\src\main\java\com\github\alexthe666\alexsmobs\client\model\ModelUnderminerDwarf.java:295: error: cannot find symbol
            float f = this.attackTime;
                          ^
  symbol: variable attackTime
C:\Users\justi\Documents\GitHub\AlexsMobs-26.2\src\main\java\com\github\alexthe666\alexsmobs\client\model\ModelUnderminerDwarf.java:304: error: cannot find symbol
            f = 1.0F - this.attackTime;
                           ^
  symbol: variable attackTime
C:\Users\justi\Documents\GitHub\AlexsMobs-26.2\src\main\java\com\github\alexthe666\alexsmobs\client\model\ModelUnderminerDwarf.java:309: error: cannot find symbol
            final float f2 = Mth.sin(this.attackTime * Mth.PI) * -(this.head.rotateAngleX - 0.7F) * 0.75F;
                                         ^
  symbol: variable attackTime
C:\Users\justi\Documents\GitHub\AlexsMobs-26.2\src\main\java\com\github\alexthe666\alexsmobs\client\model\ModelUnderminerDwarf.java:312: error: cannot find symbol
            modelpart.rotateAngleZ += Mth.sin(this.attackTime * Mth.PI) * -0.4F;
                                                  ^
  symbol: variable attackTime
C:\Users\justi\Documents\GitHub\AlexsMobs-26.2\src\main\java\com\github\alexthe666\alexsmobs\entity\EntityUnderminer.java:141: error: cannot find symbol
            compound.put("MineStack", lastGivenStack.serializeNBT());
                                                    ^
  symbol:   method serializeNBT()
  location: variable lastGivenStack of type ItemStack
C:\Users\justi\Documents\GitHub\AlexsMobs-26.2\src\main\java\com\github\alexthe666\alexsmobs\entity\EntityUnderminer.java:152: error: cannot find symbol
        if(compound.contains("MineStack")){
                   ^
  symbol:   method contains(String)
  location: variable compound of type ValueInput
C:\Users\justi\Documents\GitHub\AlexsMobs-26.2\src\main\java\com\github\alexthe666\alexsmobs\entity\EntityUnderminer.java:153: error: cannot find symbol
            this.lastGivenStack = ItemStack.of(compound.getCompoundOrEmpty("MineStack"));
                                                       ^
  symbol:   method getCompoundOrEmpty(String)
  location: variable compound of type ValueInput
C:\Users\justi\Documents\GitHub\AlexsMobs-26.2\src\main\java\com\github\alexthe666\alexsmobs\entity\EntityUnderminer.java:250: error: cannot find symbol
        return super.getEquipmentDropChance(slot);
                    ^
  symbol: method getEquipmentDropChance(EquipmentSlot)
C:\Users\justi\Documents\GitHub\AlexsMobs-26.2\src\main\java\com\github\alexthe666\alexsmobs\entity\EntityUnderminer.java:257: error: method populateDefaultEquipmentSlots in class EntityUnderminer cannot be applied to given types;
        this.populateDefaultEquipmentSlots(randomsource);
            ^
  required: RandomSource,DifficultyInstance
  found:    RandomSource
  reason: actual and formal argument lists differ in length
C:\Users\justi\Documents\GitHub\AlexsMobs-26.2\src\main\java\com\github\alexthe666\alexsmobs\entity\EntityUnderminer.java:297: error: cannot find symbol
                    this.playSound(SoundEvents.AMBIENT_CAVE.get(), 3F, 0.75F + random.nextFloat() * 0.25F);
                                                           ^
  symbol:   method get()
  location: variable AMBIENT_CAVE of type Reference<SoundEvent>
C:\Users\justi\Documents\GitHub\AlexsMobs-26.2\src\main\java\com\github\alexthe666\alexsmobs\entity\EntityUnderminer.java:347: error: method pickUpItem in class Mob cannot be applied to given types;
            super.pickUpItem(itemEntity);
                 ^
  required: ServerLevel,ItemEntity
  found:    ItemEntity
  reason: actual and formal argument lists differ in length
C:\Users\justi\Documents\GitHub\AlexsMobs-26.2\src\main\java\com\github\alexthe666\alexsmobs\entity\EntityUnderminer.java:352: error: jumpFromGround() in EntityUnderminer cannot override jumpFromGround() in LivingEntity
    protected void jumpFromGround() {
                   ^
  attempting to assign weaker access privileges; was public
C:\Users\justi\Documents\GitHub\AlexsMobs-26.2\src\main\java\com\github\alexthe666\alexsmobs\entity\EntityUnderminer.java:366: error: width has private access in EntityDimensions
        final float f = this.getDimensions(this.getPose()).width * 0.1F;
                                                          ^
C:\Users\justi\Documents\GitHub\AlexsMobs-26.2\src\main\java\com\github\alexthe666\alexsmobs\entity\EntityVoidWorm.java:74: error: cannot find symbol
    private static final EntityDataAccessor<Optional<EntityReference<LivingEntity>>> CHILD_UUID = SynchedEntityData.defineId(EntityVoidWorm.class, EntityDataSerializers.OPTIONAL_ENTITY_REFERENCE);
                                                                                                                                                                        ^
  symbol:   variable OPTIONAL_ENTITY_REFERENCE
  location: class EntityDataSerializers
C:\Users\justi\Documents\GitHub\AlexsMobs-26.2\src\main\java\com\github\alexthe666\alexsmobs\entity\EntityVoidWorm.java:75: error: cannot find symbol
    private static final EntityDataAccessor<Optional<EntityReference<LivingEntity>>> SPLIT_FROM_UUID = SynchedEntityData.defineId(EntityVoidWorm.class, EntityDataSerializers.OPTIONAL_ENTITY_REFERENCE);
                                                                                                                                                                             ^
  symbol:   variable OPTIONAL_ENTITY_REFERENCE
  location: class EntityDataSerializers
C:\Users\justi\Documents\GitHub\AlexsMobs-26.2\src\main\java\com\github\alexthe666\alexsmobs\entity\EntityVoidWorm.java:82: error: constructor ServerBossEvent in class ServerBossEvent cannot be applied to given types;
    private final ServerBossEvent bossInfo = (ServerBossEvent) (new ServerBossEvent(this.getDisplayName(), BossEvent.BossBarColor.BLUE, BossEvent.BossBarOverlay.PROGRESS)).setDarkenScreen(true);
                                                                ^
  required: UUID,Component,BossBarColor,BossBarOverlay
  found:    Component,BossBarColor,BossBarOverlay
  reason: actual and formal argument lists differ in length
C:\Users\justi\Documents\GitHub\AlexsMobs-26.2\src\main\java\com\github\alexthe666\alexsmobs\entity\EntityVoidWorm.java:131: error: cannot find symbol
        return this.isSplitter() ? SPLITTER_LOOT : super.getDefaultLootTable();
                                                        ^
  symbol: method getDefaultLootTable()
C:\Users\justi\Documents\GitHub\AlexsMobs-26.2\src\main\java\com\github\alexthe666\alexsmobs\entity\EntityVoidWorm.java:147: error: method does not override or implement a method from a supertype
    @Override
    ^
C:\Users\justi\Documents\GitHub\AlexsMobs-26.2\src\main\java\com\github\alexthe666\alexsmobs\entity\EntityVoidWorm.java:158: error: method does not override or implement a method from a supertype
    @Override
    ^
C:\Users\justi\Documents\GitHub\AlexsMobs-26.2\src\main\java\com\github\alexthe666\alexsmobs\entity\EntityVoidWorm.java:408: error: cannot find symbol
            final int i = net.neoforged.neoforge.common.ForgeHooks.getLootingLevel(this, entity, source);
                                                       ^
  symbol:   class ForgeHooks
  location: package net.neoforged.neoforge.common
C:\Users\justi\Documents\GitHub\AlexsMobs-26.2\src\main\java\com\github\alexthe666\alexsmobs\entity\EntityVoidWorm.java:411: error: cannot find symbol
            final boolean flag = this.lastHurtByPlayerTime > 0;
                                     ^
  symbol: variable lastHurtByPlayerTime
C:\Users\justi\Documents\GitHub\AlexsMobs-26.2\src\main\java\com\github\alexthe666\alexsmobs\entity\EntityVoidWorm.java:412: error: method shouldDropLoot in class Monster cannot be applied to given types;
            if (this.shouldDropLoot() && this.level().getGameRules().getBooleanOr(GameRules.RULE_DOMOBLOOT, false)) {
                    ^
  required: ServerLevel
  found:    no arguments
  reason: actual and formal argument lists differ in length
C:\Users\justi\Documents\GitHub\AlexsMobs-26.2\src\main\java\com\github\alexthe666\alexsmobs\entity\EntityVoidWorm.java:412: error: cannot find symbol
            if (this.shouldDropLoot() && this.level().getGameRules().getBooleanOr(GameRules.RULE_DOMOBLOOT, false)) {
                                                                                  ^
  symbol:   variable GameRules
  location: class EntityVoidWorm
C:\Users\justi\Documents\GitHub\AlexsMobs-26.2\src\main\java\com\github\alexthe666\alexsmobs\entity\EntityVoidWorm.java:412: error: cannot find symbol
            if (this.shouldDropLoot() && this.level().getGameRules().getBooleanOr(GameRules.RULE_DOMOBLOOT, false)) {
                                                     ^
  symbol:   method getGameRules()
  location: class Level
C:\Users\justi\Documents\GitHub\AlexsMobs-26.2\src\main\java\com\github\alexthe666\alexsmobs\entity\EntityVoidWorm.java:413: error: no suitable method found for dropFromLootTable(DamageSource,boolean)
                this.dropFromLootTable(source, flag);
                    ^
    method LivingEntity.dropFromLootTable(ServerLevel,DamageSource,boolean,ResourceKey<LootTable>) is not applicable
      (actual and formal argument lists differ in length)
    method LivingEntity.dropFromLootTable(ServerLevel,DamageSource,boolean,ResourceKey<LootTable>,Consumer<ItemStack>) is not applicable
      (actual and formal argument lists differ in length)
    method LivingEntity.dropFromLootTable(ServerLevel,ResourceKey<LootTable>,Function<Builder,LootParams>,BiConsumer<ServerLevel,ItemStack>) is not applicable
      (actual and formal argument lists differ in length)
    method Mob.dropFromLootTable(ServerLevel,DamageSource,boolean) is not applicable
      (actual and formal argument lists differ in length)
C:\Users\justi\Documents\GitHub\AlexsMobs-26.2\src\main\java\com\github\alexthe666\alexsmobs\entity\EntityVoidWorm.java:414: error: incompatible types: DamageSource cannot be converted to ServerLevel
                this.dropCustomDeathLoot(source, i, flag);
                                         ^
C:\Users\justi\Documents\GitHub\AlexsMobs-26.2\src\main\java\com\github\alexthe666\alexsmobs\entity\EntityVoidWorm.java:416: error: method dropEquipment in class LivingEntity cannot be applied to given types;
            this.dropEquipment();
                ^
  required: ServerLevel
  found:    no arguments
  reason: actual and formal argument lists differ in length
C:\Users\justi\Documents\GitHub\AlexsMobs-26.2\src\main\java\com\github\alexthe666\alexsmobs\entity\EntityVoidWorm.java:417: error: method dropExperience in class LivingEntity cannot be applied to given types;
            this.dropExperience();
                ^
  required: ServerLevel,Entity
  found:    no arguments
  reason: actual and formal argument lists differ in length
C:\Users\justi\Documents\GitHub\AlexsMobs-26.2\src\main\java\com\github\alexthe666\alexsmobs\entity\EntityVoidWorm.java:421: error: cannot find symbol
            if (!net.neoforged.neoforge.common.ForgeHooks.onLivingDrops(this, source, drops, i, lastHurtByPlayerTime > 0)){
                                                                                                ^
  symbol:   variable lastHurtByPlayerTime
  location: class EntityVoidWorm
C:\Users\justi\Documents\GitHub\AlexsMobs-26.2\src\main\java\com\github\alexthe666\alexsmobs\entity\EntityVoidWorm.java:421: error: cannot find symbol
            if (!net.neoforged.neoforge.common.ForgeHooks.onLivingDrops(this, source, drops, i, lastHurtByPlayerTime > 0)){
                                              ^
  symbol:   class ForgeHooks
  location: package net.neoforged.neoforge.common
C:\Users\justi\Documents\GitHub\AlexsMobs-26.2\src\main\java\com\github\alexthe666\alexsmobs\entity\EntityVoidWorm.java:543: error: incompatible types: EntityReference<LivingEntity> cannot be converted to UUID
        return this.entityData.get(CHILD_UUID).orElse(null);
                                                     ^
C:\Users\justi\Documents\GitHub\AlexsMobs-26.2\src\main\java\com\github\alexthe666\alexsmobs\entity\EntityVoidWorm.java:547: error: no suitable method found for set(EntityDataAccessor<Optional<EntityReference<LivingEntity>>>,Optional<UUID>)
        this.entityData.set(CHILD_UUID, Optional.ofNullable(uniqueId));
                       ^
    method SynchedEntityData.<T#1>set(EntityDataAccessor<T#1>,T#1) is not applicable
      (inference variable T#2 has incompatible bounds
        equality constraints: EntityReference<LivingEntity>
        lower bounds: UUID)
    method SynchedEntityData.<T#3>set(EntityDataAccessor<T#3>,T#3,boolean) is not applicable
      (cannot infer type-variable(s) T#3
        (actual and formal argument lists differ in length))
  where T#1,T#2,T#3 are type-variables:
    T#1 extends Object declared in method <T#1>set(EntityDataAccessor<T#1>,T#1)
    T#2 extends Object declared in method <T#2>ofNullable(T#2)
    T#3 extends Object declared in method <T#3>set(EntityDataAccessor<T#3>,T#3,boolean)
C:\Users\justi\Documents\GitHub\AlexsMobs-26.2\src\main\java\com\github\alexthe666\alexsmobs\entity\EntityVoidWorm.java:552: error: incompatible types: EntityReference<LivingEntity> cannot be converted to UUID
        return this.entityData.get(SPLIT_FROM_UUID).orElse(null);
                                                          ^
C:\Users\justi\Documents\GitHub\AlexsMobs-26.2\src\main\java\com\github\alexthe666\alexsmobs\entity\EntityVoidWorm.java:556: error: no suitable method found for set(EntityDataAccessor<Optional<EntityReference<LivingEntity>>>,Optional<UUID>)
        this.entityData.set(SPLIT_FROM_UUID, Optional.ofNullable(uniqueId));
                       ^
    method SynchedEntityData.<T#1>set(EntityDataAccessor<T#1>,T#1) is not applicable
      (inference variable T#2 has incompatible bounds
        equality constraints: EntityReference<LivingEntity>
        lower bounds: UUID)
    method SynchedEntityData.<T#3>set(EntityDataAccessor<T#3>,T#3,boolean) is not applicable
      (cannot infer type-variable(s) T#3
        (actual and formal argument lists differ in length))
  where T#1,T#2,T#3 are type-variables:
    T#1 extends Object declared in method <T#1>set(EntityDataAccessor<T#1>,T#1)
    T#2 extends Object declared in method <T#2>ofNullable(T#2)
    T#3 extends Object declared in method <T#3>set(EntityDataAccessor<T#3>,T#3,boolean)
C:\Users\justi\Documents\GitHub\AlexsMobs-26.2\src\main\java\com\github\alexthe666\alexsmobs\entity\EntityVoidWorm.java:625: error: cannot find symbol
                vec = vec.add(net.minecraft.world.phys.Vec3.atLowerCornerOf(result1.getDirection().getNormal()));
                                                                                                  ^
  symbol:   method getNormal()
  location: class Direction
C:\Users\justi\Documents\GitHub\AlexsMobs-26.2\src\main\java\com\github\alexthe666\alexsmobs\entity\EntityVoidWorm.java:630: error: no suitable method found for getNearest(double,double,double)
            Direction dir = Direction.getNearest(dirVec.x, dirVec.y, dirVec.z);
                                     ^
    method Direction.getNearest(int,int,int,@org.jspecify.annotations.Nullable Direction) is not applicable
      (actual and formal argument lists differ in length)
    method Direction.getNearest(Vec3i,@org.jspecify.annotations.Nullable Direction) is not applicable
      (actual and formal argument lists differ in length)
C:\Users\justi\Documents\GitHub\AlexsMobs-26.2\src\main\java\com\github\alexthe666\alexsmobs\entity\EntityVoidWorm.java:657: error: cannot find symbol
        if (!this.level().isClientSide() && this.blockBreakCounter == 0 && net.neoforged.neoforge.common.NeoForgeMod.isGriefingEnabled(level(), this)) {
                                                                                                                    ^
  symbol:   method isGriefingEnabled(Level,EntityVoidWorm)
  location: class NeoForgeMod
C:\Users\justi\Documents\GitHub\AlexsMobs-26.2\src\main\java\com\github\alexthe666\alexsmobs\entity\EntityVoidWorm.java:743: error: isAlliedTo(Entity) in EntityVoidWorm cannot override isAlliedTo(@org.jspecify.annotations.Nullable Entity) in Entity
    public boolean isAlliedTo(Entity entityIn) {
                   ^
  overridden method is final
C:\Users\justi\Documents\GitHub\AlexsMobs-26.2\src\main\java\com\github\alexthe666\alexsmobs\entity\EntityVoidWorm.java:767: error: method reallyHurt in class EnderDragon cannot be applied to given types;
        return entity instanceof EnderDragon ? ((EnderDragon) entity).reallyHurt(source, dmg * 0.5F) : entity.hurt(source, dmg);
                                                                     ^
  required: ServerLevel,DamageSource,float
  found:    DamageSource,float
  reason: actual and formal argument lists differ in length
C:\Users\justi\Documents\GitHub\AlexsMobs-26.2\src\main\java\com\github\alexthe666\alexsmobs\entity\EntityVoidWorm.java:767: error: incompatible types: bad type in conditional expression
        return entity instanceof EnderDragon ? ((EnderDragon) entity).reallyHurt(source, dmg * 0.5F) : entity.hurt(source, dmg);
                                                                                                                  ^
    void cannot be converted to boolean
C:\Users\justi\Documents\GitHub\AlexsMobs-26.2\src\main\java\com\github\alexthe666\alexsmobs\entity\EntityVoidPortal.java:42: error: EntityVoidPortal is not abstract and does not override abstract method hurtServer(ServerLevel,DamageSource,float) in Entity
public class EntityVoidPortal extends Entity {
       ^
C:\Users\justi\Documents\GitHub\AlexsMobs-26.2\src\main\java\com\github\alexthe666\alexsmobs\entity\EntityVoidPortal.java:48: error: cannot find symbol
    private static final EntityDataAccessor<Optional<UUID>> SISTER_UUID = SynchedEntityData.defineId(EntityVoidPortal.class, EntityDataSerializers.OPTIONAL_UUID);
                                                                                                                                                  ^
  symbol:   variable OPTIONAL_UUID
  location: class EntityDataSerializers
C:\Users\justi\Documents\GitHub\AlexsMobs-26.2\src\main\java\com\github\alexthe666\alexsmobs\entity\EntityVoidPortal.java:152: error: cannot find symbol
                            e.teleportToWithTicket(offsetPos.getX() + 0.5f, offsetPos.getY() + 0.5f, offsetPos.getZ() + 0.5f);
                             ^
  symbol:   method teleportToWithTicket(float,float,float)
  location: variable e of type Entity
C:\Users\justi\Documents\GitHub\AlexsMobs-26.2\src\main\java\com\github\alexthe666\alexsmobs\entity\EntityVoidPortal.java:177: error: cannot find symbol
            ServerEvents.teleportPlayers.add(new Triple<>((ServerPlayer)entity, endpointWorld, endpoint));
                                                 ^
  symbol:   class Triple
  location: class EntityVoidPortal
C:\Users\justi\Documents\GitHub\AlexsMobs-26.2\src\main\java\com\github\alexthe666\alexsmobs\entity\EntityVoidPortal.java:183: error: setLevel(Level) has protected access in Entity
            entity.setLevel(endpointWorld);
                  ^
C:\Users\justi\Documents\GitHub\AlexsMobs-26.2\src\main\java\com\github\alexthe666\alexsmobs\entity\EntityVoidPortal.java:184: error: no suitable method found for create(ServerLevel)
            Entity teleportedEntity = entity.getType().create(endpointWorld);
                                                      ^
    method EntityType.create(ServerLevel,@org.jspecify.annotations.Nullable PostSpawnProcessor<CAP#1>,BlockPos,EntitySpawnReason,boolean,boolean) is not applicable
      (actual and formal argument lists differ in length)
    method EntityType.create(Level,EntitySpawnReason) is not applicable
      (actual and formal argument lists differ in length)
    method EntityType.create(Level,EntitySpawnRequest) is not applicable
      (actual and formal argument lists differ in length)
    method EntityType.create(ValueInput,Level,EntitySpawnRequest) is not applicable
      (actual and formal argument lists differ in length)
    method EntityType.create(EntityType<?>,ValueInput,Level,EntitySpawnReason) is not applicable
      (actual and formal argument lists differ in length)
  where CAP#1 is a fresh type-variable:
    CAP#1 extends Entity from capture of ?
C:\Users\justi\Documents\GitHub\AlexsMobs-26.2\src\main\java\com\github\alexthe666\alexsmobs\entity\EntityVoidPortal.java:187: error: cannot find symbol
                teleportedEntity.moveTo(endpoint.getX() + 0.5D, endpoint.getY() + 0.5D, endpoint.getZ() + 0.5D, entity.getYRot(), entity.getXRot());
                                ^
  symbol:   method moveTo(double,double,double,float,float)
  location: variable teleportedEntity of type Entity
C:\Users\justi\Documents\GitHub\AlexsMobs-26.2\src\main\java\com\github\alexthe666\alexsmobs\entity\EntityVoidPortal.java:248: error: cannot find symbol
        EntityVoidPortal portal = AMEntityRegistry.VOID_PORTAL.get().create(world, EntitySpawnReason.MOB_SUMMONED);
                                                                                   ^
  symbol:   variable EntitySpawnReason
  location: class EntityVoidPortal
C:\Users\justi\Documents\GitHub\AlexsMobs-26.2\src\main\java\com\github\alexthe666\alexsmobs\entity\EntityVoidPortal.java:251: error: cannot find symbol
        portal.teleportToWithTicket(safeDestination.getX() + 0.5f, safeDestination.getY() + 0.5f, safeDestination.getZ() + 0.5f);
              ^
  symbol:   method teleportToWithTicket(float,float,float)
  location: variable portal of type EntityVoidPortal
C:\Users\justi\Documents\GitHub\AlexsMobs-26.2\src\main\java\com\github\alexthe666\alexsmobs\entity\EntityVoidPortal.java:284: error: cannot find symbol
        this.entityData.set(ATTACHED_FACE, Direction.from3DDataValue(compound.getByte("AttachFace")));
                                                                             ^
  symbol:   method getByte(String)
  location: variable compound of type ValueInput
C:\Users\justi\Documents\GitHub\AlexsMobs-26.2\src\main\java\com\github\alexthe666\alexsmobs\entity\EntityVoidPortal.java:286: error: cannot find symbol
        if(compound.contains("Shattered")){
                   ^
  symbol:   method contains(String)
  location: variable compound of type ValueInput
C:\Users\justi\Documents\GitHub\AlexsMobs-26.2\src\main\java\com\github\alexthe666\alexsmobs\entity\EntityVoidPortal.java:289: error: cannot find symbol
        if (compound.contains("DX")) {
                    ^
  symbol:   method contains(String)
  location: variable compound of type ValueInput
C:\Users\justi\Documents\GitHub\AlexsMobs-26.2\src\main\java\com\github\alexthe666\alexsmobs\entity\EntityVoidPortal.java:300: error: cannot find symbol
        if (compound.contains("ExitDimension")) {
                    ^
  symbol:   method contains(String)
  location: variable compound of type ValueInput
C:\Users\justi\Documents\GitHub\AlexsMobs-26.2\src\main\java\com\github\alexthe666\alexsmobs\entity\EntityVoidPortal.java:301: error: cannot find symbol
            this.exitDimension = Level.RESOURCE_KEY_CODEC.parse(NbtOps.INSTANCE, compound.get("ExitDimension")).resultOrPartial(AlexsMobs.LOGGER::error).orElse(Level.OVERWORLD);
                                                                                         ^
  symbol:   method get(String)
  location: variable compound of type ValueInput
C:\Users\justi\Documents\GitHub\AlexsMobs-26.2\src\main\java\com\github\alexthe666\alexsmobs\entity\EntityVoidPortal.java:320: error: cannot find symbol
            Identifier.CODEC.encodeStart(NbtOps.INSTANCE, this.exitDimension.location()).resultOrPartial(AlexsMobs.LOGGER::error).ifPresent((p_241148_1_) -> {
                                                                            ^
  symbol:   method location()
  location: variable exitDimension of type ResourceKey<Level>
C:\Users\justi\Documents\GitHub\AlexsMobs-26.2\src\main\java\com\github\alexthe666\alexsmobs\item\ItemDimensionalCarver.java:64: error: cannot find symbol
            double x = raytraceresult.getLocation().x - dir.getNormal().getX() * 0.1F;
                                                           ^
  symbol:   method getNormal()
  location: variable dir of type Direction
C:\Users\justi\Documents\GitHub\AlexsMobs-26.2\src\main\java\com\github\alexthe666\alexsmobs\item\ItemDimensionalCarver.java:65: error: cannot find symbol
            double y = raytraceresult.getLocation().y - dir.getNormal().getY() * 0.1F;
                                                           ^
  symbol:   method getNormal()
  location: variable dir of type Direction
C:\Users\justi\Documents\GitHub\AlexsMobs-26.2\src\main\java\com\github\alexthe666\alexsmobs\item\ItemDimensionalCarver.java:66: error: cannot find symbol
            double z = raytraceresult.getLocation().z - dir.getNormal().getZ() * 0.1F;
                                                           ^
  symbol:   method getNormal()
  location: variable dir of type Direction
C:\Users\justi\Documents\GitHub\AlexsMobs-26.2\src\main\java\com\github\alexthe666\alexsmobs\item\ItemDimensionalCarver.java:67: error: cannot find symbol
            if (itemstack.getOrCreateTag().getBooleanOr("HASBLOCK", false)) {
                         ^
  symbol:   method getOrCreateTag()
  location: variable itemstack of type ItemStack
C:\Users\justi\Documents\GitHub\AlexsMobs-26.2\src\main\java\com\github\alexthe666\alexsmobs\item\ItemDimensionalCarver.java:68: error: cannot find symbol
                x = itemstack.getOrCreateTag().getDoubleOr("BLOCKX", 0.0D);
                             ^
  symbol:   method getOrCreateTag()
  location: variable itemstack of type ItemStack
C:\Users\justi\Documents\GitHub\AlexsMobs-26.2\src\main\java\com\github\alexthe666\alexsmobs\item\ItemDimensionalCarver.java:69: error: cannot find symbol
                y = itemstack.getOrCreateTag().getDoubleOr("BLOCKY", 0.0D);
                             ^
  symbol:   method getOrCreateTag()
  location: variable itemstack of type ItemStack
C:\Users\justi\Documents\GitHub\AlexsMobs-26.2\src\main\java\com\github\alexthe666\alexsmobs\item\ItemDimensionalCarver.java:70: error: cannot find symbol
                z = itemstack.getOrCreateTag().getDoubleOr("BLOCKZ", 0.0D);
                             ^
  symbol:   method getOrCreateTag()
  location: variable itemstack of type ItemStack
C:\Users\justi\Documents\GitHub\AlexsMobs-26.2\src\main\java\com\github\alexthe666\alexsmobs\item\ItemDimensionalCarver.java:72: error: cannot find symbol
                itemstack.getOrCreateTag().putBoolean("HASBLOCK", true);
                         ^
  symbol:   method getOrCreateTag()
  location: variable itemstack of type ItemStack
C:\Users\justi\Documents\GitHub\AlexsMobs-26.2\src\main\java\com\github\alexthe666\alexsmobs\item\ItemDimensionalCarver.java:73: error: cannot find symbol
                itemstack.getOrCreateTag().putDouble("BLOCKX", x);
                         ^
  symbol:   method getOrCreateTag()
  location: variable itemstack of type ItemStack
C:\Users\justi\Documents\GitHub\AlexsMobs-26.2\src\main\java\com\github\alexthe666\alexsmobs\item\ItemDimensionalCarver.java:74: error: cannot find symbol
                itemstack.getOrCreateTag().putDouble("BLOCKY", y);
                         ^
  symbol:   method getOrCreateTag()
  location: variable itemstack of type ItemStack
C:\Users\justi\Documents\GitHub\AlexsMobs-26.2\src\main\java\com\github\alexthe666\alexsmobs\item\ItemDimensionalCarver.java:75: error: cannot find symbol
                itemstack.getOrCreateTag().putDouble("BLOCKZ", z);
                         ^
  symbol:   method getOrCreateTag()
  location: variable itemstack of type ItemStack
C:\Users\justi\Documents\GitHub\AlexsMobs-26.2\src\main\java\com\github\alexthe666\alexsmobs\item\ItemDimensionalCarver.java:76: error: cannot find symbol
                itemstack.setTag(itemstack.getOrCreateTag());
                                          ^
  symbol:   method getOrCreateTag()
  location: variable itemstack of type ItemStack
C:\Users\justi\Documents\GitHub\AlexsMobs-26.2\src\main\java\com\github\alexthe666\alexsmobs\item\ItemDimensionalCarver.java:100: error: cannot find symbol
        if (itemstack.getOrCreateTag().getBooleanOr("HASBLOCK", false)) {
                     ^
  symbol:   method getOrCreateTag()
  location: variable itemstack of type ItemStack
C:\Users\justi\Documents\GitHub\AlexsMobs-26.2\src\main\java\com\github\alexthe666\alexsmobs\item\ItemDimensionalCarver.java:101: error: cannot find symbol
            double x = itemstack.getOrCreateTag().getDoubleOr("BLOCKX", 0.0D);
                                ^
  symbol:   method getOrCreateTag()
  location: variable itemstack of type ItemStack
C:\Users\justi\Documents\GitHub\AlexsMobs-26.2\src\main\java\com\github\alexthe666\alexsmobs\item\ItemDimensionalCarver.java:102: error: cannot find symbol
            double y = itemstack.getOrCreateTag().getDoubleOr("BLOCKY", 0.0D);
                                ^
  symbol:   method getOrCreateTag()
  location: variable itemstack of type ItemStack
C:\Users\justi\Documents\GitHub\AlexsMobs-26.2\src\main\java\com\github\alexthe666\alexsmobs\item\ItemDimensionalCarver.java:103: error: cannot find symbol
            double z = itemstack.getOrCreateTag().getDoubleOr("BLOCKZ", 0.0D);
                                ^
  symbol:   method getOrCreateTag()
  location: variable itemstack of type ItemStack
C:\Users\justi\Documents\GitHub\AlexsMobs-26.2\src\main\java\com\github\alexthe666\alexsmobs\item\ItemDimensionalCarver.java:110: error: no suitable method found for addCooldown(ItemDimensionalCarver,int)
                    ((Player) player).getCooldowns().addCooldown(this, 40);
                                                    ^
    method ItemCooldowns.addCooldown(ItemStack,int) is not applicable
      (argument mismatch; ItemDimensionalCarver cannot be converted to ItemStack)
    method ItemCooldowns.addCooldown(Identifier,int) is not applicable
      (argument mismatch; ItemDimensionalCarver cannot be converted to Identifier)
C:\Users\justi\Documents\GitHub\AlexsMobs-26.2\src\main\java\com\github\alexthe666\alexsmobs\item\ItemDimensionalCarver.java:125: error: no suitable method found for hurtAndBreak(int,LivingEntity,(playerIn)[...])); })
                itemstack.hurtAndBreak(1, player, (playerIn) -> {
                         ^
    method ItemStack.hurtAndBreak(int,LivingEntity,InteractionHand) is not applicable
      (argument mismatch; InteractionHand is not a functional interface)
    method ItemStack.hurtAndBreak(int,LivingEntity,EquipmentSlot) is not applicable
      (argument mismatch; EquipmentSlot is not a functional interface)
C:\Users\justi\Documents\GitHub\AlexsMobs-26.2\src\main\java\com\github\alexthe666\alexsmobs\item\ItemDimensionalCarver.java:130: error: no suitable method found for addCooldown(ItemDimensionalCarver,int)
                    ((Player) player).getCooldowns().addCooldown(this, 200);
                                                    ^
    method ItemCooldowns.addCooldown(ItemStack,int) is not applicable
      (argument mismatch; ItemDimensionalCarver cannot be converted to ItemStack)
    method ItemCooldowns.addCooldown(Identifier,int) is not applicable
      (argument mismatch; ItemDimensionalCarver cannot be converted to Identifier)
C:\Users\justi\Documents\GitHub\AlexsMobs-26.2\src\main\java\com\github\alexthe666\alexsmobs\item\ItemDimensionalCarver.java:136: error: cannot find symbol
            itemstack.getOrCreateTag().putBoolean("HASBLOCK", false);
                     ^
  symbol:   method getOrCreateTag()
  location: variable itemstack of type ItemStack
C:\Users\justi\Documents\GitHub\AlexsMobs-26.2\src\main\java\com\github\alexthe666\alexsmobs\item\ItemDimensionalCarver.java:137: error: cannot find symbol
            itemstack.getOrCreateTag().putDouble("BLOCKX", 0);
                     ^
  symbol:   method getOrCreateTag()
  location: variable itemstack of type ItemStack
C:\Users\justi\Documents\GitHub\AlexsMobs-26.2\src\main\java\com\github\alexthe666\alexsmobs\item\ItemDimensionalCarver.java:138: error: cannot find symbol
            itemstack.getOrCreateTag().putDouble("BLOCKY", 0);
                     ^
  symbol:   method getOrCreateTag()
  location: variable itemstack of type ItemStack
C:\Users\justi\Documents\GitHub\AlexsMobs-26.2\src\main\java\com\github\alexthe666\alexsmobs\item\ItemDimensionalCarver.java:139: error: cannot find symbol
            itemstack.getOrCreateTag().putDouble("BLOCKZ", 0);
                     ^
  symbol:   method getOrCreateTag()
  location: variable itemstack of type ItemStack
C:\Users\justi\Documents\GitHub\AlexsMobs-26.2\src\main\java\com\github\alexthe666\alexsmobs\item\ItemDimensionalCarver.java:140: error: cannot find symbol
            itemstack.setTag(itemstack.getOrCreateTag());
                                      ^
  symbol:   method getOrCreateTag()
  location: variable itemstack of type ItemStack
C:\Users\justi\Documents\GitHub\AlexsMobs-26.2\src\main\java\com\github\alexthe666\alexsmobs\item\ItemDimensionalCarver.java:145: error: releaseUsing(ItemStack,Level,LivingEntity,int) in ItemDimensionalCarver cannot override releaseUsing(ItemStack,Level,LivingEntity,int) in Item
    public void releaseUsing(ItemStack stack, Level worldIn, LivingEntity entityLiving, int timeLeft) {
                ^
  return type void is not compatible with boolean
C:\Users\justi\Documents\GitHub\AlexsMobs-26.2\src\main\java\com\github\alexthe666\alexsmobs\item\ItemDimensionalCarver.java:146: error: cannot find symbol
        stack.getOrCreateTag().putBoolean("HASBLOCK", false);
             ^
  symbol:   method getOrCreateTag()
  location: variable stack of type ItemStack
C:\Users\justi\Documents\GitHub\AlexsMobs-26.2\src\main\java\com\github\alexthe666\alexsmobs\item\ItemDimensionalCarver.java:147: error: cannot find symbol
        stack.getOrCreateTag().putDouble("BLOCKX", 0);
             ^
  symbol:   method getOrCreateTag()
  location: variable stack of type ItemStack
C:\Users\justi\Documents\GitHub\AlexsMobs-26.2\src\main\java\com\github\alexthe666\alexsmobs\item\ItemDimensionalCarver.java:148: error: cannot find symbol
        stack.getOrCreateTag().putDouble("BLOCKY", 0);
             ^
  symbol:   method getOrCreateTag()
  location: variable stack of type ItemStack
C:\Users\justi\Documents\GitHub\AlexsMobs-26.2\src\main\java\com\github\alexthe666\alexsmobs\item\ItemDimensionalCarver.java:149: error: cannot find symbol
        stack.getOrCreateTag().putDouble("BLOCKZ", 0);
             ^
  symbol:   method getOrCreateTag()
  location: variable stack of type ItemStack
C:\Users\justi\Documents\GitHub\AlexsMobs-26.2\src\main\java\com\github\alexthe666\alexsmobs\item\ItemDimensionalCarver.java:150: error: cannot find symbol
        stack.setTag(stack.getOrCreateTag());
                          ^
  symbol:   method getOrCreateTag()
  location: variable stack of type ItemStack
C:\Users\justi\Documents\GitHub\AlexsMobs-26.2\src\main\java\com\github\alexthe666\alexsmobs\item\ItemDimensionalCarver.java:164: error: cannot find symbol
            respawnDimension = serverPlayer.getRespawnDimension();
                                           ^
  symbol:   method getRespawnDimension()
  location: variable serverPlayer of type ServerPlayer
C:\Users\justi\Documents\GitHub\AlexsMobs-26.2\src\main\java\com\github\alexthe666\alexsmobs\item\ItemDimensionalCarver.java:165: error: cannot find symbol
            if (serverPlayer.getRespawnPosition() != null) {
                            ^
  symbol:   method getRespawnPosition()
  location: variable serverPlayer of type ServerPlayer
C:\Users\justi\Documents\GitHub\AlexsMobs-26.2\src\main\java\com\github\alexthe666\alexsmobs\item\ItemDimensionalCarver.java:166: error: cannot find symbol
                respawnPosition = serverPlayer.getRespawnPosition();
                                              ^
  symbol:   method getRespawnPosition()
  location: variable serverPlayer of type ServerPlayer
C:\Users\justi\Documents\GitHub\AlexsMobs-26.2\src\main\java\com\github\alexthe666\alexsmobs\entity\EntityVoidWormPart.java:55: error: cannot find symbol
    private static final EntityDataAccessor<Optional<EntityReference<LivingEntity>>> PARENT_UUID = SynchedEntityData.defineId(EntityVoidWormPart.class, EntityDataSerializers.OPTIONAL_ENTITY_REFERENCE);
                                                                                                                                                                             ^
  symbol:   variable OPTIONAL_ENTITY_REFERENCE
  location: class EntityDataSerializers
C:\Users\justi\Documents\GitHub\AlexsMobs-26.2\src\main\java\com\github\alexthe666\alexsmobs\entity\EntityVoidWormPart.java:56: error: cannot find symbol
    private static final EntityDataAccessor<Optional<EntityReference<LivingEntity>>> CHILD_UUID = SynchedEntityData.defineId(EntityVoidWormPart.class, EntityDataSerializers.OPTIONAL_ENTITY_REFERENCE);
                                                                                                                                                                            ^
  symbol:   variable OPTIONAL_ENTITY_REFERENCE
  location: class EntityDataSerializers
C:\Users\justi\Documents\GitHub\AlexsMobs-26.2\src\main\java\com\github\alexthe666\alexsmobs\entity\EntityVoidWormPart.java:94: error: getDimensions(Pose) in EntityVoidWormPart cannot override getDimensions(Pose) in LivingEntity
    public EntityDimensions getDimensions(Pose poseIn) {
                            ^
  overridden method is final
C:\Users\justi\Documents\GitHub\AlexsMobs-26.2\src\main\java\com\github\alexthe666\alexsmobs\entity\EntityVoidWormPart.java:106: error: getScale() in EntityVoidWormPart cannot override getScale() in LivingEntity
    public float getScale() {
                 ^
  overridden method is final
C:\Users\justi\Documents\GitHub\AlexsMobs-26.2\src\main\java\com\github\alexthe666\alexsmobs\entity\EntityVoidWormPart.java:110: error: startRiding(Entity) in EntityVoidWormPart cannot override startRiding(Entity) in Entity
    public boolean startRiding(Entity entityIn) {
                   ^
  overridden method is final
C:\Users\justi\Documents\GitHub\AlexsMobs-26.2\src\main\java\com\github\alexthe666\alexsmobs\entity\EntityVoidWormPart.java:171: error: incompatible types: EntityReference<LivingEntity> cannot be converted to UUID
        return this.entityData.get(PARENT_UUID).orElse(null);
                                                      ^
C:\Users\justi\Documents\GitHub\AlexsMobs-26.2\src\main\java\com\github\alexthe666\alexsmobs\entity\EntityVoidWormPart.java:175: error: no suitable method found for set(EntityDataAccessor<Optional<EntityReference<LivingEntity>>>,Optional<UUID>)
        this.entityData.set(PARENT_UUID, Optional.ofNullable(uniqueId));
                       ^
    method SynchedEntityData.<T#1>set(EntityDataAccessor<T#1>,T#1) is not applicable
      (inference variable T#2 has incompatible bounds
        equality constraints: EntityReference<LivingEntity>
        lower bounds: UUID)
    method SynchedEntityData.<T#3>set(EntityDataAccessor<T#3>,T#3,boolean) is not applicable
      (cannot infer type-variable(s) T#3
        (actual and formal argument lists differ in length))
  where T#1,T#2,T#3 are type-variables:
    T#1 extends Object declared in method <T#1>set(EntityDataAccessor<T#1>,T#1)
    T#2 extends Object declared in method <T#2>ofNullable(T#2)
    T#3 extends Object declared in method <T#3>set(EntityDataAccessor<T#3>,T#3,boolean)
C:\Users\justi\Documents\GitHub\AlexsMobs-26.2\src\main\java\com\github\alexthe666\alexsmobs\entity\EntityVoidWormPart.java:180: error: incompatible types: EntityReference<LivingEntity> cannot be converted to UUID
        return this.entityData.get(CHILD_UUID).orElse(null);
                                                     ^
C:\Users\justi\Documents\GitHub\AlexsMobs-26.2\src\main\java\com\github\alexthe666\alexsmobs\entity\EntityVoidWormPart.java:184: error: no suitable method found for set(EntityDataAccessor<Optional<EntityReference<LivingEntity>>>,Optional<UUID>)
        this.entityData.set(CHILD_UUID, Optional.ofNullable(uniqueId));
                       ^
    method SynchedEntityData.<T#1>set(EntityDataAccessor<T#1>,T#1) is not applicable
      (inference variable T#2 has incompatible bounds
        equality constraints: EntityReference<LivingEntity>
        lower bounds: UUID)
    method SynchedEntityData.<T#3>set(EntityDataAccessor<T#3>,T#3,boolean) is not applicable
      (cannot infer type-variable(s) T#3
        (actual and formal argument lists differ in length))
  where T#1,T#2,T#3 are type-variables:
    T#1 extends Object declared in method <T#1>set(EntityDataAccessor<T#1>,T#1)
    T#2 extends Object declared in method <T#2>ofNullable(T#2)
    T#3 extends Object declared in method <T#3>set(EntityDataAccessor<T#3>,T#3,boolean)
C:\Users\justi\Documents\GitHub\AlexsMobs-26.2\src\main\java\com\github\alexthe666\alexsmobs\entity\EntityVoidWormPart.java:209: error: cannot find symbol
        isInsidePortal = false;
        ^
  symbol:   variable isInsidePortal
  location: class EntityVoidWormPart
C:\Users\justi\Documents\GitHub\AlexsMobs-26.2\src\main\java\com\github\alexthe666\alexsmobs\entity\EntityVoidWormPart.java:340: error: isAlliedTo(Entity) in EntityVoidWormPart cannot override isAlliedTo(@org.jspecify.annotations.Nullable Entity) in Entity
    public boolean isAlliedTo(Entity entityIn) {
                   ^
  overridden method is final
C:\Users\justi\Documents\GitHub\AlexsMobs-26.2\src\main\java\com\github\alexthe666\alexsmobs\entity\EntityVoidWormPart.java:414: error: method interact in class Entity cannot be applied to given types;
        return parent != null ? parent.interact(player, hand) : InteractionResult.PASS;
                                      ^
  required: Player,InteractionHand,Vec3
  found:    Player,InteractionHand
  reason: actual and formal argument lists differ in length
C:\Users\justi\Documents\GitHub\AlexsMobs-26.2\src\main\java\com\github\alexthe666\alexsmobs\entity\EntityVoidWormPart.java:437: error: method does not override or implement a method from a supertype
    @Override
    ^
C:\Users\justi\Documents\GitHub\AlexsMobs-26.2\src\main\java\com\github\alexthe666\alexsmobs\entity\EntityVoidWormPart.java:484: error: cannot find symbol
        return isAddedToWorld() || this.isRemoved();
               ^
  symbol:   method isAddedToWorld()
  location: class EntityVoidWormPart
C:\Users\justi\Documents\GitHub\AlexsMobs-26.2\src\main\java\com\github\alexthe666\alexsmobs\entity\EntityVoidWormShot.java:37: error: EntityVoidWormShot is not abstract and does not override abstract method hurtServer(ServerLevel,DamageSource,float) in Entity
public class EntityVoidWormShot extends Entity {
       ^
C:\Users\justi\Documents\GitHub\AlexsMobs-26.2\src\main\java\com\github\alexthe666\alexsmobs\entity\EntityVoidWormShot.java:105: error: method kill in class Entity cannot be applied to given types;
                    this.kill();
                        ^
  required: ServerLevel
  found:    no arguments
  reason: actual and formal argument lists differ in length
C:\Users\justi\Documents\GitHub\AlexsMobs-26.2\src\main\java\com\github\alexthe666\alexsmobs\entity\EntityVoidWormShot.java:143: error: cannot find symbol
                if(player.getUseItem().canPerformAction(ItemAbilities.SHIELD_BLOCK)){
                                                                     ^
  symbol:   variable SHIELD_BLOCK
  location: class ItemAbilities
C:\Users\justi\Documents\GitHub\AlexsMobs-26.2\src\main\java\com\github\alexthe666\alexsmobs\entity\EntityVoidWormShot.java:144: error: cannot find symbol
                    player.disableShield(true);
                          ^
  symbol:   method disableShield(boolean)
  location: variable player of type Player
C:\Users\justi\Documents\GitHub\AlexsMobs-26.2\src\main\java\com\github\alexthe666\alexsmobs\entity\EntityVoidWormShot.java:153: error: incompatible types: void cannot be converted to boolean
        return entity.hurt(source, dmg);
                          ^
C:\Users\justi\Documents\GitHub\AlexsMobs-26.2\src\main\java\com\github\alexthe666\alexsmobs\entity\EntityVoidWormShot.java:265: error: cannot find symbol
            this.moveTo(this.getX(), this.getY(), this.getZ(), this.getYRot(), this.getXRot());
                ^
  symbol: method moveTo(double,double,double,float,float)
C:\Users\justi\Documents\GitHub\AlexsMobs-26.2\src\main\java\com\github\alexthe666\alexsmobs\client\model\ModelWanderingVillagerRider.java:18: error: method does not override or implement a method from a supertype
    @Override
    ^
C:\Users\justi\Documents\GitHub\AlexsMobs-26.2\src\main\java\com\github\alexthe666\alexsmobs\client\model\ModelWanderingVillagerRider.java:20: error: method setupAnim in class VillagerModel cannot be applied to given types;
        super.setupAnim(entity, f, f1, f2, f3, f4);
             ^
  required: VillagerRenderState
  found:    Entity,float,float,float,float,float
  reason: actual and formal argument lists differ in length
C:\Users\justi\Documents\GitHub\AlexsMobs-26.2\src\main\java\com\github\alexthe666\alexsmobs\client\model\ModelWanderingVillagerRider.java:21: error: cannot find symbol
     if(riding){
        ^
  symbol:   variable riding
  location: class ModelWanderingVillagerRider
C:\Users\justi\Documents\GitHub\AlexsMobs-26.2\src\main\java\com\github\alexthe666\alexsmobs\entity\EntityWarpedMosco.java:202: error: cannot find symbol
        if (this.horizontalCollision && net.neoforged.neoforge.common.NeoForgeMod.isGriefingEnabled(this.level(), this)) {
                                                                                 ^
  symbol:   method isGriefingEnabled(Level,EntityWarpedMosco)
  location: class NeoForgeMod
C:\Users\justi\Documents\GitHub\AlexsMobs-26.2\src\main\java\com\github\alexthe666\alexsmobs\entity\EntityWarpedMosco.java:261: error: no suitable method found for addParticle(BlockParticleOption,boolean,double,double,double,double,double,double)
                        level().addParticle(new BlockParticleOption(ParticleTypes.BLOCK, state), true, this.getX() + extraX, ground.getY() + extraY, this.getZ() + extraZ, motionX, motionY, motionZ);
                               ^
    method Level.addParticle(ParticleOptions,double,double,double,double,double,double) is not applicable
      (actual and formal argument lists differ in length)
    method Level.addParticle(ParticleOptions,boolean,boolean,double,double,double,double,double,double) is not applicable
      (actual and formal argument lists differ in length)
C:\Users\justi\Documents\GitHub\AlexsMobs-26.2\src\main\java\com\github\alexthe666\alexsmobs\client\model\ModelWarpedToad.java:252: error: cannot find symbol
        if (entity != null && entity.isBaby()) {
            ^
  symbol:   variable entity
  location: class ModelWarpedToad
C:\Users\justi\Documents\GitHub\AlexsMobs-26.2\src\main\java\com\github\alexthe666\alexsmobs\client\model\ModelWarpedToad.java:252: error: cannot find symbol
        if (entity != null && entity.isBaby()) {
                              ^
  symbol:   variable entity
  location: class ModelWarpedToad
C:\Users\justi\Documents\GitHub\AlexsMobs-26.2\src\main\java\com\github\alexthe666\alexsmobs\entity\EntityWarpedToad.java:252: error: cannot find symbol
            player.displayClientMessage(Component.translatable("entity.alexsmobs.all.command_" + this.getCommand(), this.getName()), true);
                  ^
  symbol:   method displayClientMessage(MutableComponent,boolean)
  location: variable player of type Player
C:\Users\justi\Documents\GitHub\AlexsMobs-26.2\src\main\java\com\github\alexthe666\alexsmobs\entity\EntityWarpedToad.java:266: error: isAlliedTo(Entity) in EntityWarpedToad cannot override isAlliedTo(@org.jspecify.annotations.Nullable Entity) in Entity
    public boolean isAlliedTo(Entity entityIn) {
                   ^
  overridden method is final
C:\Users\justi\Documents\GitHub\AlexsMobs-26.2\src\main\java\com\github\alexthe666\alexsmobs\entity\EntityWarpedToad.java:679: error: cannot find symbol
                this.tameable.moveTo((double) p_226328_1_ + 0.5D, p_226328_2_, (double) p_226328_3_ + 0.5D, this.tameable.getYRot(), this.tameable.getXRot());
                             ^
  symbol:   method moveTo(double,int,double,float,float)
  location: variable tameable of type EntityWarpedToad
C:\Users\justi\Documents\GitHub\AlexsMobs-26.2\src\main\java\com\github\alexthe666\alexsmobs\entity\EntityWarpedToad.java:686: error: cannot find symbol
            PathType lvt_2_1_ = WalkNodeEvaluator.getPathTypetatic(this.world, p_226329_1_.mutable());
                                                 ^
  symbol:   method getPathTypetatic(LevelReader,MutableBlockPos)
  location: class WalkNodeEvaluator
C:\Users\justi\Documents\GitHub\AlexsMobs-26.2\src\main\java\com\github\alexthe666\alexsmobs\client\particle\ParticleBearFreddy.java:23: error: ParticleBearFreddy is not abstract and does not override abstract method getGroup() in Particle
public class ParticleBearFreddy extends Particle {
       ^
C:\Users\justi\Documents\GitHub\AlexsMobs-26.2\src\main\java\com\github\alexthe666\alexsmobs\client\particle\ParticleBearFreddy.java:34: error: cannot find symbol
        return ParticleRenderType.CUSTOM;
                                 ^
  symbol:   variable CUSTOM
  location: class ParticleRenderType
C:\Users\justi\Documents\GitHub\AlexsMobs-26.2\src\main\java\com\github\alexthe666\alexsmobs\client\particle\ParticleBearFreddy.java:38: error: cannot find symbol
        float fogBefore = RenderSystem.getShaderFogEnd();
                                      ^
  symbol:   method getShaderFogEnd()
  location: class RenderSystem
C:\Users\justi\Documents\GitHub\AlexsMobs-26.2\src\main\java\com\github\alexthe666\alexsmobs\client\particle\ParticleBearFreddy.java:39: error: cannot find symbol
        RenderSystem.setShaderFogEnd(40);
                    ^
  symbol:   method setShaderFogEnd(int)
  location: class RenderSystem
C:\Users\justi\Documents\GitHub\AlexsMobs-26.2\src\main\java\com\github\alexthe666\alexsmobs\client\particle\ParticleBearFreddy.java:50: error: cannot find symbol
        OrderedSubmitNodeCollector.BufferSource OrderedSubmitNodeCollector$buffersource = Minecraft.getInstance().renderBuffers().bufferSource();
                                  ^
  symbol:   class BufferSource
  location: interface OrderedSubmitNodeCollector
C:\Users\justi\Documents\GitHub\AlexsMobs-26.2\src\main\java\com\github\alexthe666\alexsmobs\client\particle\ParticleBearFreddy.java:50: error: cannot find symbol
        OrderedSubmitNodeCollector.BufferSource OrderedSubmitNodeCollector$buffersource = Minecraft.getInstance().renderBuffers().bufferSource();
                                                                                                                 ^
  symbol:   method renderBuffers()
  location: class Minecraft
C:\Users\justi\Documents\GitHub\AlexsMobs-26.2\src\main\java\com\github\alexthe666\alexsmobs\client\particle\ParticleBearFreddy.java:55: error: cannot find symbol
        boolean baby = this.model.young;
                                 ^
  symbol:   variable young
  location: variable model of type ModelGrizzlyBear
C:\Users\justi\Documents\GitHub\AlexsMobs-26.2\src\main\java\com\github\alexthe666\alexsmobs\client\particle\ParticleBearFreddy.java:56: error: cannot find symbol
        this.model.young = false;
                  ^
  symbol:   variable young
  location: variable model of type ModelGrizzlyBear
C:\Users\justi\Documents\GitHub\AlexsMobs-26.2\src\main\java\com\github\alexthe666\alexsmobs\client\particle\ParticleBearFreddy.java:59: error: cannot find symbol
        this.model.young = baby;
                  ^
  symbol:   variable young
  location: variable model of type ModelGrizzlyBear
C:\Users\justi\Documents\GitHub\AlexsMobs-26.2\src\main\java\com\github\alexthe666\alexsmobs\client\particle\ParticleBearFreddy.java:61: error: cannot find symbol
        RenderSystem.setShaderFogEnd(fogBefore);
                    ^
  symbol:   method setShaderFogEnd(float)
  location: class RenderSystem
C:\Users\justi\Documents\GitHub\AlexsMobs-26.2\src\main\java\com\github\alexthe666\alexsmobs\client\particle\ParticleBearFreddy.java:65: error: Factory is not abstract and does not override abstract method createParticle(SimpleParticleType,ClientLevel,double,double,double,double,double,double,RandomSource) in ParticleProvider
    public static class Factory implements ParticleProvider<SimpleParticleType> {
                  ^
C:\Users\justi\Documents\GitHub\AlexsMobs-26.2\src\main\java\com\github\alexthe666\alexsmobs\client\particle\ParticleBirdSong.java:7: error: ParticleBirdSong is not abstract and does not override abstract method getLayer() in SingleQuadParticle
public class ParticleBirdSong extends SingleQuadParticle {
       ^
C:\Users\justi\Documents\GitHub\AlexsMobs-26.2\src\main\java\com\github\alexthe666\alexsmobs\client\particle\ParticleBirdSong.java:10: error: no suitable constructor found for SingleQuadParticle(ClientLevel,double,double,double)
        super(world, x, y, z);
        ^
    constructor SingleQuadParticle.SingleQuadParticle(ClientLevel,double,double,double,TextureAtlasSprite) is not applicable
      (actual and formal argument lists differ in length)
    constructor SingleQuadParticle.SingleQuadParticle(ClientLevel,double,double,double,double,double,double,TextureAtlasSprite) is not applicable
      (actual and formal argument lists differ in length)
C:\Users\justi\Documents\GitHub\AlexsMobs-26.2\src\main\java\com\github\alexthe666\alexsmobs\client\particle\ParticleBirdSong.java:19: error: cannot find symbol
        this.pickSprite(sprites);
            ^
  symbol: method pickSprite(SpriteSet)
C:\Users\justi\Documents\GitHub\AlexsMobs-26.2\src\main\java\com\github\alexthe666\alexsmobs\client\particle\ParticleBirdSong.java:49: error: cannot find symbol
        int lvt_2_1_ = super.getLightColor(p_189214_1_);
                            ^
  symbol: method getLightColor(float)
C:\Users\justi\Documents\GitHub\AlexsMobs-26.2\src\main\java\com\github\alexthe666\alexsmobs\client\particle\ParticleBirdSong.java:54: error: method does not override or implement a method from a supertype
    @Override
    ^
C:\Users\justi\Documents\GitHub\AlexsMobs-26.2\src\main\java\com\github\alexthe666\alexsmobs\client\particle\ParticleBirdSong.java:56: error: cannot find symbol
        return ParticleRenderType.PARTICLE_SHEET_TRANSLUCENT;
                                 ^
  symbol:   variable PARTICLE_SHEET_TRANSLUCENT
  location: class ParticleRenderType
C:\Users\justi\Documents\GitHub\AlexsMobs-26.2\src\main\java\com\github\alexthe666\alexsmobs\client\particle\ParticleBirdSong.java:59: error: Factory is not abstract and does not override abstract method createParticle(SimpleParticleType,ClientLevel,double,double,double,double,double,double,RandomSource) in ParticleProvider
    public static class Factory implements ParticleProvider<SimpleParticleType> {
                  ^
C:\Users\justi\Documents\GitHub\AlexsMobs-26.2\src\main\java\com\github\alexthe666\alexsmobs\client\particle\ParticleBunfungusTransformation.java:11: error: ParticleBunfungusTransformation is not abstract and does not override abstract method getLayer() in SingleQuadParticle
public class ParticleBunfungusTransformation  extends SingleQuadParticle {
       ^
C:\Users\justi\Documents\GitHub\AlexsMobs-26.2\src\main\java\com\github\alexthe666\alexsmobs\client\particle\ParticleBunfungusTransformation.java:15: error: no suitable constructor found for SingleQuadParticle(ClientLevel,double,double,double,double,double,double)
        super(p_107483_, p_107484_, p_107485_, p_107486_, 0.0D, 0.0D, 0.0D);
        ^
    constructor SingleQuadParticle.SingleQuadParticle(ClientLevel,double,double,double,TextureAtlasSprite) is not applicable
      (actual and formal argument lists differ in length)
    constructor SingleQuadParticle.SingleQuadParticle(ClientLevel,double,double,double,double,double,double,TextureAtlasSprite) is not applicable
      (actual and formal argument lists differ in length)
C:\Users\justi\Documents\GitHub\AlexsMobs-26.2\src\main\java\com\github\alexthe666\alexsmobs\client\particle\ParticleBunfungusTransformation.java:33: error: cannot find symbol
        return ParticleRenderType.PARTICLE_SHEET_TRANSLUCENT;
                                 ^
  symbol:   variable PARTICLE_SHEET_TRANSLUCENT
  location: class ParticleRenderType
C:\Users\justi\Documents\GitHub\AlexsMobs-26.2\src\main\java\com\github\alexthe666\alexsmobs\client\particle\ParticleBunfungusTransformation.java:58: error: Factory is not abstract and does not override abstract method createParticle(SimpleParticleType,ClientLevel,double,double,double,double,double,double,RandomSource) in ParticleProvider
    public static class Factory implements ParticleProvider<SimpleParticleType> {
                  ^
C:\Users\justi\Documents\GitHub\AlexsMobs-26.2\src\main\java\com\github\alexthe666\alexsmobs\client\particle\ParticleDna.java:31: error: cannot find symbol
        int lvt_2_1_ = super.getLightColor(p_189214_1_);
                            ^
  symbol: method getLightColor(float)
C:\Users\justi\Documents\GitHub\AlexsMobs-26.2\src\main\java\com\github\alexthe666\alexsmobs\client\particle\ParticleDna.java:52: error: method does not override or implement a method from a supertype
    @Override
    ^
C:\Users\justi\Documents\GitHub\AlexsMobs-26.2\src\main\java\com\github\alexthe666\alexsmobs\client\particle\ParticleDna.java:54: error: cannot find symbol
        return ParticleRenderType.PARTICLE_SHEET_TRANSLUCENT;
                                 ^
  symbol:   variable PARTICLE_SHEET_TRANSLUCENT
  location: class ParticleRenderType
C:\Users\justi\Documents\GitHub\AlexsMobs-26.2\src\main\java\com\github\alexthe666\alexsmobs\client\particle\ParticleDna.java:58: error: Factory is not abstract and does not override abstract method createParticle(SimpleParticleType,ClientLevel,double,double,double,double,double,double,RandomSource) in ParticleProvider
    public static class Factory implements ParticleProvider<SimpleParticleType> {
                  ^
C:\Users\justi\Documents\GitHub\AlexsMobs-26.2\src\main\java\com\github\alexthe666\alexsmobs\client\particle\ParticleFungusBubble.java:48: error: method does not override or implement a method from a supertype
    @Override
    ^
C:\Users\justi\Documents\GitHub\AlexsMobs-26.2\src\main\java\com\github\alexthe666\alexsmobs\client\particle\ParticleFungusBubble.java:50: error: cannot find symbol
        return ParticleRenderType.PARTICLE_SHEET_OPAQUE;
                                 ^
  symbol:   variable PARTICLE_SHEET_OPAQUE
  location: class ParticleRenderType
C:\Users\justi\Documents\GitHub\AlexsMobs-26.2\src\main\java\com\github\alexthe666\alexsmobs\client\particle\ParticleFungusBubble.java:54: error: Factory is not abstract and does not override abstract method createParticle(SimpleParticleType,ClientLevel,double,double,double,double,double,double,RandomSource) in ParticleProvider
    public static class Factory implements ParticleProvider<SimpleParticleType> {
                  ^
C:\Users\justi\Documents\GitHub\AlexsMobs-26.2\src\main\java\com\github\alexthe666\alexsmobs\client\particle\ParticleGusterSandShot.java:9: error: ParticleGusterSandShot is not abstract and does not override abstract method getLayer() in SingleQuadParticle
public class ParticleGusterSandShot extends SingleQuadParticle {
       ^
C:\Users\justi\Documents\GitHub\AlexsMobs-26.2\src\main\java\com\github\alexthe666\alexsmobs\client\particle\ParticleGusterSandShot.java:12: error: no suitable constructor found for SingleQuadParticle(ClientLevel,double,double,double)
        super(world, x, y, z);
        ^
    constructor SingleQuadParticle.SingleQuadParticle(ClientLevel,double,double,double,TextureAtlasSprite) is not applicable
      (actual and formal argument lists differ in length)
    constructor SingleQuadParticle.SingleQuadParticle(ClientLevel,double,double,double,double,double,double,TextureAtlasSprite) is not applicable
      (actual and formal argument lists differ in length)
C:\Users\justi\Documents\GitHub\AlexsMobs-26.2\src\main\java\com\github\alexthe666\alexsmobs\client\particle\ParticleGusterSandShot.java:32: error: method does not override or implement a method from a supertype
    @Override
    ^
C:\Users\justi\Documents\GitHub\AlexsMobs-26.2\src\main\java\com\github\alexthe666\alexsmobs\client\particle\ParticleGusterSandShot.java:34: error: cannot find symbol
        return ParticleRenderType.PARTICLE_SHEET_OPAQUE;
                                 ^
  symbol:   variable PARTICLE_SHEET_OPAQUE
  location: class ParticleRenderType
C:\Users\justi\Documents\GitHub\AlexsMobs-26.2\src\main\java\com\github\alexthe666\alexsmobs\client\particle\ParticleGusterSandShot.java:38: error: Factory is not abstract and does not override abstract method createParticle(SimpleParticleType,ClientLevel,double,double,double,double,double,double,RandomSource) in ParticleProvider
    public static class Factory implements ParticleProvider<SimpleParticleType> {
                  ^
C:\Users\justi\Documents\GitHub\AlexsMobs-26.2\src\main\java\com\github\alexthe666\alexsmobs\client\particle\ParticleGusterSandShot.java:47: error: cannot find symbol
            p.pickSprite(spriteSet);
             ^
  symbol:   method pickSprite(SpriteSet)
  location: variable p of type ParticleGusterSandShot
C:\Users\justi\Documents\GitHub\AlexsMobs-26.2\src\main\java\com\github\alexthe666\alexsmobs\client\particle\ParticleGusterSandShot.java:53: error: FactoryRed is not abstract and does not override abstract method createParticle(SimpleParticleType,ClientLevel,double,double,double,double,double,double,RandomSource) in ParticleProvider
    public static class FactoryRed implements ParticleProvider<SimpleParticleType> {
                  ^
C:\Users\justi\Documents\GitHub\AlexsMobs-26.2\src\main\java\com\github\alexthe666\alexsmobs\client\particle\ParticleGusterSandShot.java:62: error: cannot find symbol
            p.pickSprite(spriteSet);
             ^
  symbol:   method pickSprite(SpriteSet)
  location: variable p of type ParticleGusterSandShot
C:\Users\justi\Documents\GitHub\AlexsMobs-26.2\src\main\java\com\github\alexthe666\alexsmobs\client\particle\ParticleGusterSandShot.java:68: error: FactorySoul is not abstract and does not override abstract method createParticle(SimpleParticleType,ClientLevel,double,double,double,double,double,double,RandomSource) in ParticleProvider
    public static class FactorySoul implements ParticleProvider<SimpleParticleType> {
                  ^
C:\Users\justi\Documents\GitHub\AlexsMobs-26.2\src\main\java\com\github\alexthe666\alexsmobs\client\particle\ParticleGusterSandShot.java:77: error: cannot find symbol
            p.pickSprite(spriteSet);
             ^
  symbol:   method pickSprite(SpriteSet)
  location: variable p of type ParticleGusterSandShot
C:\Users\justi\Documents\GitHub\AlexsMobs-26.2\src\main\java\com\github\alexthe666\alexsmobs\client\particle\ParticleGusterSandSpin.java:11: error: ParticleGusterSandSpin is not abstract and does not override abstract method getLayer() in SingleQuadParticle
public class ParticleGusterSandSpin extends SingleQuadParticle {
       ^
C:\Users\justi\Documents\GitHub\AlexsMobs-26.2\src\main\java\com\github\alexthe666\alexsmobs\client\particle\ParticleGusterSandSpin.java:23: error: no suitable constructor found for SingleQuadParticle(ClientLevel,double,double,double)
        super(world, x, y, z);
        ^
    constructor SingleQuadParticle.SingleQuadParticle(ClientLevel,double,double,double,TextureAtlasSprite) is not applicable
      (actual and formal argument lists differ in length)
    constructor SingleQuadParticle.SingleQuadParticle(ClientLevel,double,double,double,double,double,double,TextureAtlasSprite) is not applicable
      (actual and formal argument lists differ in length)
C:\Users\justi\Documents\GitHub\AlexsMobs-26.2\src\main\java\com\github\alexthe666\alexsmobs\client\particle\ParticleGusterSandSpin.java:70: error: method does not override or implement a method from a supertype
    @Override
    ^
C:\Users\justi\Documents\GitHub\AlexsMobs-26.2\src\main\java\com\github\alexthe666\alexsmobs\client\particle\ParticleGusterSandSpin.java:72: error: cannot find symbol
        return ParticleRenderType.PARTICLE_SHEET_OPAQUE;
                                 ^
  symbol:   variable PARTICLE_SHEET_OPAQUE
  location: class ParticleRenderType
C:\Users\justi\Documents\GitHub\AlexsMobs-26.2\src\main\java\com\github\alexthe666\alexsmobs\client\particle\ParticleGusterSandSpin.java:76: error: Factory is not abstract and does not override abstract method createParticle(SimpleParticleType,ClientLevel,double,double,double,double,double,double,RandomSource) in ParticleProvider
    public static class Factory implements ParticleProvider<SimpleParticleType> {
                  ^
C:\Users\justi\Documents\GitHub\AlexsMobs-26.2\src\main\java\com\github\alexthe666\alexsmobs\client\particle\ParticleGusterSandSpin.java:85: error: cannot find symbol
            p.pickSprite(spriteSet);
             ^
  symbol:   method pickSprite(SpriteSet)
  location: variable p of type ParticleGusterSandSpin
C:\Users\justi\Documents\GitHub\AlexsMobs-26.2\src\main\java\com\github\alexthe666\alexsmobs\client\particle\ParticleGusterSandSpin.java:91: error: FactoryRed is not abstract and does not override abstract method createParticle(SimpleParticleType,ClientLevel,double,double,double,double,double,double,RandomSource) in ParticleProvider
    public static class FactoryRed implements ParticleProvider<SimpleParticleType> {
                  ^
C:\Users\justi\Documents\GitHub\AlexsMobs-26.2\src\main\java\com\github\alexthe666\alexsmobs\client\particle\ParticleGusterSandSpin.java:100: error: cannot find symbol
            p.pickSprite(spriteSet);
             ^
  symbol:   method pickSprite(SpriteSet)
  location: variable p of type ParticleGusterSandSpin
C:\Users\justi\Documents\GitHub\AlexsMobs-26.2\src\main\java\com\github\alexthe666\alexsmobs\client\particle\ParticleGusterSandSpin.java:106: error: FactorySoul is not abstract and does not override abstract method createParticle(SimpleParticleType,ClientLevel,double,double,double,double,double,double,RandomSource) in ParticleProvider
    public static class FactorySoul implements ParticleProvider<SimpleParticleType> {
                  ^
C:\Users\justi\Documents\GitHub\AlexsMobs-26.2\src\main\java\com\github\alexthe666\alexsmobs\client\particle\ParticleGusterSandSpin.java:115: error: cannot find symbol
            p.pickSprite(spriteSet);
             ^
  symbol:   method pickSprite(SpriteSet)
  location: variable p of type ParticleGusterSandSpin
C:\Users\justi\Documents\GitHub\AlexsMobs-26.2\src\main\java\com\github\alexthe666\alexsmobs\client\particle\ParticleHemolymph.java:9: error: ParticleHemolymph is not abstract and does not override abstract method getLayer() in SingleQuadParticle
public class ParticleHemolymph extends SingleQuadParticle {
       ^
C:\Users\justi\Documents\GitHub\AlexsMobs-26.2\src\main\java\com\github\alexthe666\alexsmobs\client\particle\ParticleHemolymph.java:14: error: no suitable constructor found for SingleQuadParticle(ClientLevel,double,double,double)
        super(world, x, y, z);
        ^
    constructor SingleQuadParticle.SingleQuadParticle(ClientLevel,double,double,double,TextureAtlasSprite) is not applicable
      (actual and formal argument lists differ in length)
    constructor SingleQuadParticle.SingleQuadParticle(ClientLevel,double,double,double,double,double,double,TextureAtlasSprite) is not applicable
      (actual and formal argument lists differ in length)
C:\Users\justi\Documents\GitHub\AlexsMobs-26.2\src\main\java\com\github\alexthe666\alexsmobs\client\particle\ParticleHemolymph.java:34: error: method does not override or implement a method from a supertype
    @Override
    ^
C:\Users\justi\Documents\GitHub\AlexsMobs-26.2\src\main\java\com\github\alexthe666\alexsmobs\client\particle\ParticleHemolymph.java:36: error: cannot find symbol
        return ParticleRenderType.PARTICLE_SHEET_OPAQUE;
                                 ^
  symbol:   variable PARTICLE_SHEET_OPAQUE
  location: class ParticleRenderType
C:\Users\justi\Documents\GitHub\AlexsMobs-26.2\src\main\java\com\github\alexthe666\alexsmobs\client\particle\ParticleHemolymph.java:40: error: Factory is not abstract and does not override abstract method createParticle(SimpleParticleType,ClientLevel,double,double,double,double,double,double,RandomSource) in ParticleProvider
    public static class Factory implements ParticleProvider<SimpleParticleType> {
                  ^
C:\Users\justi\Documents\GitHub\AlexsMobs-26.2\src\main\java\com\github\alexthe666\alexsmobs\client\particle\ParticleHemolymph.java:49: error: cannot find symbol
            p.pickSprite(spriteSet);
             ^
  symbol:   method pickSprite(SpriteSet)
  location: variable p of type ParticleHemolymph
C:\Users\justi\Documents\GitHub\AlexsMobs-26.2\src\main\java\com\github\alexthe666\alexsmobs\client\particle\ParticleInvertDig.java:61: error: Factory is not abstract and does not override abstract method createParticle(SimpleParticleType,ClientLevel,double,double,double,double,double,double,RandomSource) in ParticleProvider
    public static class Factory implements ParticleProvider<SimpleParticleType> {
                  ^
C:\Users\justi\Documents\GitHub\AlexsMobs-26.2\src\main\java\com\github\alexthe666\alexsmobs\client\particle\ParticlePlatypus.java:24: error: cannot find symbol
        int lvt_2_1_ = super.getLightColor(p_189214_1_);
                            ^
  symbol: method getLightColor(float)
C:\Users\justi\Documents\GitHub\AlexsMobs-26.2\src\main\java\com\github\alexthe666\alexsmobs\client\particle\ParticlePlatypus.java:42: error: method does not override or implement a method from a supertype
    @Override
    ^
C:\Users\justi\Documents\GitHub\AlexsMobs-26.2\src\main\java\com\github\alexthe666\alexsmobs\client\particle\ParticlePlatypus.java:44: error: cannot find symbol
        return ParticleRenderType.PARTICLE_SHEET_OPAQUE;
                                 ^
  symbol:   variable PARTICLE_SHEET_OPAQUE
  location: class ParticleRenderType
C:\Users\justi\Documents\GitHub\AlexsMobs-26.2\src\main\java\com\github\alexthe666\alexsmobs\client\particle\ParticlePlatypus.java:48: error: Factory is not abstract and does not override abstract method createParticle(SimpleParticleType,ClientLevel,double,double,double,double,double,double,RandomSource) in ParticleProvider
    public static class Factory implements ParticleProvider<SimpleParticleType> {
                  ^
C:\Users\justi\Documents\GitHub\AlexsMobs-26.2\src\main\java\com\github\alexthe666\alexsmobs\client\particle\ParticleSimpleHeart.java:10: error: ParticleSimpleHeart is not abstract and does not override abstract method getLayer() in SingleQuadParticle
public class ParticleSimpleHeart extends SingleQuadParticle {
       ^
C:\Users\justi\Documents\GitHub\AlexsMobs-26.2\src\main\java\com\github\alexthe666\alexsmobs\client\particle\ParticleSimpleHeart.java:13: error: no suitable constructor found for SingleQuadParticle(ClientLevel,double,double,double)
        super(world, x, y, z);
        ^
    constructor SingleQuadParticle.SingleQuadParticle(ClientLevel,double,double,double,TextureAtlasSprite) is not applicable
      (actual and formal argument lists differ in length)
    constructor SingleQuadParticle.SingleQuadParticle(ClientLevel,double,double,double,double,double,double,TextureAtlasSprite) is not applicable
      (actual and formal argument lists differ in length)
C:\Users\justi\Documents\GitHub\AlexsMobs-26.2\src\main\java\com\github\alexthe666\alexsmobs\client\particle\ParticleSimpleHeart.java:51: error: method does not override or implement a method from a supertype
    @Override
    ^
C:\Users\justi\Documents\GitHub\AlexsMobs-26.2\src\main\java\com\github\alexthe666\alexsmobs\client\particle\ParticleSimpleHeart.java:53: error: cannot find symbol
        return ParticleRenderType.PARTICLE_SHEET_OPAQUE;
                                 ^
  symbol:   variable PARTICLE_SHEET_OPAQUE
  location: class ParticleRenderType
C:\Users\justi\Documents\GitHub\AlexsMobs-26.2\src\main\java\com\github\alexthe666\alexsmobs\client\particle\ParticleSimpleHeart.java:57: error: Factory is not abstract and does not override abstract method createParticle(SimpleParticleType,ClientLevel,double,double,double,double,double,double,RandomSource) in ParticleProvider
    public static class Factory implements ParticleProvider<SimpleParticleType> {
                  ^
C:\Users\justi\Documents\GitHub\AlexsMobs-26.2\src\main\java\com\github\alexthe666\alexsmobs\client\particle\ParticleSimpleHeart.java:66: error: cannot find symbol
            heartparticle.pickSprite(this.spriteSet);
                         ^
  symbol:   method pickSprite(SpriteSet)
  location: variable heartparticle of type ParticleSimpleHeart
C:\Users\justi\Documents\GitHub\AlexsMobs-26.2\src\main\java\com\github\alexthe666\alexsmobs\client\particle\ParticleSkulkBoom.java:26: error: ParticleSkulkBoom is not abstract and does not override abstract method getGroup() in Particle
public class ParticleSkulkBoom extends Particle {
       ^
C:\Users\justi\Documents\GitHub\AlexsMobs-26.2\src\main\java\com\github\alexthe666\alexsmobs\client\particle\ParticleSkulkBoom.java:37: error: cannot find symbol
        this.alpha = 1F;
            ^
  symbol: variable alpha
C:\Users\justi\Documents\GitHub\AlexsMobs-26.2\src\main\java\com\github\alexthe666\alexsmobs\client\particle\ParticleSkulkBoom.java:50: error: cannot find symbol
        this.prevAlpha = alpha;
                         ^
  symbol:   variable alpha
  location: class ParticleSkulkBoom
C:\Users\justi\Documents\GitHub\AlexsMobs-26.2\src\main\java\com\github\alexthe666\alexsmobs\client\particle\ParticleSkulkBoom.java:55: error: cannot find symbol
        if(this.alpha > 0.0F){
               ^
  symbol: variable alpha
C:\Users\justi\Documents\GitHub\AlexsMobs-26.2\src\main\java\com\github\alexthe666\alexsmobs\client\particle\ParticleSkulkBoom.java:56: error: cannot find symbol
            this.alpha = Math.max(this.alpha - alphaDecrease, 0.0F);
                ^
  symbol: variable alpha
C:\Users\justi\Documents\GitHub\AlexsMobs-26.2\src\main\java\com\github\alexthe666\alexsmobs\client\particle\ParticleSkulkBoom.java:56: error: cannot find symbol
            this.alpha = Math.max(this.alpha - alphaDecrease, 0.0F);
                                      ^
  symbol: variable alpha
C:\Users\justi\Documents\GitHub\AlexsMobs-26.2\src\main\java\com\github\alexthe666\alexsmobs\client\particle\ParticleSkulkBoom.java:61: error: cannot find symbol
        Vec3 vec3 = camera.getPosition();
                          ^
  symbol:   method getPosition()
  location: variable camera of type Camera
C:\Users\justi\Documents\GitHub\AlexsMobs-26.2\src\main\java\com\github\alexthe666\alexsmobs\client\particle\ParticleSkulkBoom.java:66: error: cannot find symbol
        OrderedSubmitNodeCollector.BufferSource OrderedSubmitNodeCollector$buffersource = Minecraft.getInstance().renderBuffers().bufferSource();
                                  ^
  symbol:   class BufferSource
  location: interface OrderedSubmitNodeCollector
C:\Users\justi\Documents\GitHub\AlexsMobs-26.2\src\main\java\com\github\alexthe666\alexsmobs\client\particle\ParticleSkulkBoom.java:66: error: cannot find symbol
        OrderedSubmitNodeCollector.BufferSource OrderedSubmitNodeCollector$buffersource = Minecraft.getInstance().renderBuffers().bufferSource();
                                                                                                                 ^
  symbol:   method renderBuffers()
  location: class Minecraft
C:\Users\justi\Documents\GitHub\AlexsMobs-26.2\src\main\java\com\github\alexthe666\alexsmobs\client\particle\ParticleSkulkBoom.java:73: error: cannot find symbol
        float alphaLerp = prevAlpha + partialTick * (alpha - prevAlpha);
                                                     ^
  symbol:   variable alpha
  location: class ParticleSkulkBoom
C:\Users\justi\Documents\GitHub\AlexsMobs-26.2\src\main\java\com\github\alexthe666\alexsmobs\client\particle\ParticleSkulkBoom.java:89: error: cannot find symbol
        portalStatic.vertex((double)avector3f[0].x(), (double)avector3f[0].y(), (double)avector3f[0].z()).color(this.rCol, this.gCol, this.bCol, alphaLerp).uv(f8, f6).overlayCoords(OverlayTexture.NO_OVERLAY).uv2(j).normal(matrix3f, 0.0F, -1.0F, 0.0F).endVertex();
                                                                                                                    ^
  symbol: variable rCol
C:\Users\justi\Documents\GitHub\AlexsMobs-26.2\src\main\java\com\github\alexthe666\alexsmobs\client\particle\ParticleSkulkBoom.java:89: error: cannot find symbol
        portalStatic.vertex((double)avector3f[0].x(), (double)avector3f[0].y(), (double)avector3f[0].z()).color(this.rCol, this.gCol, this.bCol, alphaLerp).uv(f8, f6).overlayCoords(OverlayTexture.NO_OVERLAY).uv2(j).normal(matrix3f, 0.0F, -1.0F, 0.0F).endVertex();
                                                                                                                               ^
  symbol: variable gCol
C:\Users\justi\Documents\GitHub\AlexsMobs-26.2\src\main\java\com\github\alexthe666\alexsmobs\client\particle\ParticleSkulkBoom.java:89: error: cannot find symbol
        portalStatic.vertex((double)avector3f[0].x(), (double)avector3f[0].y(), (double)avector3f[0].z()).color(this.rCol, this.gCol, this.bCol, alphaLerp).uv(f8, f6).overlayCoords(OverlayTexture.NO_OVERLAY).uv2(j).normal(matrix3f, 0.0F, -1.0F, 0.0F).endVertex();
                                                                                                                                          ^
  symbol: variable bCol
C:\Users\justi\Documents\GitHub\AlexsMobs-26.2\src\main\java\com\github\alexthe666\alexsmobs\client\particle\ParticleSkulkBoom.java:89: error: cannot find symbol
        portalStatic.vertex((double)avector3f[0].x(), (double)avector3f[0].y(), (double)avector3f[0].z()).color(this.rCol, this.gCol, this.bCol, alphaLerp).uv(f8, f6).overlayCoords(OverlayTexture.NO_OVERLAY).uv2(j).normal(matrix3f, 0.0F, -1.0F, 0.0F).endVertex();
                    ^
  symbol:   method vertex(double,double,double)
  location: variable portalStatic of type VertexConsumer
C:\Users\justi\Documents\GitHub\AlexsMobs-26.2\src\main\java\com\github\alexthe666\alexsmobs\client\particle\ParticleSkulkBoom.java:90: error: cannot find symbol
        portalStatic.vertex((double)avector3f[1].x(), (double)avector3f[1].y(), (double)avector3f[1].z()).color(this.rCol, this.gCol, this.bCol, alphaLerp).uv(f8, f5).overlayCoords(OverlayTexture.NO_OVERLAY).uv2(j).normal(matrix3f, 0.0F, -1.0F, 0.0F).endVertex();
                                                                                                                    ^
  symbol: variable rCol
C:\Users\justi\Documents\GitHub\AlexsMobs-26.2\src\main\java\com\github\alexthe666\alexsmobs\client\particle\ParticleSkulkBoom.java:90: error: cannot find symbol
        portalStatic.vertex((double)avector3f[1].x(), (double)avector3f[1].y(), (double)avector3f[1].z()).color(this.rCol, this.gCol, this.bCol, alphaLerp).uv(f8, f5).overlayCoords(OverlayTexture.NO_OVERLAY).uv2(j).normal(matrix3f, 0.0F, -1.0F, 0.0F).endVertex();
                                                                                                                               ^
  symbol: variable gCol
C:\Users\justi\Documents\GitHub\AlexsMobs-26.2\src\main\java\com\github\alexthe666\alexsmobs\client\particle\ParticleSkulkBoom.java:90: error: cannot find symbol
        portalStatic.vertex((double)avector3f[1].x(), (double)avector3f[1].y(), (double)avector3f[1].z()).color(this.rCol, this.gCol, this.bCol, alphaLerp).uv(f8, f5).overlayCoords(OverlayTexture.NO_OVERLAY).uv2(j).normal(matrix3f, 0.0F, -1.0F, 0.0F).endVertex();
                                                                                                                                          ^
  symbol: variable bCol
C:\Users\justi\Documents\GitHub\AlexsMobs-26.2\src\main\java\com\github\alexthe666\alexsmobs\client\particle\ParticleSkulkBoom.java:90: error: cannot find symbol
        portalStatic.vertex((double)avector3f[1].x(), (double)avector3f[1].y(), (double)avector3f[1].z()).color(this.rCol, this.gCol, this.bCol, alphaLerp).uv(f8, f5).overlayCoords(OverlayTexture.NO_OVERLAY).uv2(j).normal(matrix3f, 0.0F, -1.0F, 0.0F).endVertex();
                    ^
  symbol:   method vertex(double,double,double)
  location: variable portalStatic of type VertexConsumer
C:\Users\justi\Documents\GitHub\AlexsMobs-26.2\src\main\java\com\github\alexthe666\alexsmobs\client\particle\ParticleSkulkBoom.java:91: error: cannot find symbol
        portalStatic.vertex((double)avector3f[2].x(), (double)avector3f[2].y(), (double)avector3f[2].z()).color(this.rCol, this.gCol, this.bCol, alphaLerp).uv(f7, f5).overlayCoords(OverlayTexture.NO_OVERLAY).uv2(j).normal(matrix3f, 0.0F, -1.0F, 0.0F).endVertex();
                                                                                                                    ^
  symbol: variable rCol
C:\Users\justi\Documents\GitHub\AlexsMobs-26.2\src\main\java\com\github\alexthe666\alexsmobs\client\particle\ParticleSkulkBoom.java:91: error: cannot find symbol
        portalStatic.vertex((double)avector3f[2].x(), (double)avector3f[2].y(), (double)avector3f[2].z()).color(this.rCol, this.gCol, this.bCol, alphaLerp).uv(f7, f5).overlayCoords(OverlayTexture.NO_OVERLAY).uv2(j).normal(matrix3f, 0.0F, -1.0F, 0.0F).endVertex();
                                                                                                                               ^
  symbol: variable gCol
C:\Users\justi\Documents\GitHub\AlexsMobs-26.2\src\main\java\com\github\alexthe666\alexsmobs\client\particle\ParticleSkulkBoom.java:91: error: cannot find symbol
        portalStatic.vertex((double)avector3f[2].x(), (double)avector3f[2].y(), (double)avector3f[2].z()).color(this.rCol, this.gCol, this.bCol, alphaLerp).uv(f7, f5).overlayCoords(OverlayTexture.NO_OVERLAY).uv2(j).normal(matrix3f, 0.0F, -1.0F, 0.0F).endVertex();
                                                                                                                                          ^
  symbol: variable bCol
C:\Users\justi\Documents\GitHub\AlexsMobs-26.2\src\main\java\com\github\alexthe666\alexsmobs\client\particle\ParticleSkulkBoom.java:91: error: cannot find symbol
        portalStatic.vertex((double)avector3f[2].x(), (double)avector3f[2].y(), (double)avector3f[2].z()).color(this.rCol, this.gCol, this.bCol, alphaLerp).uv(f7, f5).overlayCoords(OverlayTexture.NO_OVERLAY).uv2(j).normal(matrix3f, 0.0F, -1.0F, 0.0F).endVertex();
                    ^
  symbol:   method vertex(double,double,double)
  location: variable portalStatic of type VertexConsumer
C:\Users\justi\Documents\GitHub\AlexsMobs-26.2\src\main\java\com\github\alexthe666\alexsmobs\client\particle\ParticleSkulkBoom.java:92: error: cannot find symbol
        portalStatic.vertex((double)avector3f[3].x(), (double)avector3f[3].y(), (double)avector3f[3].z()).color(this.rCol, this.gCol, this.bCol, alphaLerp).uv(f7, f6).overlayCoords(OverlayTexture.NO_OVERLAY).uv2(j).normal(matrix3f, 0.0F, -1.0F, 0.0F).endVertex();
                                                                                                                    ^
  symbol: variable rCol
C:\Users\justi\Documents\GitHub\AlexsMobs-26.2\src\main\java\com\github\alexthe666\alexsmobs\client\particle\ParticleSkulkBoom.java:92: error: cannot find symbol
        portalStatic.vertex((double)avector3f[3].x(), (double)avector3f[3].y(), (double)avector3f[3].z()).color(this.rCol, this.gCol, this.bCol, alphaLerp).uv(f7, f6).overlayCoords(OverlayTexture.NO_OVERLAY).uv2(j).normal(matrix3f, 0.0F, -1.0F, 0.0F).endVertex();
                                                                                                                               ^
  symbol: variable gCol
C:\Users\justi\Documents\GitHub\AlexsMobs-26.2\src\main\java\com\github\alexthe666\alexsmobs\client\particle\ParticleSkulkBoom.java:92: error: cannot find symbol
        portalStatic.vertex((double)avector3f[3].x(), (double)avector3f[3].y(), (double)avector3f[3].z()).color(this.rCol, this.gCol, this.bCol, alphaLerp).uv(f7, f6).overlayCoords(OverlayTexture.NO_OVERLAY).uv2(j).normal(matrix3f, 0.0F, -1.0F, 0.0F).endVertex();
                                                                                                                                          ^
  symbol: variable bCol
C:\Users\justi\Documents\GitHub\AlexsMobs-26.2\src\main\java\com\github\alexthe666\alexsmobs\client\particle\ParticleSkulkBoom.java:92: error: cannot find symbol
        portalStatic.vertex((double)avector3f[3].x(), (double)avector3f[3].y(), (double)avector3f[3].z()).color(this.rCol, this.gCol, this.bCol, alphaLerp).uv(f7, f6).overlayCoords(OverlayTexture.NO_OVERLAY).uv2(j).normal(matrix3f, 0.0F, -1.0F, 0.0F).endVertex();
                    ^
  symbol:   method vertex(double,double,double)
  location: variable portalStatic of type VertexConsumer
C:\Users\justi\Documents\GitHub\AlexsMobs-26.2\src\main\java\com\github\alexthe666\alexsmobs\client\particle\ParticleSkulkBoom.java:96: error: method does not override or implement a method from a supertype
    @Override
    ^
C:\Users\justi\Documents\GitHub\AlexsMobs-26.2\src\main\java\com\github\alexthe666\alexsmobs\client\particle\ParticleSkulkBoom.java:98: error: cannot find symbol
        return ParticleRenderType.CUSTOM;
                                 ^
  symbol:   variable CUSTOM
  location: class ParticleRenderType
C:\Users\justi\Documents\GitHub\AlexsMobs-26.2\src\main\java\com\github\alexthe666\alexsmobs\client\particle\ParticleSkulkBoom.java:102: error: Factory is not abstract and does not override abstract method createParticle(SimpleParticleType,ClientLevel,double,double,double,double,double,double,RandomSource) in ParticleProvider
    public static class Factory implements ParticleProvider<SimpleParticleType> {
                  ^
C:\Users\justi\Documents\GitHub\AlexsMobs-26.2\src\main\java\com\github\alexthe666\alexsmobs\client\particle\ParticleSmelly.java:31: error: method does not override or implement a method from a supertype
    @Override
    ^
C:\Users\justi\Documents\GitHub\AlexsMobs-26.2\src\main\java\com\github\alexthe666\alexsmobs\client\particle\ParticleSmelly.java:33: error: cannot find symbol
        return ParticleRenderType.PARTICLE_SHEET_TRANSLUCENT;
                                 ^
  symbol:   variable PARTICLE_SHEET_TRANSLUCENT
  location: class ParticleRenderType
C:\Users\justi\Documents\GitHub\AlexsMobs-26.2\src\main\java\com\github\alexthe666\alexsmobs\client\particle\ParticleSmelly.java:37: error: Factory is not abstract and does not override abstract method createParticle(SimpleParticleType,ClientLevel,double,double,double,double,double,double,RandomSource) in ParticleProvider
    public static class Factory implements ParticleProvider<SimpleParticleType> {
                  ^
C:\Users\justi\Documents\GitHub\AlexsMobs-26.2\src\main\java\com\github\alexthe666\alexsmobs\client\particle\ParticleStaticSpark.java:26: error: ParticleStaticSpark is not abstract and does not override abstract method getGroup() in Particle
public class ParticleStaticSpark extends Particle {
       ^
C:\Users\justi\Documents\GitHub\AlexsMobs-26.2\src\main\java\com\github\alexthe666\alexsmobs\client\particle\ParticleStaticSpark.java:69: error: cannot find symbol
        Vec3 vec3 = camera.getPosition();
                          ^
  symbol:   method getPosition()
  location: variable camera of type Camera
C:\Users\justi\Documents\GitHub\AlexsMobs-26.2\src\main\java\com\github\alexthe666\alexsmobs\client\particle\ParticleStaticSpark.java:74: error: cannot find symbol
        if (this.roll == 0.0F) {
                ^
  symbol: variable roll
C:\Users\justi\Documents\GitHub\AlexsMobs-26.2\src\main\java\com\github\alexthe666\alexsmobs\client\particle\ParticleStaticSpark.java:78: error: cannot find symbol
            float f3 = Mth.lerp(partialTick, this.oRoll, this.roll);
                                                 ^
  symbol: variable oRoll
C:\Users\justi\Documents\GitHub\AlexsMobs-26.2\src\main\java\com\github\alexthe666\alexsmobs\client\particle\ParticleStaticSpark.java:78: error: cannot find symbol
            float f3 = Mth.lerp(partialTick, this.oRoll, this.roll);
                                                             ^
  symbol: variable roll
C:\Users\justi\Documents\GitHub\AlexsMobs-26.2\src\main\java\com\github\alexthe666\alexsmobs\client\particle\ParticleStaticSpark.java:81: error: cannot find symbol
        OrderedSubmitNodeCollector.BufferSource OrderedSubmitNodeCollector$buffersource = Minecraft.getInstance().renderBuffers().bufferSource();
                                  ^
  symbol:   class BufferSource
  location: interface OrderedSubmitNodeCollector
C:\Users\justi\Documents\GitHub\AlexsMobs-26.2\src\main\java\com\github\alexthe666\alexsmobs\client\particle\ParticleStaticSpark.java:81: error: cannot find symbol
        OrderedSubmitNodeCollector.BufferSource OrderedSubmitNodeCollector$buffersource = Minecraft.getInstance().renderBuffers().bufferSource();
                                                                                                                 ^
  symbol:   method renderBuffers()
  location: class Minecraft
C:\Users\justi\Documents\GitHub\AlexsMobs-26.2\src\main\java\com\github\alexthe666\alexsmobs\client\particle\ParticleStaticSpark.java:82: error: cannot find symbol
        VertexConsumer portalStatic = AMRenderTypes.createMergedVertexConsumer(OrderedSubmitNodeCollector$buffersource.getBuffer(AMRenderTypes.STATIC_PARTICLE), OrderedSubmitNodeCollector$buffersource.getBuffer(RenderType.entityTranslucent(TEXTURES[textureIndex])));
                                                                                                                                              ^
  symbol:   variable STATIC_PARTICLE
  location: class AMRenderTypes
C:\Users\justi\Documents\GitHub\AlexsMobs-26.2\src\main\java\com\github\alexthe666\alexsmobs\client\particle\ParticleStaticSpark.java:82: error: cannot find symbol
        VertexConsumer portalStatic = AMRenderTypes.createMergedVertexConsumer(OrderedSubmitNodeCollector$buffersource.getBuffer(AMRenderTypes.STATIC_PARTICLE), OrderedSubmitNodeCollector$buffersource.getBuffer(RenderType.entityTranslucent(TEXTURES[textureIndex])));
                                                                                                                                                                                                                             ^
  symbol:   method entityTranslucent(Identifier)
  location: class RenderType
C:\Users\justi\Documents\GitHub\AlexsMobs-26.2\src\main\java\com\github\alexthe666\alexsmobs\client\particle\ParticleStaticSpark.java:104: error: cannot find symbol
        portalStatic.vertex((double)avector3f[0].x(), (double)avector3f[0].y(), (double)avector3f[0].z()).color(this.rCol, this.gCol, this.bCol, this.alpha).uv(f8, f6).overlayCoords(OverlayTexture.NO_OVERLAY).uv2(j).normal(matrix3f, 0.0F, -1.0F, 0.0F).endVertex();
                                                                                                                    ^
  symbol: variable rCol
C:\Users\justi\Documents\GitHub\AlexsMobs-26.2\src\main\java\com\github\alexthe666\alexsmobs\client\particle\ParticleStaticSpark.java:104: error: cannot find symbol
        portalStatic.vertex((double)avector3f[0].x(), (double)avector3f[0].y(), (double)avector3f[0].z()).color(this.rCol, this.gCol, this.bCol, this.alpha).uv(f8, f6).overlayCoords(OverlayTexture.NO_OVERLAY).uv2(j).normal(matrix3f, 0.0F, -1.0F, 0.0F).endVertex();
                                                                                                                               ^
  symbol: variable gCol
C:\Users\justi\Documents\GitHub\AlexsMobs-26.2\src\main\java\com\github\alexthe666\alexsmobs\client\particle\ParticleStaticSpark.java:104: error: cannot find symbol
        portalStatic.vertex((double)avector3f[0].x(), (double)avector3f[0].y(), (double)avector3f[0].z()).color(this.rCol, this.gCol, this.bCol, this.alpha).uv(f8, f6).overlayCoords(OverlayTexture.NO_OVERLAY).uv2(j).normal(matrix3f, 0.0F, -1.0F, 0.0F).endVertex();
                                                                                                                                          ^
  symbol: variable bCol
C:\Users\justi\Documents\GitHub\AlexsMobs-26.2\src\main\java\com\github\alexthe666\alexsmobs\client\particle\ParticleStaticSpark.java:104: error: cannot find symbol
        portalStatic.vertex((double)avector3f[0].x(), (double)avector3f[0].y(), (double)avector3f[0].z()).color(this.rCol, this.gCol, this.bCol, this.alpha).uv(f8, f6).overlayCoords(OverlayTexture.NO_OVERLAY).uv2(j).normal(matrix3f, 0.0F, -1.0F, 0.0F).endVertex();
                                                                                                                                                     ^
  symbol: variable alpha
C:\Users\justi\Documents\GitHub\AlexsMobs-26.2\src\main\java\com\github\alexthe666\alexsmobs\client\particle\ParticleStaticSpark.java:104: error: cannot find symbol
        portalStatic.vertex((double)avector3f[0].x(), (double)avector3f[0].y(), (double)avector3f[0].z()).color(this.rCol, this.gCol, this.bCol, this.alpha).uv(f8, f6).overlayCoords(OverlayTexture.NO_OVERLAY).uv2(j).normal(matrix3f, 0.0F, -1.0F, 0.0F).endVertex();
                    ^
  symbol:   method vertex(double,double,double)
  location: variable portalStatic of type VertexConsumer
C:\Users\justi\Documents\GitHub\AlexsMobs-26.2\src\main\java\com\github\alexthe666\alexsmobs\client\particle\ParticleStaticSpark.java:105: error: cannot find symbol
        portalStatic.vertex((double)avector3f[1].x(), (double)avector3f[1].y(), (double)avector3f[1].z()).color(this.rCol, this.gCol, this.bCol, this.alpha).uv(f8, f5).overlayCoords(OverlayTexture.NO_OVERLAY).uv2(j).normal(matrix3f, 0.0F, -1.0F, 0.0F).endVertex();
                                                                                                                    ^
  symbol: variable rCol
C:\Users\justi\Documents\GitHub\AlexsMobs-26.2\src\main\java\com\github\alexthe666\alexsmobs\client\particle\ParticleStaticSpark.java:105: error: cannot find symbol
        portalStatic.vertex((double)avector3f[1].x(), (double)avector3f[1].y(), (double)avector3f[1].z()).color(this.rCol, this.gCol, this.bCol, this.alpha).uv(f8, f5).overlayCoords(OverlayTexture.NO_OVERLAY).uv2(j).normal(matrix3f, 0.0F, -1.0F, 0.0F).endVertex();
                                                                                                                               ^
  symbol: variable gCol
C:\Users\justi\Documents\GitHub\AlexsMobs-26.2\src\main\java\com\github\alexthe666\alexsmobs\client\particle\ParticleStaticSpark.java:105: error: cannot find symbol
        portalStatic.vertex((double)avector3f[1].x(), (double)avector3f[1].y(), (double)avector3f[1].z()).color(this.rCol, this.gCol, this.bCol, this.alpha).uv(f8, f5).overlayCoords(OverlayTexture.NO_OVERLAY).uv2(j).normal(matrix3f, 0.0F, -1.0F, 0.0F).endVertex();
                                                                                                                                          ^
  symbol: variable bCol
C:\Users\justi\Documents\GitHub\AlexsMobs-26.2\src\main\java\com\github\alexthe666\alexsmobs\client\particle\ParticleStaticSpark.java:105: error: cannot find symbol
        portalStatic.vertex((double)avector3f[1].x(), (double)avector3f[1].y(), (double)avector3f[1].z()).color(this.rCol, this.gCol, this.bCol, this.alpha).uv(f8, f5).overlayCoords(OverlayTexture.NO_OVERLAY).uv2(j).normal(matrix3f, 0.0F, -1.0F, 0.0F).endVertex();
                                                                                                                                                     ^
  symbol: variable alpha
C:\Users\justi\Documents\GitHub\AlexsMobs-26.2\src\main\java\com\github\alexthe666\alexsmobs\client\particle\ParticleStaticSpark.java:105: error: cannot find symbol
        portalStatic.vertex((double)avector3f[1].x(), (double)avector3f[1].y(), (double)avector3f[1].z()).color(this.rCol, this.gCol, this.bCol, this.alpha).uv(f8, f5).overlayCoords(OverlayTexture.NO_OVERLAY).uv2(j).normal(matrix3f, 0.0F, -1.0F, 0.0F).endVertex();
                    ^
  symbol:   method vertex(double,double,double)
  location: variable portalStatic of type VertexConsumer
C:\Users\justi\Documents\GitHub\AlexsMobs-26.2\src\main\java\com\github\alexthe666\alexsmobs\client\particle\ParticleStaticSpark.java:106: error: cannot find symbol
        portalStatic.vertex((double)avector3f[2].x(), (double)avector3f[2].y(), (double)avector3f[2].z()).color(this.rCol, this.gCol, this.bCol, this.alpha).uv(f7, f5).overlayCoords(OverlayTexture.NO_OVERLAY).uv2(j).normal(matrix3f, 0.0F, -1.0F, 0.0F).endVertex();
                                                                                                                    ^
  symbol: variable rCol
C:\Users\justi\Documents\GitHub\AlexsMobs-26.2\src\main\java\com\github\alexthe666\alexsmobs\client\particle\ParticleStaticSpark.java:106: error: cannot find symbol
        portalStatic.vertex((double)avector3f[2].x(), (double)avector3f[2].y(), (double)avector3f[2].z()).color(this.rCol, this.gCol, this.bCol, this.alpha).uv(f7, f5).overlayCoords(OverlayTexture.NO_OVERLAY).uv2(j).normal(matrix3f, 0.0F, -1.0F, 0.0F).endVertex();
                                                                                                                               ^
  symbol: variable gCol
C:\Users\justi\Documents\GitHub\AlexsMobs-26.2\src\main\java\com\github\alexthe666\alexsmobs\client\particle\ParticleStaticSpark.java:106: error: cannot find symbol
        portalStatic.vertex((double)avector3f[2].x(), (double)avector3f[2].y(), (double)avector3f[2].z()).color(this.rCol, this.gCol, this.bCol, this.alpha).uv(f7, f5).overlayCoords(OverlayTexture.NO_OVERLAY).uv2(j).normal(matrix3f, 0.0F, -1.0F, 0.0F).endVertex();
                                                                                                                                          ^
  symbol: variable bCol
C:\Users\justi\Documents\GitHub\AlexsMobs-26.2\src\main\java\com\github\alexthe666\alexsmobs\client\particle\ParticleStaticSpark.java:106: error: cannot find symbol
        portalStatic.vertex((double)avector3f[2].x(), (double)avector3f[2].y(), (double)avector3f[2].z()).color(this.rCol, this.gCol, this.bCol, this.alpha).uv(f7, f5).overlayCoords(OverlayTexture.NO_OVERLAY).uv2(j).normal(matrix3f, 0.0F, -1.0F, 0.0F).endVertex();
                                                                                                                                                     ^
  symbol: variable alpha
C:\Users\justi\Documents\GitHub\AlexsMobs-26.2\src\main\java\com\github\alexthe666\alexsmobs\client\particle\ParticleStaticSpark.java:106: error: cannot find symbol
        portalStatic.vertex((double)avector3f[2].x(), (double)avector3f[2].y(), (double)avector3f[2].z()).color(this.rCol, this.gCol, this.bCol, this.alpha).uv(f7, f5).overlayCoords(OverlayTexture.NO_OVERLAY).uv2(j).normal(matrix3f, 0.0F, -1.0F, 0.0F).endVertex();
                    ^
  symbol:   method vertex(double,double,double)
  location: variable portalStatic of type VertexConsumer
C:\Users\justi\Documents\GitHub\AlexsMobs-26.2\src\main\java\com\github\alexthe666\alexsmobs\client\particle\ParticleStaticSpark.java:107: error: cannot find symbol
        portalStatic.vertex((double)avector3f[3].x(), (double)avector3f[3].y(), (double)avector3f[3].z()).color(this.rCol, this.gCol, this.bCol, this.alpha).uv(f7, f6).overlayCoords(OverlayTexture.NO_OVERLAY).uv2(j).normal(matrix3f, 0.0F, -1.0F, 0.0F).endVertex();
                                                                                                                    ^
  symbol: variable rCol
C:\Users\justi\Documents\GitHub\AlexsMobs-26.2\src\main\java\com\github\alexthe666\alexsmobs\client\particle\ParticleStaticSpark.java:107: error: cannot find symbol
        portalStatic.vertex((double)avector3f[3].x(), (double)avector3f[3].y(), (double)avector3f[3].z()).color(this.rCol, this.gCol, this.bCol, this.alpha).uv(f7, f6).overlayCoords(OverlayTexture.NO_OVERLAY).uv2(j).normal(matrix3f, 0.0F, -1.0F, 0.0F).endVertex();
                                                                                                                               ^
  symbol: variable gCol
C:\Users\justi\Documents\GitHub\AlexsMobs-26.2\src\main\java\com\github\alexthe666\alexsmobs\client\particle\ParticleStaticSpark.java:107: error: cannot find symbol
        portalStatic.vertex((double)avector3f[3].x(), (double)avector3f[3].y(), (double)avector3f[3].z()).color(this.rCol, this.gCol, this.bCol, this.alpha).uv(f7, f6).overlayCoords(OverlayTexture.NO_OVERLAY).uv2(j).normal(matrix3f, 0.0F, -1.0F, 0.0F).endVertex();
                                                                                                                                          ^
  symbol: variable bCol
C:\Users\justi\Documents\GitHub\AlexsMobs-26.2\src\main\java\com\github\alexthe666\alexsmobs\client\particle\ParticleStaticSpark.java:107: error: cannot find symbol
        portalStatic.vertex((double)avector3f[3].x(), (double)avector3f[3].y(), (double)avector3f[3].z()).color(this.rCol, this.gCol, this.bCol, this.alpha).uv(f7, f6).overlayCoords(OverlayTexture.NO_OVERLAY).uv2(j).normal(matrix3f, 0.0F, -1.0F, 0.0F).endVertex();
                                                                                                                                                     ^
  symbol: variable alpha
C:\Users\justi\Documents\GitHub\AlexsMobs-26.2\src\main\java\com\github\alexthe666\alexsmobs\client\particle\ParticleStaticSpark.java:107: error: cannot find symbol
        portalStatic.vertex((double)avector3f[3].x(), (double)avector3f[3].y(), (double)avector3f[3].z()).color(this.rCol, this.gCol, this.bCol, this.alpha).uv(f7, f6).overlayCoords(OverlayTexture.NO_OVERLAY).uv2(j).normal(matrix3f, 0.0F, -1.0F, 0.0F).endVertex();
                    ^
  symbol:   method vertex(double,double,double)
  location: variable portalStatic of type VertexConsumer
C:\Users\justi\Documents\GitHub\AlexsMobs-26.2\src\main\java\com\github\alexthe666\alexsmobs\client\particle\ParticleStaticSpark.java:111: error: method does not override or implement a method from a supertype
    @Override
    ^
C:\Users\justi\Documents\GitHub\AlexsMobs-26.2\src\main\java\com\github\alexthe666\alexsmobs\client\particle\ParticleStaticSpark.java:113: error: cannot find symbol
        return ParticleRenderType.CUSTOM;
                                 ^
  symbol:   variable CUSTOM
  location: class ParticleRenderType
C:\Users\justi\Documents\GitHub\AlexsMobs-26.2\src\main\java\com\github\alexthe666\alexsmobs\client\particle\ParticleStaticSpark.java:117: error: Factory is not abstract and does not override abstract method createParticle(SimpleParticleType,ClientLevel,double,double,double,double,double,double,RandomSource) in ParticleProvider
    public static class Factory implements ParticleProvider<SimpleParticleType> {
                  ^
C:\Users\justi\Documents\GitHub\AlexsMobs-26.2\src\main\java\com\github\alexthe666\alexsmobs\client\particle\ParticleSunbirdFeather.java:23: error: cannot find symbol
        this.pickSprite(sprites);
            ^
  symbol: method pickSprite(SpriteSet)
C:\Users\justi\Documents\GitHub\AlexsMobs-26.2\src\main\java\com\github\alexthe666\alexsmobs\client\particle\ParticleSunbirdFeather.java:50: error: cannot find symbol
        int lvt_2_1_ = super.getLightColor(p_189214_1_);
                            ^
  symbol: method getLightColor(float)
C:\Users\justi\Documents\GitHub\AlexsMobs-26.2\src\main\java\com\github\alexthe666\alexsmobs\client\particle\ParticleSunbirdFeather.java:55: error: method does not override or implement a method from a supertype
    @Override
    ^
C:\Users\justi\Documents\GitHub\AlexsMobs-26.2\src\main\java\com\github\alexthe666\alexsmobs\client\particle\ParticleSunbirdFeather.java:57: error: cannot find symbol
        return ParticleRenderType.PARTICLE_SHEET_TRANSLUCENT;
                                 ^
  symbol:   variable PARTICLE_SHEET_TRANSLUCENT
  location: class ParticleRenderType
C:\Users\justi\Documents\GitHub\AlexsMobs-26.2\src\main\java\com\github\alexthe666\alexsmobs\client\particle\ParticleSunbirdFeather.java:60: error: Factory is not abstract and does not override abstract method createParticle(SimpleParticleType,ClientLevel,double,double,double,double,double,double,RandomSource) in ParticleProvider
    public static class Factory implements ParticleProvider<SimpleParticleType> {
                  ^
C:\Users\justi\Documents\GitHub\AlexsMobs-26.2\src\main\java\com\github\alexthe666\alexsmobs\client\particle\ParticleTeethGlint.java:9: error: ParticleTeethGlint is not abstract and does not override abstract method getLayer() in SingleQuadParticle
public class ParticleTeethGlint extends SingleQuadParticle {
       ^
C:\Users\justi\Documents\GitHub\AlexsMobs-26.2\src\main\java\com\github\alexthe666\alexsmobs\client\particle\ParticleTeethGlint.java:14: error: no suitable constructor found for SingleQuadParticle(ClientLevel,double,double,double,double,double,double)
        super(p_i232444_1_, p_i232444_2_, p_i232444_4_, p_i232444_6_, p_i232444_8_, p_i232444_10_, p_i232444_12_);
        ^
    constructor SingleQuadParticle.SingleQuadParticle(ClientLevel,double,double,double,TextureAtlasSprite) is not applicable
      (actual and formal argument lists differ in length)
    constructor SingleQuadParticle.SingleQuadParticle(ClientLevel,double,double,double,double,double,double,TextureAtlasSprite) is not applicable
      (actual and formal argument lists differ in length)
C:\Users\justi\Documents\GitHub\AlexsMobs-26.2\src\main\java\com\github\alexthe666\alexsmobs\client\particle\ParticleTeethGlint.java:29: error: cannot find symbol
        int lvt_2_1_ = super.getLightColor(p_189214_1_);
                            ^
  symbol: method getLightColor(float)
C:\Users\justi\Documents\GitHub\AlexsMobs-26.2\src\main\java\com\github\alexthe666\alexsmobs\client\particle\ParticleTeethGlint.java:35: error: cannot find symbol
        return ParticleRenderType.PARTICLE_SHEET_TRANSLUCENT;
                                 ^
  symbol:   variable PARTICLE_SHEET_TRANSLUCENT
  location: class ParticleRenderType
C:\Users\justi\Documents\GitHub\AlexsMobs-26.2\src\main\java\com\github\alexthe666\alexsmobs\client\particle\ParticleTeethGlint.java:62: error: Factory is not abstract and does not override abstract method createParticle(SimpleParticleType,ClientLevel,double,double,double,double,double,double,RandomSource) in ParticleProvider
    public static class Factory implements ParticleProvider<SimpleParticleType> {
                  ^
C:\Users\justi\Documents\GitHub\AlexsMobs-26.2\src\main\java\com\github\alexthe666\alexsmobs\client\particle\ParticleTeethGlint.java:71: error: cannot find symbol
            lvt_15_1_.pickSprite(this.spriteSet);
                     ^
  symbol:   method pickSprite(SpriteSet)
  location: variable lvt_15_1_ of type ParticleTeethGlint
C:\Users\justi\Documents\GitHub\AlexsMobs-26.2\src\main\java\com\github\alexthe666\alexsmobs\client\particle\ParticleWhaleSplash.java:15: error: constructor WaterDropParticle in class WaterDropParticle cannot be applied to given types;
        super(p_i232433_1_, p_i232433_2_, p_i232433_4_, p_i232433_6_);
        ^
  required: ClientLevel,double,double,double,TextureAtlasSprite
  found:    ClientLevel,double,double,double
  reason: actual and formal argument lists differ in length
C:\Users\justi\Documents\GitHub\AlexsMobs-26.2\src\main\java\com\github\alexthe666\alexsmobs\client\particle\ParticleWhaleSplash.java:36: error: Factory is not abstract and does not override abstract method createParticle(SimpleParticleType,ClientLevel,double,double,double,double,double,double,RandomSource) in ParticleProvider
    public static class Factory implements ParticleProvider<SimpleParticleType> {
                  ^
C:\Users\justi\Documents\GitHub\AlexsMobs-26.2\src\main\java\com\github\alexthe666\alexsmobs\client\particle\ParticleWhaleSplash.java:45: error: cannot find symbol
            lvt_15_1_.pickSprite(this.spriteSet);
                     ^
  symbol:   method pickSprite(SpriteSet)
  location: variable lvt_15_1_ of type ParticleWhaleSplash
C:\Users\justi\Documents\GitHub\AlexsMobs-26.2\src\main\java\com\github\alexthe666\alexsmobs\client\particle\ParticleWormPortal.java:23: error: cannot find symbol
        int lvt_2_1_ = super.getLightColor(p_189214_1_);
                            ^
  symbol: method getLightColor(float)
C:\Users\justi\Documents\GitHub\AlexsMobs-26.2\src\main\java\com\github\alexthe666\alexsmobs\client\particle\ParticleWormPortal.java:42: error: method does not override or implement a method from a supertype
    @Override
    ^
C:\Users\justi\Documents\GitHub\AlexsMobs-26.2\src\main\java\com\github\alexthe666\alexsmobs\client\particle\ParticleWormPortal.java:44: error: cannot find symbol
        return ParticleRenderType.PARTICLE_SHEET_TRANSLUCENT;
                                 ^
  symbol:   variable PARTICLE_SHEET_TRANSLUCENT
  location: class ParticleRenderType
C:\Users\justi\Documents\GitHub\AlexsMobs-26.2\src\main\java\com\github\alexthe666\alexsmobs\client\particle\ParticleWormPortal.java:48: error: Factory is not abstract and does not override abstract method createParticle(SimpleParticleType,ClientLevel,double,double,double,double,double,double,RandomSource) in ParticleProvider
    public static class Factory implements ParticleProvider<SimpleParticleType> {
                  ^
C:\Users\justi\Documents\GitHub\AlexsMobs-26.2\src\main\java\com\github\alexthe666\alexsmobs\client\render\AMItemstackRenderer.java:135: error: cannot find symbol
        entityrenderdispatcher.overrideCameraOrientation(quaternion1);
                              ^
  symbol:   method overrideCameraOrientation(Quaternionf)
  location: variable entityrenderdispatcher of type EntityRenderDispatcher
C:\Users\justi\Documents\GitHub\AlexsMobs-26.2\src\main\java\com\github\alexthe666\alexsmobs\client\render\AMItemstackRenderer.java:136: error: cannot find symbol
        entityrenderdispatcher.setRenderShadow(false);
                              ^
  symbol:   method setRenderShadow(boolean)
  location: variable entityrenderdispatcher of type EntityRenderDispatcher
C:\Users\justi\Documents\GitHub\AlexsMobs-26.2\src\main\java\com\github\alexthe666\alexsmobs\client\render\AMItemstackRenderer.java:137: error: cannot find symbol
        OrderedSubmitNodeCollector.BufferSource OrderedSubmitNodeCollector$buffersource = Minecraft.getInstance().renderBuffers().bufferSource();
                                  ^
  symbol:   class BufferSource
  location: interface OrderedSubmitNodeCollector
C:\Users\justi\Documents\GitHub\AlexsMobs-26.2\src\main\java\com\github\alexthe666\alexsmobs\client\render\AMItemstackRenderer.java:137: error: cannot find symbol
        OrderedSubmitNodeCollector.BufferSource OrderedSubmitNodeCollector$buffersource = Minecraft.getInstance().renderBuffers().bufferSource();
                                                                                                                 ^
  symbol:   method renderBuffers()
  location: class Minecraft
C:\Users\justi\Documents\GitHub\AlexsMobs-26.2\src\main\java\com\github\alexthe666\alexsmobs\client\render\AMItemstackRenderer.java:138: error: cannot find symbol
        RenderSystem.runAsFancy(() -> {
                    ^
  symbol:   method runAsFancy(()->{ enti[...]0); })
  location: class RenderSystem
C:\Users\justi\Documents\GitHub\AlexsMobs-26.2\src\main\java\com\github\alexthe666\alexsmobs\client\render\AMItemstackRenderer.java:142: error: cannot find symbol
        entityrenderdispatcher.setRenderShadow(true);
                              ^
  symbol:   method setRenderShadow(boolean)
  location: variable entityrenderdispatcher of type EntityRenderDispatcher
C:\Users\justi\Documents\GitHub\AlexsMobs-26.2\src\main\java\com\github\alexthe666\alexsmobs\client\render\AMItemstackRenderer.java:150: error: cannot find symbol
        RenderSystem.applyModelViewMatrix();
                    ^
  symbol:   method applyModelViewMatrix()
  location: class RenderSystem
C:\Users\justi\Documents\GitHub\AlexsMobs-26.2\src\main\java\com\github\alexthe666\alexsmobs\client\render\AMItemstackRenderer.java:151: error: cannot find symbol
        Lighting.setupFor3DItems();
                ^
  symbol:   method setupFor3DItems()
  location: class Lighting
C:\Users\justi\Documents\GitHub\AlexsMobs-26.2\src\main\java\com\github\alexthe666\alexsmobs\client\render\AMItemstackRenderer.java:154: error: method does not override or implement a method from a supertype
    @Override
    ^
C:\Users\justi\Documents\GitHub\AlexsMobs-26.2\src\main\java\com\github\alexthe666\alexsmobs\client\render\AMItemstackRenderer.java:167: error: cannot find symbol
            VertexConsumer vertexconsumer = ItemRenderer.getArmorFoilBuffer(bufferIn, RenderType.armorCutoutNoCull(SHIELD_OF_THE_DEEP_TEXTURE), false, itemStackIn.hasFoil());
                                            ^
  symbol:   variable ItemRenderer
  location: class AMItemstackRenderer
C:\Users\justi\Documents\GitHub\AlexsMobs-26.2\src\main\java\com\github\alexthe666\alexsmobs\client\render\AMItemstackRenderer.java:167: error: cannot find symbol
            VertexConsumer vertexconsumer = ItemRenderer.getArmorFoilBuffer(bufferIn, RenderType.armorCutoutNoCull(SHIELD_OF_THE_DEEP_TEXTURE), false, itemStackIn.hasFoil());
                                                                                                ^
  symbol:   method armorCutoutNoCull(Identifier)
  location: class RenderType
C:\Users\justi\Documents\GitHub\AlexsMobs-26.2\src\main\java\com\github\alexthe666\alexsmobs\client\render\AMItemstackRenderer.java:176: error: cannot find symbol
            MYTERIOUS_WORM_MODEL.renderToBuffer(matrixStackIn, bufferIn.getBuffer(RenderType.entityCutout(MYTERIOUS_WORM_TEXTURE)), combinedLightIn, combinedOverlayIn, net.minecraft.util.ARGB.color((int)((1.0F) * 255F), (int)((1.0F) * 255F), (int)((1.0F) * 255F), (int)((1.0F) * 255F)));
                                                                                            ^
  symbol:   method entityCutout(Identifier)
  location: class RenderType
C:\Users\justi\Documents\GitHub\AlexsMobs-26.2\src\main\java\com\github\alexthe666\alexsmobs\client\render\AMItemstackRenderer.java:182: error: cannot find symbol
                Minecraft.getInstance().getItemRenderer().renderStatic(new ItemStack(AMItemRegistry.FALCONRY_GLOVE_HAND.get()), transformType, combinedLightIn, combinedOverlayIn, matrixStackIn, bufferIn, level, 0);
                                       ^
  symbol:   method getItemRenderer()
  location: class Minecraft
C:\Users\justi\Documents\GitHub\AlexsMobs-26.2\src\main\java\com\github\alexthe666\alexsmobs\client\render\AMItemstackRenderer.java:184: error: cannot find symbol
                Minecraft.getInstance().getItemRenderer().renderStatic(new ItemStack(AMItemRegistry.FALCONRY_GLOVE_INVENTORY.get()), transformType, transformType == ItemDisplayContext.GROUND ? combinedLightIn : 240, combinedOverlayIn, matrixStackIn, bufferIn, level, 0);
                                       ^
  symbol:   method getItemRenderer()
  location: class Minecraft
C:\Users\justi\Documents\GitHub\AlexsMobs-26.2\src\main\java\com\github\alexthe666\alexsmobs\client\render\AMItemstackRenderer.java:196: error: cannot find symbol
                Minecraft.getInstance().getItemRenderer().renderStatic(new ItemStack(AMItemRegistry.VINE_LASSO_HAND.get()), transformType, combinedLightIn, combinedOverlayIn, matrixStackIn, bufferIn, level, 0);
                                       ^
  symbol:   method getItemRenderer()
  location: class Minecraft
C:\Users\justi\Documents\GitHub\AlexsMobs-26.2\src\main\java\com\github\alexthe666\alexsmobs\client\render\AMItemstackRenderer.java:198: error: cannot find symbol
                Minecraft.getInstance().getItemRenderer().renderStatic(new ItemStack(AMItemRegistry.VINE_LASSO_INVENTORY.get()), transformType, transformType == ItemDisplayContext.GROUND ? combinedLightIn : 240, combinedOverlayIn, matrixStackIn, bufferIn, level, 0);
                                       ^
  symbol:   method getItemRenderer()
  location: class Minecraft
C:\Users\justi\Documents\GitHub\AlexsMobs-26.2\src\main\java\com\github\alexthe666\alexsmobs\client\render\AMItemstackRenderer.java:205: error: cannot find symbol
            spriteItem.setTag(itemStackIn.getTag());
                                         ^
  symbol:   method getTag()
  location: variable itemStackIn of type ItemStack
C:\Users\justi\Documents\GitHub\AlexsMobs-26.2\src\main\java\com\github\alexthe666\alexsmobs\client\render\AMItemstackRenderer.java:206: error: cannot find symbol
            handItem.setTag(itemStackIn.getTag());
                                       ^
  symbol:   method getTag()
  location: variable itemStackIn of type ItemStack
C:\Users\justi\Documents\GitHub\AlexsMobs-26.2\src\main\java\com\github\alexthe666\alexsmobs\client\render\AMItemstackRenderer.java:208: error: cannot find symbol
                Minecraft.getInstance().getItemRenderer().renderStatic(handItem, transformType, combinedLightIn, combinedOverlayIn, matrixStackIn, bufferIn, level, 0);
                                       ^
  symbol:   method getItemRenderer()
  location: class Minecraft
C:\Users\justi\Documents\GitHub\AlexsMobs-26.2\src\main\java\com\github\alexthe666\alexsmobs\client\render\AMItemstackRenderer.java:210: error: cannot find symbol
                Minecraft.getInstance().getItemRenderer().renderStatic(spriteItem, transformType, transformType == ItemDisplayContext.GROUND ? combinedLightIn : 240, combinedOverlayIn, matrixStackIn, bufferIn, level, 0);
                                       ^
  symbol:   method getItemRenderer()
  location: class Minecraft
C:\Users\justi\Documents\GitHub\AlexsMobs-26.2\src\main\java\com\github\alexthe666\alexsmobs\client\render\AMItemstackRenderer.java:218: error: cannot find symbol
            TRANSMUTATION_TABLE_MODEL.renderToBuffer(matrixStackIn, bufferIn.getBuffer(RenderType.entityCutout(TRANSMUTATION_TABLE_TEXTURE)), combinedLightIn, combinedOverlayIn, net.minecraft.util.ARGB.color((int)((1.0F) * 255F), (int)((1.0F) * 255F), (int)((1.0F) * 255F), (int)((1.0F) * 255F)));
                                                                                                 ^
  symbol:   method entityCutout(Identifier)
  location: class RenderType
C:\Users\justi\Documents\GitHub\AlexsMobs-26.2\src\main\java\com\github\alexthe666\alexsmobs\client\render\AMItemstackRenderer.java:219: error: cannot find symbol
            TRANSMUTATION_TABLE_MODEL.renderToBuffer(matrixStackIn, bufferIn.getBuffer(RenderType.entityTranslucentEmissive(TRANSMUTATION_TABLE_GLOW_TEXTURE)), combinedLightIn, combinedOverlayIn, net.minecraft.util.ARGB.color((int)((1.0F) * 255F), (int)((1.0F) * 255F), (int)((1.0F) * 255F), (int)((1.0F) * 255F)));
                                                                                                 ^
  symbol:   method entityTranslucentEmissive(Identifier)
  location: class RenderType
C:\Users\justi\Documents\GitHub\AlexsMobs-26.2\src\main\java\com\github\alexthe666\alexsmobs\client\render\AMItemstackRenderer.java:221: error: cannot find symbol
            VertexConsumer staticyOverlay = bufferIn.getBuffer(RenderType.eyes(TRANSMUTATION_TABLE_OVERLAY));
                                                                         ^
  symbol:   method eyes(Identifier)
  location: class RenderType
C:\Users\justi\Documents\GitHub\AlexsMobs-26.2\src\main\java\com\github\alexthe666\alexsmobs\client\render\AMItemstackRenderer.java:240: error: cannot find symbol
                Minecraft.getInstance().getItemRenderer().renderStatic(shard, transformType, transformType == ItemDisplayContext.GROUND ? combinedLightIn : 240, combinedOverlayIn, matrixStackIn, bufferIn, level, 0);
                                       ^
  symbol:   method getItemRenderer()
  location: class Minecraft
C:\Users\justi\Documents\GitHub\AlexsMobs-26.2\src\main\java\com\github\alexthe666\alexsmobs\client\render\AMItemstackRenderer.java:250: error: cannot find symbol
                Minecraft.getInstance().getItemRenderer().renderStatic(hand, transformType, combinedLightIn, combinedOverlayIn, matrixStackIn, bufferIn, level, 0);
                                       ^
  symbol:   method getItemRenderer()
  location: class Minecraft
C:\Users\justi\Documents\GitHub\AlexsMobs-26.2\src\main\java\com\github\alexthe666\alexsmobs\client\render\AMItemstackRenderer.java:252: error: cannot find symbol
                Minecraft.getInstance().getItemRenderer().renderStatic(inventory, transformType, transformType == ItemDisplayContext.GROUND ? combinedLightIn : 240, combinedOverlayIn, matrixStackIn, bufferIn, level, 0);
                                       ^
  symbol:   method getItemRenderer()
  location: class Minecraft
C:\Users\justi\Documents\GitHub\AlexsMobs-26.2\src\main\java\com\github\alexthe666\alexsmobs\client\render\AMItemstackRenderer.java:291: error: cannot find symbol
                    flags = itemStackIn.getTag().getIntOr("DisplayMobFlags", 0);
                                       ^
  symbol:   method getTag()
  location: variable itemStackIn of type ItemStack
C:\Users\justi\Documents\GitHub\AlexsMobs-26.2\src\main\java\com\github\alexthe666\alexsmobs\client\render\AMItemstackRenderer.java:293: error: cannot find symbol
                    EntityType local = ItemTabIcon.getEntityType(itemStackIn.getTag());
                                                                            ^
  symbol:   method getTag()
  location: variable itemStackIn of type ItemStack
C:\Users\justi\Documents\GitHub\AlexsMobs-26.2\src\main\java\com\github\alexthe666\alexsmobs\client\render\AMItemstackRenderer.java:295: error: cannot find symbol
                    if (itemStackIn.getTag().getFloatOr("DisplayMobScale", 0.0F) > 0) {
                                   ^
  symbol:   method getTag()
  location: variable itemStackIn of type ItemStack
C:\Users\justi\Documents\GitHub\AlexsMobs-26.2\src\main\java\com\github\alexthe666\alexsmobs\client\render\AMItemstackRenderer.java:296: error: cannot find symbol
                        scale = itemStackIn.getTag().getFloatOr("DisplayMobScale", 0.0F);
                                           ^
  symbol:   method getTag()
  location: variable itemStackIn of type ItemStack
C:\Users\justi\Documents\GitHub\AlexsMobs-26.2\src\main\java\com\github\alexthe666\alexsmobs\client\render\AMItemstackRenderer.java:300: error: no suitable method found for create(Level)
                            Entity entity = local.create(level);
                                                 ^
    method EntityType.create(ServerLevel,PostSpawnProcessor,BlockPos,EntitySpawnReason,boolean,boolean) is not applicable
      (actual and formal argument lists differ in length)
    method EntityType.create(Level,EntitySpawnReason) is not applicable
      (actual and formal argument lists differ in length)
    method EntityType.create(Level,EntitySpawnRequest) is not applicable
      (actual and formal argument lists differ in length)
    method EntityType.create(ValueInput,Level,EntitySpawnRequest) is not applicable
      (actual and formal argument lists differ in length)
    method EntityType.create(EntityType<?>,ValueInput,Level,EntitySpawnReason) is not applicable
      (actual and formal argument lists differ in length)
C:\Users\justi\Documents\GitHub\AlexsMobs-26.2\src\main\java\com\github\alexthe666\alexsmobs\client\render\AMItemstackRenderer.java:319: error: cannot find symbol
                                Entity entity = type.create(level, EntitySpawnReason.MOB_SUMMONED);
                                                                   ^
  symbol:   variable EntitySpawnReason
  location: class AMItemstackRenderer
C:\Users\justi\Documents\GitHub\AlexsMobs-26.2\src\main\java\com\github\alexthe666\alexsmobs\client\render\AMRenderTypes.java:16: error: cannot find symbol
    public static final RenderType STATIC_PORTAL = RenderType.entityTranslucent(STATIC_TEXTURE);
                                                             ^
  symbol:   method entityTranslucent(Identifier)
  location: class RenderType
C:\Users\justi\Documents\GitHub\AlexsMobs-26.2\src\main\java\com\github\alexthe666\alexsmobs\client\render\AMRenderTypes.java:19: error: cannot find symbol
        return RenderType.entityTranslucent(texture);
                         ^
  symbol:   method entityTranslucent(Identifier)
  location: class RenderType
C:\Users\justi\Documents\GitHub\AlexsMobs-26.2\src\main\java\com\github\alexthe666\alexsmobs\client\render\AMRenderTypes.java:23: error: cannot find symbol
        return RenderType.entityEyes(location);
                         ^
  symbol:   method entityEyes(Identifier)
  location: class RenderType
C:\Users\justi\Documents\GitHub\AlexsMobs-26.2\src\main\java\com\github\alexthe666\alexsmobs\client\render\AMRenderTypes.java:27: error: cannot find symbol
        return RenderType.entityCutout(location);
                         ^
  symbol:   method entityCutout(Identifier)
  location: class RenderType
C:\Users\justi\Documents\GitHub\AlexsMobs-26.2\src\main\java\com\github\alexthe666\alexsmobs\client\render\AMRenderTypes.java:31: error: cannot find symbol
        return RenderType.entityCutout(location);
                         ^
  symbol:   method entityCutout(Identifier)
  location: class RenderType
C:\Users\justi\Documents\GitHub\AlexsMobs-26.2\src\main\java\com\github\alexthe666\alexsmobs\client\render\AMRenderTypes.java:35: error: cannot find symbol
        return RenderType.entityCutout(location);
                         ^
  symbol:   method entityCutout(Identifier)
  location: class RenderType
C:\Users\justi\Documents\GitHub\AlexsMobs-26.2\src\main\java\com\github\alexthe666\alexsmobs\client\render\AMRenderTypes.java:39: error: cannot find symbol
        return RenderType.entityEyes(location);
                         ^
  symbol:   method entityEyes(Identifier)
  location: class RenderType
C:\Users\justi\Documents\GitHub\AlexsMobs-26.2\src\main\java\com\github\alexthe666\alexsmobs\client\render\AMRenderTypes.java:43: error: cannot find symbol
        return RenderType.entityTranslucent(location);
                         ^
  symbol:   method entityTranslucent(Identifier)
  location: class RenderType
C:\Users\justi\Documents\GitHub\AlexsMobs-26.2\src\main\java\com\github\alexthe666\alexsmobs\client\render\AMRenderTypes.java:47: error: cannot find symbol
        return RenderType.entityTranslucent(location);
                         ^
  symbol:   method entityTranslucent(Identifier)
  location: class RenderType
C:\Users\justi\Documents\GitHub\AlexsMobs-26.2\src\main\java\com\github\alexthe666\alexsmobs\client\render\AMRenderTypes.java:51: error: cannot find symbol
        return RenderType.entityEyes(location);
                         ^
  symbol:   method entityEyes(Identifier)
  location: class RenderType
C:\Users\justi\Documents\GitHub\AlexsMobs-26.2\src\main\java\com\github\alexthe666\alexsmobs\client\render\AMRenderTypes.java:55: error: cannot find symbol
        return RenderType.entityEyes(location);
                         ^
  symbol:   method entityEyes(Identifier)
  location: class RenderType
C:\Users\justi\Documents\GitHub\AlexsMobs-26.2\src\main\java\com\github\alexthe666\alexsmobs\client\render\AMRenderTypes.java:59: error: cannot find symbol
        return RenderType.entityTranslucent(Identifier.parse("alexsmobs:textures/entity/sunbird_shine.png"));
                         ^
  symbol:   method entityTranslucent(Identifier)
  location: class RenderType
C:\Users\justi\Documents\GitHub\AlexsMobs-26.2\src\main\java\com\github\alexthe666\alexsmobs\client\render\AMRenderTypes.java:63: error: cannot find symbol
        return RenderType.entityTranslucent(Identifier.parse("alexsmobs:textures/particle/skulk_boom.png"));
                         ^
  symbol:   method entityTranslucent(Identifier)
  location: class RenderType
C:\Users\justi\Documents\GitHub\AlexsMobs-26.2\src\main\java\com\github\alexthe666\alexsmobs\client\render\AMRenderTypes.java:67: error: cannot find symbol
        return RenderType.entityTranslucent(location);
                         ^
  symbol:   method entityTranslucent(Identifier)
  location: class RenderType
C:\Users\justi\Documents\GitHub\AlexsMobs-26.2\src\main\java\com\github\alexthe666\alexsmobs\client\render\AMRenderTypes.java:71: error: cannot find symbol
        return RenderType.entityTranslucent(location);
                         ^
  symbol:   method entityTranslucent(Identifier)
  location: class RenderType
C:\Users\justi\Documents\GitHub\AlexsMobs-26.2\src\main\java\com\github\alexthe666\alexsmobs\client\render\AMRenderTypes.java:75: error: cannot find symbol
        return RenderType.entityTranslucent(location);
                         ^
  symbol:   method entityTranslucent(Identifier)
  location: class RenderType
C:\Users\justi\Documents\GitHub\AlexsMobs-26.2\src\main\java\com\github\alexthe666\alexsmobs\client\render\AMRenderTypes.java:79: error: cannot find symbol
        return RenderType.entityTranslucent(location);
                         ^
  symbol:   method entityTranslucent(Identifier)
  location: class RenderType
C:\Users\justi\Documents\GitHub\AlexsMobs-26.2\src\main\java\com\github\alexthe666\alexsmobs\client\render\AMRenderTypes.java:83: error: cannot find symbol
        return RenderType.entityCutout(location);
                         ^
  symbol:   method entityCutout(Identifier)
  location: class RenderType
C:\Users\justi\Documents\GitHub\AlexsMobs-26.2\src\main\java\com\github\alexthe666\alexsmobs\client\render\AMRenderTypes.java:87: error: cannot find symbol
        return RenderType.entityCutout(location);
                         ^
  symbol:   method entityCutout(Identifier)
  location: class RenderType
C:\Users\justi\Documents\GitHub\AlexsMobs-26.2\src\main\java\com\github\alexthe666\alexsmobs\client\render\AMRenderTypes.java:91: error: cannot find symbol
        return RenderType.entityTranslucent(location);
                         ^
  symbol:   method entityTranslucent(Identifier)
  location: class RenderType
C:\Users\justi\Documents\GitHub\AlexsMobs-26.2\src\main\java\com\github\alexthe666\alexsmobs\client\render\item\CustomArmorRenderProperties.java:48: error: method does not override or implement a method from a supertype
    @Override
    ^
C:\Users\justi\Documents\GitHub\AlexsMobs-26.2\src\main\java\com\github\alexthe666\alexsmobs\client\render\item\GhostlyPickaxeBakedModel.java:33: error: cannot find symbol
        int[] vertexData = quad.getVertices().clone();
                               ^
  symbol:   method getVertices()
  location: variable quad of type BakedQuad
C:\Users\justi\Documents\GitHub\AlexsMobs-26.2\src\main\java\com\github\alexthe666\alexsmobs\client\render\item\GhostlyPickaxeBakedModel.java:39: error: cannot find symbol
        return new BakedQuad(vertexData, quad.getTintIndex(), quad.getDirection(), quad.getSprite(), quad.isShade());
                                             ^
  symbol:   method getTintIndex()
  location: variable quad of type BakedQuad
C:\Users\justi\Documents\GitHub\AlexsMobs-26.2\src\main\java\com\github\alexthe666\alexsmobs\client\render\item\GhostlyPickaxeBakedModel.java:39: error: cannot find symbol
        return new BakedQuad(vertexData, quad.getTintIndex(), quad.getDirection(), quad.getSprite(), quad.isShade());
                                                                  ^
  symbol:   method getDirection()
  location: variable quad of type BakedQuad
C:\Users\justi\Documents\GitHub\AlexsMobs-26.2\src\main\java\com\github\alexthe666\alexsmobs\client\render\item\GhostlyPickaxeBakedModel.java:39: error: cannot find symbol
        return new BakedQuad(vertexData, quad.getTintIndex(), quad.getDirection(), quad.getSprite(), quad.isShade());
                                                                                       ^
  symbol:   method getSprite()
  location: variable quad of type BakedQuad
C:\Users\justi\Documents\GitHub\AlexsMobs-26.2\src\main\java\com\github\alexthe666\alexsmobs\client\render\item\GhostlyPickaxeBakedModel.java:39: error: cannot find symbol
        return new BakedQuad(vertexData, quad.getTintIndex(), quad.getDirection(), quad.getSprite(), quad.isShade());
                                                                                                         ^
  symbol:   method isShade()
  location: variable quad of type BakedQuad
C:\Users\justi\Documents\GitHub\AlexsMobs-26.2\src\main\java\com\github\alexthe666\alexsmobs\client\render\LavaVisionFluidRenderer.java:21: error: constructor FluidRenderer in class FluidRenderer cannot be applied to given types;
public class LavaVisionFluidRenderer extends FluidRenderer {
       ^
  required: FluidStateModelSet
  found:    no arguments
  reason: actual and formal argument lists differ in length
C:\Users\justi\Documents\GitHub\AlexsMobs-26.2\src\main\java\com\github\alexthe666\alexsmobs\client\render\LavaVisionFluidRenderer.java:33: error: method getOcclusionShape in class BlockStateBase cannot be applied to given types;
            VoxelShape voxelshape1 = p_239284_4_.getOcclusionShape(p_239284_0_, p_239284_3_);
                                                ^
  required: no arguments
  found:    BlockGetter,BlockPos
  reason: actual and formal argument lists differ in length
C:\Users\justi\Documents\GitHub\AlexsMobs-26.2\src\main\java\com\github\alexthe666\alexsmobs\client\render\LavaVisionFluidRenderer.java:34: error: cannot find symbol
            return Shapes.blockOccudes(voxelshape, voxelshape1, p_239284_1_);
                         ^
  symbol:   method blockOccudes(VoxelShape,VoxelShape,Direction)
  location: class Shapes
C:\Users\justi\Documents\GitHub\AlexsMobs-26.2\src\main\java\com\github\alexthe666\alexsmobs\client\render\LavaVisionFluidRenderer.java:46: error: method does not override or implement a method from a supertype
    @Override
    ^
C:\Users\justi\Documents\GitHub\AlexsMobs-26.2\src\main\java\com\github\alexthe666\alexsmobs\client\render\LavaVisionFluidRenderer.java:50: error: cannot find symbol
                TextureAtlasSprite[] atextureatlassprite = net.neoforged.neoforge.client.ClientHooks.getFluidSprites(lightReaderIn, posIn, fluidStateIn);
                                                                                                    ^
  symbol:   method getFluidSprites(BlockAndTintGetter,BlockPos,FluidState)
  location: class ClientHooks
C:\Users\justi\Documents\GitHub\AlexsMobs-26.2\src\main\java\com\github\alexthe666\alexsmobs\client\render\LavaVisionFluidRenderer.java:51: error: cannot find symbol
                final int i = net.neoforged.neoforge.client.extensions.common.IClientFluidTypeExtensions.of(fluidStateIn).getTintColor(fluidStateIn, lightReaderIn, posIn);
                                                                                                                         ^
  symbol:   method getTintColor(FluidState,BlockAndTintGetter,BlockPos)
  location: interface IClientFluidTypeExtensions
C:\Users\justi\Documents\GitHub\AlexsMobs-26.2\src\main\java\com\github\alexthe666\alexsmobs\client\render\LavaVisionFluidRenderer.java:69: error: no suitable method found for shouldRenderFace(BlockAndTintGetter,BlockPos,FluidState,BlockState,Direction,FluidState)
                boolean flag2 = shouldRenderFace(lightReaderIn, posIn, fluidStateIn, blockstateIn, Direction.DOWN, fluidstate) && !isFaceOccludedByNeighborVanilla(lightReaderIn, posIn, Direction.DOWN, 0.8888889F, blockstate);
                                ^
    method FluidRenderer.shouldRenderFace(FluidState,BlockState,Direction,FluidState) is not applicable
      (actual and formal argument lists differ in length)
    method FluidRenderer.shouldRenderFace(FluidState,BlockState,Direction,BlockState) is not applicable
      (actual and formal argument lists differ in length)
C:\Users\justi\Documents\GitHub\AlexsMobs-26.2\src\main\java\com\github\alexthe666\alexsmobs\client\render\LavaVisionFluidRenderer.java:70: error: no suitable method found for shouldRenderFace(BlockAndTintGetter,BlockPos,FluidState,BlockState,Direction,FluidState)
                boolean flag3 = shouldRenderFace(lightReaderIn, posIn, fluidStateIn, blockstateIn, Direction.NORTH, fluidstate2);
                                ^
    method FluidRenderer.shouldRenderFace(FluidState,BlockState,Direction,FluidState) is not applicable
      (actual and formal argument lists differ in length)
    method FluidRenderer.shouldRenderFace(FluidState,BlockState,Direction,BlockState) is not applicable
      (actual and formal argument lists differ in length)
C:\Users\justi\Documents\GitHub\AlexsMobs-26.2\src\main\java\com\github\alexthe666\alexsmobs\client\render\LavaVisionFluidRenderer.java:71: error: no suitable method found for shouldRenderFace(BlockAndTintGetter,BlockPos,FluidState,BlockState,Direction,FluidState)
                boolean flag4 = shouldRenderFace(lightReaderIn, posIn, fluidStateIn, blockstateIn, Direction.SOUTH, fluidstate3);
                                ^
    method FluidRenderer.shouldRenderFace(FluidState,BlockState,Direction,FluidState) is not applicable
      (actual and formal argument lists differ in length)
    method FluidRenderer.shouldRenderFace(FluidState,BlockState,Direction,BlockState) is not applicable
      (actual and formal argument lists differ in length)
C:\Users\justi\Documents\GitHub\AlexsMobs-26.2\src\main\java\com\github\alexthe666\alexsmobs\client\render\LavaVisionFluidRenderer.java:72: error: no suitable method found for shouldRenderFace(BlockAndTintGetter,BlockPos,FluidState,BlockState,Direction,FluidState)
                boolean flag5 = shouldRenderFace(lightReaderIn, posIn, fluidStateIn, blockstateIn, Direction.WEST, fluidstate4);
                                ^
    method FluidRenderer.shouldRenderFace(FluidState,BlockState,Direction,FluidState) is not applicable
      (actual and formal argument lists differ in length)
    method FluidRenderer.shouldRenderFace(FluidState,BlockState,Direction,BlockState) is not applicable
      (actual and formal argument lists differ in length)
C:\Users\justi\Documents\GitHub\AlexsMobs-26.2\src\main\java\com\github\alexthe666\alexsmobs\client\render\LavaVisionFluidRenderer.java:73: error: no suitable method found for shouldRenderFace(BlockAndTintGetter,BlockPos,FluidState,BlockState,Direction,FluidState)
                boolean flag6 = shouldRenderFace(lightReaderIn, posIn, fluidStateIn, blockstateIn, Direction.EAST, fluidstate5);
                                ^
    method FluidRenderer.shouldRenderFace(FluidState,BlockState,Direction,FluidState) is not applicable
      (actual and formal argument lists differ in length)
    method FluidRenderer.shouldRenderFace(FluidState,BlockState,Direction,BlockState) is not applicable
      (actual and formal argument lists differ in length)
C:\Users\justi\Documents\GitHub\AlexsMobs-26.2\src\main\java\com\github\alexthe666\alexsmobs\client\render\LavaVisionFluidRenderer.java:77: error: cannot find symbol
                    float f3 = lightReaderIn.getShade(Direction.DOWN, true);
                                            ^
  symbol:   method getShade(Direction,boolean)
  location: variable lightReaderIn of type BlockAndTintGetter
C:\Users\justi\Documents\GitHub\AlexsMobs-26.2\src\main\java\com\github\alexthe666\alexsmobs\client\render\LavaVisionFluidRenderer.java:78: error: cannot find symbol
                    float f4 = lightReaderIn.getShade(Direction.UP, true);
                                            ^
  symbol:   method getShade(Direction,boolean)
  location: variable lightReaderIn of type BlockAndTintGetter
C:\Users\justi\Documents\GitHub\AlexsMobs-26.2\src\main\java\com\github\alexthe666\alexsmobs\client\render\LavaVisionFluidRenderer.java:79: error: cannot find symbol
                    float f5 = lightReaderIn.getShade(Direction.NORTH, true);
                                            ^
  symbol:   method getShade(Direction,boolean)
  location: variable lightReaderIn of type BlockAndTintGetter
C:\Users\justi\Documents\GitHub\AlexsMobs-26.2\src\main\java\com\github\alexthe666\alexsmobs\client\render\LavaVisionFluidRenderer.java:80: error: cannot find symbol
                    float f6 = lightReaderIn.getShade(Direction.WEST, true);
                                            ^
  symbol:   method getShade(Direction,boolean)
  location: variable lightReaderIn of type BlockAndTintGetter
C:\Users\justi\Documents\GitHub\AlexsMobs-26.2\src\main\java\com\github\alexthe666\alexsmobs\client\render\LavaVisionFluidRenderer.java:123: error: incompatible types: possible lossy conversion from double to float
                            f18 = textureatlassprite1.getU(0.0D);
                                                           ^
C:\Users\justi\Documents\GitHub\AlexsMobs-26.2\src\main\java\com\github\alexthe666\alexsmobs\client\render\LavaVisionFluidRenderer.java:124: error: incompatible types: possible lossy conversion from double to float
                            f22 = textureatlassprite1.getV(0.0D);
                                                           ^
C:\Users\justi\Documents\GitHub\AlexsMobs-26.2\src\main\java\com\github\alexthe666\alexsmobs\client\render\LavaVisionFluidRenderer.java:126: error: incompatible types: possible lossy conversion from double to float
                            f23 = textureatlassprite1.getV(16.0D);
                                                           ^
C:\Users\justi\Documents\GitHub\AlexsMobs-26.2\src\main\java\com\github\alexthe666\alexsmobs\client\render\LavaVisionFluidRenderer.java:127: error: incompatible types: possible lossy conversion from double to float
                            f20 = textureatlassprite1.getU(16.0D);
                                                           ^
C:\Users\justi\Documents\GitHub\AlexsMobs-26.2\src\main\java\com\github\alexthe666\alexsmobs\client\render\LavaVisionFluidRenderer.java:136: error: incompatible types: possible lossy conversion from double to float
                            f18 = textureatlassprite.getU((double)(8.0F + (-f28 - f27) * 16.0F));
                                                          ^
C:\Users\justi\Documents\GitHub\AlexsMobs-26.2\src\main\java\com\github\alexthe666\alexsmobs\client\render\LavaVisionFluidRenderer.java:137: error: incompatible types: possible lossy conversion from double to float
                            f22 = textureatlassprite.getV((double)(8.0F + (-f28 + f27) * 16.0F));
                                                          ^
C:\Users\justi\Documents\GitHub\AlexsMobs-26.2\src\main\java\com\github\alexthe666\alexsmobs\client\render\LavaVisionFluidRenderer.java:138: error: incompatible types: possible lossy conversion from double to float
                            f19 = textureatlassprite.getU((double)(8.0F + (-f28 + f27) * 16.0F));
                                                          ^
C:\Users\justi\Documents\GitHub\AlexsMobs-26.2\src\main\java\com\github\alexthe666\alexsmobs\client\render\LavaVisionFluidRenderer.java:139: error: incompatible types: possible lossy conversion from double to float
                            f23 = textureatlassprite.getV((double)(8.0F + (f28 + f27) * 16.0F));
                                                          ^
C:\Users\justi\Documents\GitHub\AlexsMobs-26.2\src\main\java\com\github\alexthe666\alexsmobs\client\render\LavaVisionFluidRenderer.java:140: error: incompatible types: possible lossy conversion from double to float
                            f20 = textureatlassprite.getU((double)(8.0F + (f28 + f27) * 16.0F));
                                                          ^
C:\Users\justi\Documents\GitHub\AlexsMobs-26.2\src\main\java\com\github\alexthe666\alexsmobs\client\render\LavaVisionFluidRenderer.java:141: error: incompatible types: possible lossy conversion from double to float
                            f24 = textureatlassprite.getV((double)(8.0F + (f28 - f27) * 16.0F));
                                                          ^
C:\Users\justi\Documents\GitHub\AlexsMobs-26.2\src\main\java\com\github\alexthe666\alexsmobs\client\render\LavaVisionFluidRenderer.java:142: error: incompatible types: possible lossy conversion from double to float
                            f21 = textureatlassprite.getU((double)(8.0F + (f28 - f27) * 16.0F));
                                                          ^
C:\Users\justi\Documents\GitHub\AlexsMobs-26.2\src\main\java\com\github\alexthe666\alexsmobs\client\render\LavaVisionFluidRenderer.java:143: error: incompatible types: possible lossy conversion from double to float
                            f25 = textureatlassprite.getV((double)(8.0F + (-f28 - f27) * 16.0F));
                                                          ^
C:\Users\justi\Documents\GitHub\AlexsMobs-26.2\src\main\java\com\github\alexthe666\alexsmobs\client\render\LavaVisionFluidRenderer.java:250: error: incompatible types: possible lossy conversion from double to float
                            float f54 = textureatlassprite2.getU(0.0D);
                                                                 ^
C:\Users\justi\Documents\GitHub\AlexsMobs-26.2\src\main\java\com\github\alexthe666\alexsmobs\client\render\LavaVisionFluidRenderer.java:251: error: incompatible types: possible lossy conversion from double to float
                            float f55 = textureatlassprite2.getU(8.0D);
                                                                 ^
C:\Users\justi\Documents\GitHub\AlexsMobs-26.2\src\main\java\com\github\alexthe666\alexsmobs\client\render\LavaVisionFluidRenderer.java:252: error: incompatible types: possible lossy conversion from double to float
                            float f33 = textureatlassprite2.getV((double)((1.0F - f44) * 16.0F * 0.5F));
                                                                 ^
C:\Users\justi\Documents\GitHub\AlexsMobs-26.2\src\main\java\com\github\alexthe666\alexsmobs\client\render\LavaVisionFluidRenderer.java:253: error: incompatible types: possible lossy conversion from double to float
                            float f34 = textureatlassprite2.getV((double)((1.0F - f45) * 16.0F * 0.5F));
                                                                 ^
C:\Users\justi\Documents\GitHub\AlexsMobs-26.2\src\main\java\com\github\alexthe666\alexsmobs\client\render\LavaVisionFluidRenderer.java:254: error: incompatible types: possible lossy conversion from double to float
                            float f35 = textureatlassprite2.getV(8.0D);
                                                                 ^
C:\Users\justi\Documents\GitHub\AlexsMobs-26.2\src\main\java\com\github\alexthe666\alexsmobs\client\render\LavaVisionFluidRenderer.java:276: error: incompatible types: VertexConsumer cannot be converted to Output
                 super.tesselate(lightReaderIn, posIn, vertexBuilderIn, blockstateIn, fluidStateIn);
                                                       ^
C:\Users\justi\Documents\GitHub\AlexsMobs-26.2\src\main\java\com\github\alexthe666\alexsmobs\client\render\LavaVisionFluidRenderer.java:283: error: cannot find symbol
        vertexBuilderIn.vertex(x, y, z).color(red, green, blue, alpha).uv(u, v).uv2(packedLight).normal(0.0F, 1.0F, 0.0F).endVertex();
                       ^
  symbol:   method vertex(double,double,double)
  location: variable vertexBuilderIn of type VertexConsumer
C:\Users\justi\Documents\GitHub\AlexsMobs-26.2\src\main\java\com\github\alexthe666\alexsmobs\client\render\LavaVisionFluidRenderer.java:287: error: cannot find symbol
        int i = LevelRenderer.getLightColor(lightReaderIn, posIn);
                             ^
  symbol:   method getLightColor(BlockAndTintGetter,BlockPos)
  location: class LevelRenderer
C:\Users\justi\Documents\GitHub\AlexsMobs-26.2\src\main\java\com\github\alexthe666\alexsmobs\client\render\LavaVisionFluidRenderer.java:288: error: cannot find symbol
        int j = LevelRenderer.getLightColor(lightReaderIn, posIn.above());
                             ^
  symbol:   method getLightColor(BlockAndTintGetter,BlockPos)
  location: class LevelRenderer
C:\Users\justi\Documents\GitHub\AlexsMobs-26.2\src\main\java\com\github\alexthe666\alexsmobs\client\render\LavaVisionFluidRenderer.java:331: error: method getOcclusionShape in class BlockStateBase cannot be applied to given types;
            VoxelShape voxelshape1 = p_110983_.getOcclusionShape(p_110979_, p_110982_);
                                              ^
  required: no arguments
  found:    BlockGetter,BlockPos
  reason: actual and formal argument lists differ in length
C:\Users\justi\Documents\GitHub\AlexsMobs-26.2\src\main\java\com\github\alexthe666\alexsmobs\client\render\LavaVisionFluidRenderer.java:332: error: cannot find symbol
            return Shapes.blockOccudes(voxelshape, voxelshape1, p_110980_);
                         ^
  symbol:   method blockOccudes(VoxelShape,VoxelShape,Direction)
  location: class Shapes
C:\Users\justi\Documents\GitHub\AlexsMobs-26.2\src\main\java\com\github\alexthe666\alexsmobs\client\render\layer\LayerAnteaterBaby.java:21: error: type argument EntityAnteater is not within bounds of type-variable S
public class LayerAnteaterBaby extends RenderLayer<EntityAnteater, ModelAnteater> {
                                                   ^
  where S is a type-variable:
    S extends EntityRenderState declared in class RenderLayer
C:\Users\justi\Documents\GitHub\AlexsMobs-26.2\src\main\java\com\github\alexthe666\alexsmobs\client\render\layer\LayerAnteaterBaby.java:21: error: LayerAnteaterBaby is not abstract and does not override abstract method submit(PoseStack,SubmitNodeCollector,int,EntityAnteater,float,float) in RenderLayer
public class LayerAnteaterBaby extends RenderLayer<EntityAnteater, ModelAnteater> {
       ^
C:\Users\justi\Documents\GitHub\AlexsMobs-26.2\src\main\java\com\github\alexthe666\alexsmobs\client\render\layer\LayerAnteaterBaby.java:24: error: incompatible types: RenderAnteater cannot be converted to RenderLayerParent<EntityAnteater,ModelAnteater>
        super(render);
              ^
C:\Users\justi\Documents\GitHub\AlexsMobs-26.2\src\main\java\com\github\alexthe666\alexsmobs\client\render\layer\LayerAnteaterBaby.java:54: error: wrong number of type arguments; required 2
        EntityRenderer<? super E> render = null;
                      ^
C:\Users\justi\Documents\GitHub\AlexsMobs-26.2\src\main\java\com\github\alexthe666\alexsmobs\client\render\RenderAnteater.java:16: error: type argument ModelAnteater is not within bounds of type-variable M
public class RenderAnteater extends MobRenderer<EntityAnteater, LivingEntityRenderState, ModelAnteater> {
                                                                                         ^
  where M,S are type-variables:
    M extends EntityModel<? super S> declared in class MobRenderer
    S extends LivingEntityRenderState declared in class MobRenderer
C:\Users\justi\Documents\GitHub\AlexsMobs-26.2\src\main\java\com\github\alexthe666\alexsmobs\client\render\RenderAnteater.java:16: error: RenderAnteater is not abstract and does not override abstract method getTextureLocation(LivingEntityRenderState) in LivingEntityRenderer
public class RenderAnteater extends MobRenderer<EntityAnteater, LivingEntityRenderState, ModelAnteater> {
       ^
C:\Users\justi\Documents\GitHub\AlexsMobs-26.2\src\main\java\com\github\alexthe666\alexsmobs\client\render\RenderAnteater.java:22: error: incompatible types: LayerAnteaterTongueItem cannot be converted to RenderLayer<LivingEntityRenderState,ModelAnteater>
        this.addLayer(new LayerAnteaterTongueItem(this));
                      ^
C:\Users\justi\Documents\GitHub\AlexsMobs-26.2\src\main\java\com\github\alexthe666\alexsmobs\client\render\RenderAnteater.java:23: error: incompatible types: LayerAnteaterBaby cannot be converted to RenderLayer<LivingEntityRenderState,ModelAnteater>
        this.addLayer(new LayerAnteaterBaby(this));
                      ^
C:\Users\justi\Documents\GitHub\AlexsMobs-26.2\src\main\java\com\github\alexthe666\alexsmobs\client\render\layer\LayerAnteaterTongueItem.java:20: error: type argument EntityAnteater is not within bounds of type-variable S
public class LayerAnteaterTongueItem extends RenderLayer<EntityAnteater, ModelAnteater> {
                                                         ^
  where S is a type-variable:
    S extends EntityRenderState declared in class RenderLayer
C:\Users\justi\Documents\GitHub\AlexsMobs-26.2\src\main\java\com\github\alexthe666\alexsmobs\client\render\layer\LayerAnteaterTongueItem.java:20: error: LayerAnteaterTongueItem is not abstract and does not override abstract method submit(PoseStack,SubmitNodeCollector,int,EntityAnteater,float,float) in RenderLayer
public class LayerAnteaterTongueItem extends RenderLayer<EntityAnteater, ModelAnteater> {
       ^
C:\Users\justi\Documents\GitHub\AlexsMobs-26.2\src\main\java\com\github\alexthe666\alexsmobs\client\render\layer\LayerAnteaterTongueItem.java:26: error: incompatible types: RenderAnteater cannot be converted to RenderLayerParent<EntityAnteater,ModelAnteater>
        super(render);
              ^
C:\Users\justi\Documents\GitHub\AlexsMobs-26.2\src\main\java\com\github\alexthe666\alexsmobs\client\render\layer\LayerAnteaterTongueItem.java:50: error: cannot find symbol
                VertexConsumer ivertexbuilder = bufferIn.getBuffer(RenderType.entityCutout(TEXTURE));
                                                                             ^
  symbol:   method entityCutout(Identifier)
  location: class RenderType
C:\Users\justi\Documents\GitHub\AlexsMobs-26.2\src\main\java\com\github\alexthe666\alexsmobs\client\render\layer\LayerAnteaterTongueItem.java:58: error: method renderItem in class ItemInHandRenderer cannot be applied to given types;
                renderer.renderItem(anteater, itemstack, ItemDisplayContext.GROUND, false, matrixStackIn, bufferIn, packedLightIn);
                        ^
  required: LivingEntity,ItemStack,ItemDisplayContext,PoseStack,SubmitNodeCollector,int
  found:    EntityAnteater,ItemStack,ItemDisplayContext,boolean,PoseStack,OrderedSubmitNodeCollector,int
  reason: actual and formal argument lists differ in length
C:\Users\justi\Documents\GitHub\AlexsMobs-26.2\src\main\java\com\github\alexthe666\alexsmobs\client\render\layer\LayerBasicGlow.java:14: error: type argument T is not within bounds of type-variable S
public class LayerBasicGlow<T extends LivingEntity> extends RenderLayer<T, EntityModel<T>> {
                                                                        ^
  where T,S are type-variables:
    T extends LivingEntity declared in class LayerBasicGlow
    S extends EntityRenderState declared in class RenderLayer
C:\Users\justi\Documents\GitHub\AlexsMobs-26.2\src\main\java\com\github\alexthe666\alexsmobs\client\render\layer\LayerBasicGlow.java:14: error: type argument T#1 is not within bounds of type-variable T#2
public class LayerBasicGlow<T extends LivingEntity> extends RenderLayer<T, EntityModel<T>> {
                                                                                       ^
  where T#1,T#2 are type-variables:
    T#1 extends LivingEntity declared in class LayerBasicGlow
    T#2 extends EntityRenderState declared in class EntityModel
C:\Users\justi\Documents\GitHub\AlexsMobs-26.2\src\main\java\com\github\alexthe666\alexsmobs\client\render\layer\LayerBasicGlow.java:14: error: LayerBasicGlow is not abstract and does not override abstract method submit(PoseStack,SubmitNodeCollector,int,T,float,float) in RenderLayer
public class LayerBasicGlow<T extends LivingEntity> extends RenderLayer<T, EntityModel<T>> {
       ^
  where T is a type-variable:
    T extends LivingEntity declared in class LayerBasicGlow
C:\Users\justi\Documents\GitHub\AlexsMobs-26.2\src\main\java\com\github\alexthe666\alexsmobs\client\render\layer\LayerBasicGlow.java:18: error: type argument T is not within bounds of type-variable S
    public LayerBasicGlow(RenderLayerParent<T, EntityModel<T>> renderer, Identifier texture) {
                                            ^
  where T,S are type-variables:
    T extends LivingEntity declared in class LayerBasicGlow
    S extends EntityRenderState declared in interface RenderLayerParent
C:\Users\justi\Documents\GitHub\AlexsMobs-26.2\src\main\java\com\github\alexthe666\alexsmobs\client\render\layer\LayerBasicGlow.java:18: error: type argument T#1 is not within bounds of type-variable T#2
    public LayerBasicGlow(RenderLayerParent<T, EntityModel<T>> renderer, Identifier texture) {
                                                           ^
  where T#1,T#2 are type-variables:
    T#1 extends LivingEntity declared in class LayerBasicGlow
    T#2 extends EntityRenderState declared in class EntityModel
C:\Users\justi\Documents\GitHub\AlexsMobs-26.2\src\main\java\com\github\alexthe666\alexsmobs\client\render\layer\LayerBasicGlow.java:21: error: cannot find symbol
        this.renderType = RenderType.eyes(texture);
                                    ^
  symbol:   method eyes(Identifier)
  location: class RenderType
C:\Users\justi\Documents\GitHub\AlexsMobs-26.2\src\main\java\com\github\alexthe666\alexsmobs\client\render\layer\LayerBasicGlow.java:28: error: method does not override or implement a method from a supertype
    @Override
    ^
C:\Users\justi\Documents\GitHub\AlexsMobs-26.2\src\main\java\com\github\alexthe666\alexsmobs\client\render\layer\LayerBasicGlow.java:30: error: cannot find symbol
        VertexConsumer ivertexbuilder = bufferIn.getBuffer(renderType);
                                                ^
  symbol:   method getBuffer(RenderType)
  location: variable bufferIn of type OrderedSubmitNodeCollector
C:\Users\justi\Documents\GitHub\AlexsMobs-26.2\src\main\java\com\github\alexthe666\alexsmobs\client\render\layer\LayerCachalotWhaleCapturedSquid.java:21: error: type argument EntityCachalotWhale is not within bounds of type-variable S
public class LayerCachalotWhaleCapturedSquid  extends RenderLayer<EntityCachalotWhale, ModelCachalotWhale> {
                                                                  ^
  where S is a type-variable:
    S extends EntityRenderState declared in class RenderLayer
C:\Users\justi\Documents\GitHub\AlexsMobs-26.2\src\main\java\com\github\alexthe666\alexsmobs\client\render\layer\LayerCachalotWhaleCapturedSquid.java:21: error: LayerCachalotWhaleCapturedSquid is not abstract and does not override abstract method submit(PoseStack,SubmitNodeCollector,int,EntityCachalotWhale,float,float) in RenderLayer
public class LayerCachalotWhaleCapturedSquid  extends RenderLayer<EntityCachalotWhale, ModelCachalotWhale> {
       ^
C:\Users\justi\Documents\GitHub\AlexsMobs-26.2\src\main\java\com\github\alexthe666\alexsmobs\client\render\layer\LayerCachalotWhaleCapturedSquid.java:24: error: incompatible types: RenderCachalotWhale cannot be converted to RenderLayerParent<EntityCachalotWhale,ModelCachalotWhale>
        super(render);
              ^
C:\Users\justi\Documents\GitHub\AlexsMobs-26.2\src\main\java\com\github\alexthe666\alexsmobs\client\render\layer\LayerCachalotWhaleCapturedSquid.java:55: error: wrong number of type arguments; required 2
        EntityRenderer<? super E> render = null;
                      ^
C:\Users\justi\Documents\GitHub\AlexsMobs-26.2\src\main\java\com\github\alexthe666\alexsmobs\client\render\RenderCachalotWhale.java:16: error: type argument ModelCachalotWhale is not within bounds of type-variable M
public class RenderCachalotWhale extends MobRenderer<EntityCachalotWhale, LivingEntityRenderState, ModelCachalotWhale> {
                                                                                                   ^
  where M,S are type-variables:
    M extends EntityModel<? super S> declared in class MobRenderer
    S extends LivingEntityRenderState declared in class MobRenderer
C:\Users\justi\Documents\GitHub\AlexsMobs-26.2\src\main\java\com\github\alexthe666\alexsmobs\client\render\RenderCachalotWhale.java:16: error: RenderCachalotWhale is not abstract and does not override abstract method getTextureLocation(LivingEntityRenderState) in LivingEntityRenderer
public class RenderCachalotWhale extends MobRenderer<EntityCachalotWhale, LivingEntityRenderState, ModelCachalotWhale> {
       ^
C:\Users\justi\Documents\GitHub\AlexsMobs-26.2\src\main\java\com\github\alexthe666\alexsmobs\client\render\RenderCachalotWhale.java:24: error: incompatible types: LayerCachalotWhaleCapturedSquid cannot be converted to RenderLayer<LivingEntityRenderState,ModelCachalotWhale>
        this.addLayer(new LayerCachalotWhaleCapturedSquid(this));
                      ^
C:\Users\justi\Documents\GitHub\AlexsMobs-26.2\src\main\java\com\github\alexthe666\alexsmobs\client\render\layer\LayerCapuchinItem.java:20: error: type argument EntityCapuchinMonkey is not within bounds of type-variable S
public class LayerCapuchinItem extends RenderLayer<EntityCapuchinMonkey, ModelCapuchinMonkey> {
                                                   ^
  where S is a type-variable:
    S extends EntityRenderState declared in class RenderLayer
C:\Users\justi\Documents\GitHub\AlexsMobs-26.2\src\main\java\com\github\alexthe666\alexsmobs\client\render\layer\LayerCapuchinItem.java:20: error: LayerCapuchinItem is not abstract and does not override abstract method submit(PoseStack,SubmitNodeCollector,int,EntityCapuchinMonkey,float,float) in RenderLayer
public class LayerCapuchinItem extends RenderLayer<EntityCapuchinMonkey, ModelCapuchinMonkey> {
       ^
C:\Users\justi\Documents\GitHub\AlexsMobs-26.2\src\main\java\com\github\alexthe666\alexsmobs\client\render\layer\LayerCapuchinItem.java:26: error: incompatible types: RenderCapuchinMonkey cannot be converted to RenderLayerParent<EntityCapuchinMonkey,ModelCapuchinMonkey>
        super(render);
              ^
C:\Users\justi\Documents\GitHub\AlexsMobs-26.2\src\main\java\com\github\alexthe666\alexsmobs\client\render\layer\LayerCapuchinItem.java:54: error: cannot find symbol
            VertexConsumer ivertexbuilder = bufferIn.getBuffer(DART_MODEL.renderType(DART_TEXTURE));
                                                    ^
  symbol:   method getBuffer(RenderType)
  location: variable bufferIn of type OrderedSubmitNodeCollector
C:\Users\justi\Documents\GitHub\AlexsMobs-26.2\src\main\java\com\github\alexthe666\alexsmobs\client\render\layer\LayerCapuchinItem.java:75: error: method renderItem in class ItemInHandRenderer cannot be applied to given types;
            renderer.renderItem(entitylivingbaseIn, itemstack, ItemDisplayContext.GROUND, false, matrixStackIn, bufferIn, packedLightIn);
                    ^
  required: LivingEntity,ItemStack,ItemDisplayContext,PoseStack,SubmitNodeCollector,int
  found:    EntityCapuchinMonkey,ItemStack,ItemDisplayContext,boolean,PoseStack,OrderedSubmitNodeCollector,int
  reason: actual and formal argument lists differ in length
C:\Users\justi\Documents\GitHub\AlexsMobs-26.2\src\main\java\com\github\alexthe666\alexsmobs\client\render\RenderCapuchinMonkey.java:14: error: type argument ModelCapuchinMonkey is not within bounds of type-variable M
public class RenderCapuchinMonkey extends MobRenderer<EntityCapuchinMonkey, LivingEntityRenderState, ModelCapuchinMonkey> {
                                                                                                     ^
  where M,S are type-variables:
    M extends EntityModel<? super S> declared in class MobRenderer
    S extends LivingEntityRenderState declared in class MobRenderer
C:\Users\justi\Documents\GitHub\AlexsMobs-26.2\src\main\java\com\github\alexthe666\alexsmobs\client\render\RenderCapuchinMonkey.java:14: error: RenderCapuchinMonkey is not abstract and does not override abstract method getTextureLocation(LivingEntityRenderState) in LivingEntityRenderer
public class RenderCapuchinMonkey extends MobRenderer<EntityCapuchinMonkey, LivingEntityRenderState, ModelCapuchinMonkey> {
       ^
C:\Users\justi\Documents\GitHub\AlexsMobs-26.2\src\main\java\com\github\alexthe666\alexsmobs\client\render\RenderCapuchinMonkey.java:22: error: incompatible types: LayerCapuchinItem cannot be converted to RenderLayer<LivingEntityRenderState,ModelCapuchinMonkey>
        this.addLayer(new LayerCapuchinItem(this));
                      ^
C:\Users\justi\Documents\GitHub\AlexsMobs-26.2\src\main\java\com\github\alexthe666\alexsmobs\client\render\layer\LayerCentipedeHeadEyes.java:14: error: type argument EntityCentipedeHead is not within bounds of type-variable S
public class LayerCentipedeHeadEyes extends RenderLayer<EntityCentipedeHead, AdvancedEntityModel<EntityCentipedeHead>> {
                                                        ^
  where S is a type-variable:
    S extends EntityRenderState declared in class RenderLayer
C:\Users\justi\Documents\GitHub\AlexsMobs-26.2\src\main\java\com\github\alexthe666\alexsmobs\client\render\layer\LayerCentipedeHeadEyes.java:14: error: LayerCentipedeHeadEyes is not abstract and does not override abstract method submit(PoseStack,SubmitNodeCollector,int,EntityCentipedeHead,float,float) in RenderLayer
public class LayerCentipedeHeadEyes extends RenderLayer<EntityCentipedeHead, AdvancedEntityModel<EntityCentipedeHead>> {
       ^
C:\Users\justi\Documents\GitHub\AlexsMobs-26.2\src\main\java\com\github\alexthe666\alexsmobs\client\render\layer\LayerCentipedeHeadEyes.java:18: error: incompatible types: RenderCentipedeHead cannot be converted to RenderLayerParent<EntityCentipedeHead,AdvancedEntityModel<EntityCentipedeHead>>
        super(render);
              ^
C:\Users\justi\Documents\GitHub\AlexsMobs-26.2\src\main\java\com\github\alexthe666\alexsmobs\client\render\layer\LayerCentipedeHeadEyes.java:22: error: cannot find symbol
        VertexConsumer ivertexbuilder = bufferIn.getBuffer(RenderType.eyes(TEXTURE));
                                                                     ^
  symbol:   method eyes(Identifier)
  location: class RenderType
C:\Users\justi\Documents\GitHub\AlexsMobs-26.2\src\main\java\com\github\alexthe666\alexsmobs\client\render\layer\LayerCentipedeHeadEyes.java:23: error: incompatible types: EntityCentipedeHead cannot be converted to LivingEntityRenderState
        this.getParentModel().renderToBuffer(matrixStackIn, ivertexbuilder, packedLightIn, LivingEntityRenderer.getOverlayCoords(entitylivingbaseIn, 0.0F), 1.0F, 1.0F, 1.0F, 1.0F);
                                                                                                                                 ^
C:\Users\justi\Documents\GitHub\AlexsMobs-26.2\src\main\java\com\github\alexthe666\alexsmobs\entity\EntityCentipedeHead.java:54: error: cannot find symbol
    private static final EntityDataAccessor<Optional<EntityReference<LivingEntity>>> CHILD_UUID = SynchedEntityData.defineId(EntityCentipedeHead.class, EntityDataSerializers.OPTIONAL_ENTITY_REFERENCE);
                                                                                                                                                                             ^
  symbol:   variable OPTIONAL_ENTITY_REFERENCE
  location: class EntityDataSerializers
C:\Users\justi\Documents\GitHub\AlexsMobs-26.2\src\main\java\com\github\alexthe666\alexsmobs\entity\EntityCentipedeHead.java:156: error: incompatible types: EntityReference<LivingEntity> cannot be converted to UUID
        return this.entityData.get(CHILD_UUID).orElse(null);
                                                     ^
C:\Users\justi\Documents\GitHub\AlexsMobs-26.2\src\main\java\com\github\alexthe666\alexsmobs\entity\EntityCentipedeHead.java:160: error: no suitable method found for set(EntityDataAccessor<Optional<EntityReference<LivingEntity>>>,Optional<UUID>)
        this.entityData.set(CHILD_UUID, Optional.ofNullable(uniqueId));
                       ^
    method SynchedEntityData.<T#1>set(EntityDataAccessor<T#1>,T#1) is not applicable
      (inference variable T#2 has incompatible bounds
        equality constraints: EntityReference<LivingEntity>
        lower bounds: UUID)
    method SynchedEntityData.<T#3>set(EntityDataAccessor<T#3>,T#3,boolean) is not applicable
      (cannot infer type-variable(s) T#3
        (actual and formal argument lists differ in length))
  where T#1,T#2,T#3 are type-variables:
    T#1 extends Object declared in method <T#1>set(EntityDataAccessor<T#1>,T#1)
    T#2 extends Object declared in method <T#2>ofNullable(T#2)
    T#3 extends Object declared in method <T#3>set(EntityDataAccessor<T#3>,T#3,boolean)
C:\Users\justi\Documents\GitHub\AlexsMobs-26.2\src\main\java\com\github\alexthe666\alexsmobs\entity\EntityCentipedeHead.java:185: error: no suitable method found for store(String,UUID)
            compound.store("ChildUUID", this.getChildId());
                    ^
    method ValueOutput.<T#1>store(String,Codec<T#1>,T#1) is not applicable
      (cannot infer type-variable(s) T#1
        (actual and formal argument lists differ in length))
    method ValueOutput.<T#2>store(MapCodec<T#2>,T#2) is not applicable
      (cannot infer type-variable(s) T#2
        (argument mismatch; String cannot be converted to MapCodec<T#2>))
  where T#1,T#2 are type-variables:
    T#1 extends Object declared in method <T#1>store(String,Codec<T#1>,T#1)
    T#2 extends Object declared in method <T#2>store(MapCodec<T#2>,T#2)
C:\Users\justi\Documents\GitHub\AlexsMobs-26.2\src\main\java\com\github\alexthe666\alexsmobs\entity\EntityCentipedeHead.java:219: error: cannot find symbol
        isInsidePortal = false;
        ^
  symbol:   variable isInsidePortal
  location: class EntityCentipedeHead
C:\Users\justi\Documents\GitHub\AlexsMobs-26.2\src\main\java\com\github\alexthe666\alexsmobs\client\render\RenderCentipedeHead.java:19: error: type argument AdvancedEntityModel<EntityCentipedeHead> is not within bounds of type-variable M
public class RenderCentipedeHead extends MobRenderer<EntityCentipedeHead, LivingEntityRenderState, AdvancedEntityModel<EntityCentipedeHead>> {
                                                                                                                      ^
  where M,S are type-variables:
    M extends EntityModel<? super S> declared in class MobRenderer
    S extends LivingEntityRenderState declared in class MobRenderer
C:\Users\justi\Documents\GitHub\AlexsMobs-26.2\src\main\java\com\github\alexthe666\alexsmobs\client\render\RenderCentipedeHead.java:19: error: RenderCentipedeHead is not abstract and does not override abstract method getTextureLocation(LivingEntityRenderState) in LivingEntityRenderer
public class RenderCentipedeHead extends MobRenderer<EntityCentipedeHead, LivingEntityRenderState, AdvancedEntityModel<EntityCentipedeHead>> {
       ^
C:\Users\justi\Documents\GitHub\AlexsMobs-26.2\src\main\java\com\github\alexthe666\alexsmobs\client\render\RenderCentipedeHead.java:24: error: incompatible types: LayerCentipedeHeadEyes cannot be converted to RenderLayer<LivingEntityRenderState,AdvancedEntityModel<EntityCentipedeHead>>
        this.addLayer(new LayerCentipedeHeadEyes(this));
                      ^
C:\Users\justi\Documents\GitHub\AlexsMobs-26.2\src\main\java\com\github\alexthe666\alexsmobs\client\render\RenderCentipedeHead.java:27: error: method does not override or implement a method from a supertype
    @Override
    ^
C:\Users\justi\Documents\GitHub\AlexsMobs-26.2\src\main\java\com\github\alexthe666\alexsmobs\client\render\RenderCentipedeHead.java:29: error: incompatible types: EntityCentipedeHead cannot be converted to LivingEntityRenderState
        if (this.isShaking(entity)) {
                           ^
C:\Users\justi\Documents\GitHub\AlexsMobs-26.2\src\main\java\com\github\alexthe666\alexsmobs\entity\EntityCentipedeBody.java:44: error: cannot find symbol
    private static final EntityDataAccessor<Optional<EntityReference<LivingEntity>>> PARENT_UUID = SynchedEntityData.defineId(EntityCentipedeBody.class, EntityDataSerializers.OPTIONAL_ENTITY_REFERENCE);
                                                                                                                                                                              ^
  symbol:   variable OPTIONAL_ENTITY_REFERENCE
  location: class EntityDataSerializers
C:\Users\justi\Documents\GitHub\AlexsMobs-26.2\src\main\java\com\github\alexthe666\alexsmobs\entity\EntityCentipedeBody.java:45: error: cannot find symbol
    private static final EntityDataAccessor<Optional<EntityReference<LivingEntity>>> CHILD_UUID = SynchedEntityData.defineId(EntityCentipedeBody.class, EntityDataSerializers.OPTIONAL_ENTITY_REFERENCE);
                                                                                                                                                                             ^
  symbol:   variable OPTIONAL_ENTITY_REFERENCE
  location: class EntityDataSerializers
C:\Users\justi\Documents\GitHub\AlexsMobs-26.2\src\main\java\com\github\alexthe666\alexsmobs\entity\EntityCentipedeBody.java:73: error: cannot find symbol
        isInsidePortal = false;
        ^
  symbol:   variable isInsidePortal
  location: class EntityCentipedeBody
C:\Users\justi\Documents\GitHub\AlexsMobs-26.2\src\main\java\com\github\alexthe666\alexsmobs\entity\EntityCentipedeBody.java:156: error: incompatible types: EntityReference<LivingEntity> cannot be converted to UUID
        return this.entityData.get(CHILD_UUID).orElse(null);
                                                     ^
C:\Users\justi\Documents\GitHub\AlexsMobs-26.2\src\main\java\com\github\alexthe666\alexsmobs\entity\EntityCentipedeBody.java:160: error: no suitable method found for set(EntityDataAccessor<Optional<EntityReference<LivingEntity>>>,Optional<UUID>)
        this.entityData.set(CHILD_UUID, Optional.ofNullable(uniqueId));
                       ^
    method SynchedEntityData.<T#1>set(EntityDataAccessor<T#1>,T#1) is not applicable
      (inference variable T#2 has incompatible bounds
        equality constraints: EntityReference<LivingEntity>
        lower bounds: UUID)
    method SynchedEntityData.<T#3>set(EntityDataAccessor<T#3>,T#3,boolean) is not applicable
      (cannot infer type-variable(s) T#3
        (actual and formal argument lists differ in length))
  where T#1,T#2,T#3 are type-variables:
    T#1 extends Object declared in method <T#1>set(EntityDataAccessor<T#1>,T#1)
    T#2 extends Object declared in method <T#2>ofNullable(T#2)
    T#3 extends Object declared in method <T#3>set(EntityDataAccessor<T#3>,T#3,boolean)
C:\Users\justi\Documents\GitHub\AlexsMobs-26.2\src\main\java\com\github\alexthe666\alexsmobs\entity\EntityCentipedeBody.java:171: error: 'void' type not allowed here
        final boolean prev = parent != null && parent.hurt(source, damage * this.damageMultiplier);
                                                          ^
C:\Users\justi\Documents\GitHub\AlexsMobs-26.2\src\main\java\com\github\alexthe666\alexsmobs\entity\EntityCentipedeBody.java:191: error: startRiding(Entity) in EntityCentipedeBody cannot override startRiding(Entity) in Entity
    public boolean startRiding(Entity entityIn) {
                   ^
  overridden method is final
C:\Users\justi\Documents\GitHub\AlexsMobs-26.2\src\main\java\com\github\alexthe666\alexsmobs\entity\EntityCentipedeBody.java:208: error: incompatible types: EntityReference<LivingEntity> cannot be converted to UUID
        return this.entityData.get(PARENT_UUID).orElse(null);
                                                      ^
C:\Users\justi\Documents\GitHub\AlexsMobs-26.2\src\main\java\com\github\alexthe666\alexsmobs\entity\EntityCentipedeBody.java:212: error: no suitable method found for set(EntityDataAccessor<Optional<EntityReference<LivingEntity>>>,Optional<UUID>)
        this.entityData.set(PARENT_UUID, Optional.ofNullable(uniqueId));
                       ^
    method SynchedEntityData.<T#1>set(EntityDataAccessor<T#1>,T#1) is not applicable
      (inference variable T#2 has incompatible bounds
        equality constraints: EntityReference<LivingEntity>
        lower bounds: UUID)
    method SynchedEntityData.<T#3>set(EntityDataAccessor<T#3>,T#3,boolean) is not applicable
      (cannot infer type-variable(s) T#3
        (actual and formal argument lists differ in length))
  where T#1,T#2,T#3 are type-variables:
    T#1 extends Object declared in method <T#1>set(EntityDataAccessor<T#1>,T#1)
    T#2 extends Object declared in method <T#2>ofNullable(T#2)
    T#3 extends Object declared in method <T#3>set(EntityDataAccessor<T#3>,T#3,boolean)
C:\Users\justi\Documents\GitHub\AlexsMobs-26.2\src\main\java\com\github\alexthe666\alexsmobs\entity\EntityCentipedeBody.java:243: error: cannot find symbol
        this.moveTo(avg.x, avg.y, avg.z, f, f2);
            ^
  symbol: method moveTo(double,double,double,float,float)
C:\Users\justi\Documents\GitHub\AlexsMobs-26.2\src\main\java\com\github\alexthe666\alexsmobs\client\render\layer\LayerCockroachMaracas.java:23: error: type argument EntityCockroach is not within bounds of type-variable S
public class LayerCockroachMaracas extends RenderLayer<EntityCockroach, ModelCockroach> {
                                                       ^
  where S is a type-variable:
    S extends EntityRenderState declared in class RenderLayer
C:\Users\justi\Documents\GitHub\AlexsMobs-26.2\src\main\java\com\github\alexthe666\alexsmobs\client\render\layer\LayerCockroachMaracas.java:23: error: LayerCockroachMaracas is not abstract and does not override abstract method submit(PoseStack,SubmitNodeCollector,int,EntityCockroach,float,float) in RenderLayer
public class LayerCockroachMaracas extends RenderLayer<EntityCockroach, ModelCockroach> {
       ^
C:\Users\justi\Documents\GitHub\AlexsMobs-26.2\src\main\java\com\github\alexthe666\alexsmobs\client\render\layer\LayerCockroachMaracas.java:30: error: incompatible types: RenderCockroach cannot be converted to RenderLayerParent<EntityCockroach,ModelCockroach>
        super(render);
              ^
C:\Users\justi\Documents\GitHub\AlexsMobs-26.2\src\main\java\com\github\alexthe666\alexsmobs\client\render\layer\LayerCockroachMaracas.java:50: error: method renderItem in class ItemInHandRenderer cannot be applied to given types;
            renderer.renderItem(entitylivingbaseIn, stack, ItemDisplayContext.GROUND, false, matrixStackIn, bufferIn, packedLightIn);
                    ^
  required: LivingEntity,ItemStack,ItemDisplayContext,PoseStack,SubmitNodeCollector,int
  found:    EntityCockroach,ItemStack,ItemDisplayContext,boolean,PoseStack,OrderedSubmitNodeCollector,int
  reason: actual and formal argument lists differ in length
C:\Users\justi\Documents\GitHub\AlexsMobs-26.2\src\main\java\com\github\alexthe666\alexsmobs\client\render\layer\LayerCockroachMaracas.java:58: error: method renderItem in class ItemInHandRenderer cannot be applied to given types;
            renderer.renderItem(entitylivingbaseIn, stack, ItemDisplayContext.GROUND, false, matrixStackIn, bufferIn, packedLightIn);
                    ^
  required: LivingEntity,ItemStack,ItemDisplayContext,PoseStack,SubmitNodeCollector,int
  found:    EntityCockroach,ItemStack,ItemDisplayContext,boolean,PoseStack,OrderedSubmitNodeCollector,int
  reason: actual and formal argument lists differ in length
C:\Users\justi\Documents\GitHub\AlexsMobs-26.2\src\main\java\com\github\alexthe666\alexsmobs\client\render\layer\LayerCockroachMaracas.java:66: error: method renderItem in class ItemInHandRenderer cannot be applied to given types;
            renderer.renderItem(entitylivingbaseIn, stack, ItemDisplayContext.GROUND, false, matrixStackIn, bufferIn, packedLightIn);
                    ^
  required: LivingEntity,ItemStack,ItemDisplayContext,PoseStack,SubmitNodeCollector,int
  found:    EntityCockroach,ItemStack,ItemDisplayContext,boolean,PoseStack,OrderedSubmitNodeCollector,int
  reason: actual and formal argument lists differ in length
C:\Users\justi\Documents\GitHub\AlexsMobs-26.2\src\main\java\com\github\alexthe666\alexsmobs\client\render\layer\LayerCockroachMaracas.java:74: error: method renderItem in class ItemInHandRenderer cannot be applied to given types;
            renderer.renderItem(entitylivingbaseIn, stack, ItemDisplayContext.GROUND, false, matrixStackIn, bufferIn, packedLightIn);
                    ^
  required: LivingEntity,ItemStack,ItemDisplayContext,PoseStack,SubmitNodeCollector,int
  found:    EntityCockroach,ItemStack,ItemDisplayContext,boolean,PoseStack,OrderedSubmitNodeCollector,int
  reason: actual and formal argument lists differ in length
C:\Users\justi\Documents\GitHub\AlexsMobs-26.2\src\main\java\com\github\alexthe666\alexsmobs\client\render\layer\LayerCockroachMaracas.java:83: error: cannot find symbol
                VertexConsumer ivertexbuilder = bufferIn.getBuffer(RenderType.entityCutout(SOMBRERO_TEX));
                                                                             ^
  symbol:   method entityCutout(Identifier)
  location: class RenderType
C:\Users\justi\Documents\GitHub\AlexsMobs-26.2\src\main\java\com\github\alexthe666\alexsmobs\client\render\layer\LayerCockroachMaracas.java:84: error: incompatible types: EntityCockroach cannot be converted to LivingEntityRenderState
                sombrero.renderToBuffer(matrixStackIn, ivertexbuilder, packedLightIn, LivingEntityRenderer.getOverlayCoords(entitylivingbaseIn, 0.0F), 1.0F, 1.0F, 1.0F, 1.0F);
                                                                                                                            ^
C:\Users\justi\Documents\GitHub\AlexsMobs-26.2\src\main\java\com\github\alexthe666\alexsmobs\client\render\RenderCockroach.java:14: error: type argument ModelCockroach is not within bounds of type-variable M
public class RenderCockroach extends MobRenderer<EntityCockroach, LivingEntityRenderState, ModelCockroach> {
                                                                                           ^
  where M,S are type-variables:
    M extends EntityModel<? super S> declared in class MobRenderer
    S extends LivingEntityRenderState declared in class MobRenderer
C:\Users\justi\Documents\GitHub\AlexsMobs-26.2\src\main\java\com\github\alexthe666\alexsmobs\client\render\RenderCockroach.java:14: error: RenderCockroach is not abstract and does not override abstract method getTextureLocation(LivingEntityRenderState) in LivingEntityRenderer
public class RenderCockroach extends MobRenderer<EntityCockroach, LivingEntityRenderState, ModelCockroach> {
       ^
C:\Users\justi\Documents\GitHub\AlexsMobs-26.2\src\main\java\com\github\alexthe666\alexsmobs\client\render\RenderCockroach.java:19: error: incompatible types: LayerCockroachMaracas cannot be converted to RenderLayer<LivingEntityRenderState,ModelCockroach>
        this.addLayer(new LayerCockroachMaracas(this, renderManagerIn));
                      ^
C:\Users\justi\Documents\GitHub\AlexsMobs-26.2\src\main\java\com\github\alexthe666\alexsmobs\client\render\layer\LayerCrimsonMosquitoBlood.java:14: error: type argument EntityCrimsonMosquito is not within bounds of type-variable S
public class LayerCrimsonMosquitoBlood extends RenderLayer<EntityCrimsonMosquito, ModelCrimsonMosquito> {
                                                           ^
  where S is a type-variable:
    S extends EntityRenderState declared in class RenderLayer
C:\Users\justi\Documents\GitHub\AlexsMobs-26.2\src\main\java\com\github\alexthe666\alexsmobs\client\render\layer\LayerCrimsonMosquitoBlood.java:14: error: LayerCrimsonMosquitoBlood is not abstract and does not override abstract method submit(PoseStack,SubmitNodeCollector,int,EntityCrimsonMosquito,float,float) in RenderLayer
public class LayerCrimsonMosquitoBlood extends RenderLayer<EntityCrimsonMosquito, ModelCrimsonMosquito> {
       ^
C:\Users\justi\Documents\GitHub\AlexsMobs-26.2\src\main\java\com\github\alexthe666\alexsmobs\client\render\layer\LayerCrimsonMosquitoBlood.java:19: error: incompatible types: RenderCrimsonMosquito cannot be converted to RenderLayerParent<EntityCrimsonMosquito,ModelCrimsonMosquito>
        super(renderCrimsonMosquito);
              ^
C:\Users\justi\Documents\GitHub\AlexsMobs-26.2\src\main\java\com\github\alexthe666\alexsmobs\client\render\layer\LayerCrimsonMosquitoBlood.java:24: error: cannot find symbol
            VertexConsumer ivertexbuilder = bufferIn.getBuffer(RenderType.eyes(entitylivingbaseIn.isSick() ? TEXTURE_SICK : TEXTURE));
                                                                         ^
  symbol:   method eyes(entitylivi[...]XTURE)
  location: class RenderType
C:\Users\justi\Documents\GitHub\AlexsMobs-26.2\src\main\java\com\github\alexthe666\alexsmobs\client\render\layer\LayerCrimsonMosquitoBlood.java:25: error: incompatible types: EntityCrimsonMosquito cannot be converted to LivingEntityRenderState
            this.getParentModel().renderToBuffer(matrixStackIn, ivertexbuilder, packedLightIn, LivingEntityRenderer.getOverlayCoords(entitylivingbaseIn, 0.0F), 1.0F, 1.0F, 1.0F, 1.0F);
                                                                                                                                     ^
C:\Users\justi\Documents\GitHub\AlexsMobs-26.2\src\main\java\com\github\alexthe666\alexsmobs\client\render\RenderCrimsonMosquito.java:14: error: type argument ModelCrimsonMosquito is not within bounds of type-variable M
public class RenderCrimsonMosquito extends MobRenderer<EntityCrimsonMosquito, LivingEntityRenderState, ModelCrimsonMosquito> {
                                                                                                       ^
  where M,S are type-variables:
    M extends EntityModel<? super S> declared in class MobRenderer
    S extends LivingEntityRenderState declared in class MobRenderer
C:\Users\justi\Documents\GitHub\AlexsMobs-26.2\src\main\java\com\github\alexthe666\alexsmobs\client\render\RenderCrimsonMosquito.java:14: error: RenderCrimsonMosquito is not abstract and does not override abstract method getTextureLocation(LivingEntityRenderState) in LivingEntityRenderer
public class RenderCrimsonMosquito extends MobRenderer<EntityCrimsonMosquito, LivingEntityRenderState, ModelCrimsonMosquito> {
       ^
C:\Users\justi\Documents\GitHub\AlexsMobs-26.2\src\main\java\com\github\alexthe666\alexsmobs\client\render\RenderCrimsonMosquito.java:22: error: incompatible types: LayerCrimsonMosquitoBlood cannot be converted to RenderLayer<LivingEntityRenderState,ModelCrimsonMosquito>
        this.addLayer(new LayerCrimsonMosquitoBlood(this));
                      ^
C:\Users\justi\Documents\GitHub\AlexsMobs-26.2\src\main\java\com\github\alexthe666\alexsmobs\client\render\RenderCrimsonMosquito.java:40: error: method setupRotations in class LivingEntityRenderer<T,S,M> cannot be applied to given types;
        super.setupRotations(entityLiving, matrixStackIn, ageInTicks, rotationYaw, partialTicks);
             ^
  required: LivingEntityRenderState,PoseStack,float,float
  found:    EntityCrimsonMosquito,PoseStack,float,float,float
  reason: actual and formal argument lists differ in length
  where T,S,M are type-variables:
    T extends LivingEntity declared in class LivingEntityRenderer
    S extends LivingEntityRenderState declared in class LivingEntityRenderer
    M extends EntityModel<? super S> declared in class LivingEntityRenderer
C:\Users\justi\Documents\GitHub\AlexsMobs-26.2\src\main\java\com\github\alexthe666\alexsmobs\client\render\layer\LayerCrowItem.java:16: error: type argument EntityCrow is not within bounds of type-variable S
public class LayerCrowItem extends RenderLayer<EntityCrow, ModelCrow> {
                                               ^
  where S is a type-variable:
    S extends EntityRenderState declared in class RenderLayer
C:\Users\justi\Documents\GitHub\AlexsMobs-26.2\src\main\java\com\github\alexthe666\alexsmobs\client\render\layer\LayerCrowItem.java:16: error: LayerCrowItem is not abstract and does not override abstract method submit(PoseStack,SubmitNodeCollector,int,EntityCrow,float,float) in RenderLayer
public class LayerCrowItem extends RenderLayer<EntityCrow, ModelCrow> {
       ^
C:\Users\justi\Documents\GitHub\AlexsMobs-26.2\src\main\java\com\github\alexthe666\alexsmobs\client\render\layer\LayerCrowItem.java:19: error: incompatible types: RenderCrow cannot be converted to RenderLayerParent<EntityCrow,ModelCrow>
        super(render);
              ^
C:\Users\justi\Documents\GitHub\AlexsMobs-26.2\src\main\java\com\github\alexthe666\alexsmobs\client\render\layer\LayerCrowItem.java:36: error: method renderItem in class ItemInHandRenderer cannot be applied to given types;
        renderer.renderItem(entitylivingbaseIn, itemstack, ItemDisplayContext.GROUND, false, matrixStackIn, bufferIn, packedLightIn);
                ^
  required: LivingEntity,ItemStack,ItemDisplayContext,PoseStack,SubmitNodeCollector,int
  found:    EntityCrow,ItemStack,ItemDisplayContext,boolean,PoseStack,OrderedSubmitNodeCollector,int
  reason: actual and formal argument lists differ in length
C:\Users\justi\Documents\GitHub\AlexsMobs-26.2\src\main\java\com\github\alexthe666\alexsmobs\client\render\RenderCrow.java:14: error: type argument ModelCrow is not within bounds of type-variable M
public class RenderCrow extends MobRenderer<EntityCrow, LivingEntityRenderState, ModelCrow> {
                                                                                 ^
  where M,S are type-variables:
    M extends EntityModel<? super S> declared in class MobRenderer
    S extends LivingEntityRenderState declared in class MobRenderer
C:\Users\justi\Documents\GitHub\AlexsMobs-26.2\src\main\java\com\github\alexthe666\alexsmobs\client\render\RenderCrow.java:14: error: RenderCrow is not abstract and does not override abstract method getTextureLocation(LivingEntityRenderState) in LivingEntityRenderer
public class RenderCrow extends MobRenderer<EntityCrow, LivingEntityRenderState, ModelCrow> {
       ^
C:\Users\justi\Documents\GitHub\AlexsMobs-26.2\src\main\java\com\github\alexthe666\alexsmobs\client\render\RenderCrow.java:19: error: incompatible types: LayerCrowItem cannot be converted to RenderLayer<LivingEntityRenderState,ModelCrow>
        this.addLayer(new LayerCrowItem(this));
                      ^
C:\Users\justi\Documents\GitHub\AlexsMobs-26.2\src\main\java\com\github\alexthe666\alexsmobs\client\render\layer\LayerElephantItem.java:15: error: type argument EntityElephant is not within bounds of type-variable S
public class LayerElephantItem extends RenderLayer<EntityElephant, ModelElephant> {
                                                   ^
  where S is a type-variable:
    S extends EntityRenderState declared in class RenderLayer
C:\Users\justi\Documents\GitHub\AlexsMobs-26.2\src\main\java\com\github\alexthe666\alexsmobs\client\render\layer\LayerElephantItem.java:15: error: LayerElephantItem is not abstract and does not override abstract method submit(PoseStack,SubmitNodeCollector,int,EntityElephant,float,float) in RenderLayer
public class LayerElephantItem extends RenderLayer<EntityElephant, ModelElephant> {
       ^
C:\Users\justi\Documents\GitHub\AlexsMobs-26.2\src\main\java\com\github\alexthe666\alexsmobs\client\render\layer\LayerElephantItem.java:18: error: incompatible types: RenderElephant cannot be converted to RenderLayerParent<EntityElephant,ModelElephant>
        super(render);
              ^
C:\Users\justi\Documents\GitHub\AlexsMobs-26.2\src\main\java\com\github\alexthe666\alexsmobs\client\render\layer\LayerElephantItem.java:36: error: cannot find symbol
        if(Minecraft.getInstance().getItemRenderer().getItemModelShaper().getItemModel(itemstack).isGui3d()){
                                  ^
  symbol:   method getItemRenderer()
  location: class Minecraft
C:\Users\justi\Documents\GitHub\AlexsMobs-26.2\src\main\java\com\github\alexthe666\alexsmobs\client\render\layer\LayerElephantItem.java:41: error: method renderItem in class ItemInHandRenderer cannot be applied to given types;
        renderer.renderItem(entitylivingbaseIn, itemstack, ItemDisplayContext.GROUND, false, matrixStackIn, bufferIn, packedLightIn);
                ^
  required: LivingEntity,ItemStack,ItemDisplayContext,PoseStack,SubmitNodeCollector,int
  found:    EntityElephant,ItemStack,ItemDisplayContext,boolean,PoseStack,OrderedSubmitNodeCollector,int
  reason: actual and formal argument lists differ in length
C:\Users\justi\Documents\GitHub\AlexsMobs-26.2\src\main\java\com\github\alexthe666\alexsmobs\client\render\RenderElephant.java:15: error: type argument ModelElephant is not within bounds of type-variable M
public class RenderElephant extends MobRenderer<EntityElephant, LivingEntityRenderState, ModelElephant> {
                                                                                         ^
  where M,S are type-variables:
    M extends EntityModel<? super S> declared in class MobRenderer
    S extends LivingEntityRenderState declared in class MobRenderer
C:\Users\justi\Documents\GitHub\AlexsMobs-26.2\src\main\java\com\github\alexthe666\alexsmobs\client\render\RenderElephant.java:15: error: RenderElephant is not abstract and does not override abstract method getTextureLocation(LivingEntityRenderState) in LivingEntityRenderer
public class RenderElephant extends MobRenderer<EntityElephant, LivingEntityRenderState, ModelElephant> {
       ^
C:\Users\justi\Documents\GitHub\AlexsMobs-26.2\src\main\java\com\github\alexthe666\alexsmobs\client\render\RenderElephant.java:21: error: incompatible types: LayerElephantOverlays cannot be converted to RenderLayer<LivingEntityRenderState,ModelElephant>
        this.addLayer(new LayerElephantOverlays(this));
                      ^
C:\Users\justi\Documents\GitHub\AlexsMobs-26.2\src\main\java\com\github\alexthe666\alexsmobs\client\render\RenderElephant.java:22: error: incompatible types: LayerElephantItem cannot be converted to RenderLayer<LivingEntityRenderState,ModelElephant>
        this.addLayer(new LayerElephantItem(this));
                      ^
C:\Users\justi\Documents\GitHub\AlexsMobs-26.2\src\main\java\com\github\alexthe666\alexsmobs\client\render\layer\LayerElephantOverlays.java:16: error: type argument EntityElephant is not within bounds of type-variable S
public class LayerElephantOverlays extends RenderLayer<EntityElephant, ModelElephant> {
                                                       ^
  where S is a type-variable:
    S extends EntityRenderState declared in class RenderLayer
C:\Users\justi\Documents\GitHub\AlexsMobs-26.2\src\main\java\com\github\alexthe666\alexsmobs\client\render\layer\LayerElephantOverlays.java:16: error: LayerElephantOverlays is not abstract and does not override abstract method submit(PoseStack,SubmitNodeCollector,int,EntityElephant,float,float) in RenderLayer
public class LayerElephantOverlays extends RenderLayer<EntityElephant, ModelElephant> {
       ^
C:\Users\justi\Documents\GitHub\AlexsMobs-26.2\src\main\java\com\github\alexthe666\alexsmobs\client\render\layer\LayerElephantOverlays.java:25: error: incompatible types: RenderElephant cannot be converted to RenderLayerParent<EntityElephant,ModelElephant>
        super(renderElephant);
              ^
C:\Users\justi\Documents\GitHub\AlexsMobs-26.2\src\main\java\com\github\alexthe666\alexsmobs\client\render\layer\LayerElephantOverlays.java:30: error: cannot find symbol
            VertexConsumer ivertexbuilder = bufferIn.getBuffer(RenderType.entityCutout(TEXTURE_CHEST));
                                                                         ^
  symbol:   method entityCutout(Identifier)
  location: class RenderType
C:\Users\justi\Documents\GitHub\AlexsMobs-26.2\src\main\java\com\github\alexthe666\alexsmobs\client\render\layer\LayerElephantOverlays.java:31: error: incompatible types: EntityElephant cannot be converted to LivingEntityRenderState
            this.getParentModel().renderToBuffer(matrixStackIn, ivertexbuilder, packedLightIn, LivingEntityRenderer.getOverlayCoords(elephant, 0.0F), 1.0F, 1.0F, 1.0F, 1.0F);
                                                                                                                                     ^
C:\Users\justi\Documents\GitHub\AlexsMobs-26.2\src\main\java\com\github\alexthe666\alexsmobs\client\render\layer\LayerElephantOverlays.java:42: error: cannot find symbol
            ((ModelElephant) this.getParentModel()).copyPropertiesTo(this.model);
                                                   ^
  symbol:   method copyPropertiesTo(ModelElephant)
  location: class ModelElephant
C:\Users\justi\Documents\GitHub\AlexsMobs-26.2\src\main\java\com\github\alexthe666\alexsmobs\client\render\layer\LayerElephantOverlays.java:44: error: cannot find symbol
            VertexConsumer lvt_13_1_ = bufferIn.getBuffer(RenderType.entityCutout(lvt_12_3_));
                                                                    ^
  symbol:   method entityCutout(Identifier)
  location: class RenderType
C:\Users\justi\Documents\GitHub\AlexsMobs-26.2\src\main\java\com\github\alexthe666\alexsmobs\client\render\layer\LayerEndergradeSaddle.java:14: error: type argument EntityEndergrade is not within bounds of type-variable S
public class LayerEndergradeSaddle extends RenderLayer<EntityEndergrade, ModelEndergrade> {
                                                       ^
  where S is a type-variable:
    S extends EntityRenderState declared in class RenderLayer
C:\Users\justi\Documents\GitHub\AlexsMobs-26.2\src\main\java\com\github\alexthe666\alexsmobs\client\render\layer\LayerEndergradeSaddle.java:14: error: LayerEndergradeSaddle is not abstract and does not override abstract method submit(PoseStack,SubmitNodeCollector,int,EntityEndergrade,float,float) in RenderLayer
public class LayerEndergradeSaddle extends RenderLayer<EntityEndergrade, ModelEndergrade> {
       ^
C:\Users\justi\Documents\GitHub\AlexsMobs-26.2\src\main\java\com\github\alexthe666\alexsmobs\client\render\layer\LayerEndergradeSaddle.java:18: error: incompatible types: RenderEndergrade cannot be converted to RenderLayerParent<EntityEndergrade,ModelEndergrade>
        super(renderGrizzlyBear);
              ^
C:\Users\justi\Documents\GitHub\AlexsMobs-26.2\src\main\java\com\github\alexthe666\alexsmobs\client\render\layer\LayerEndergradeSaddle.java:23: error: cannot find symbol
            VertexConsumer ivertexbuilder = bufferIn.getBuffer(RenderType.entityCutout(TEXTURE));
                                                                         ^
  symbol:   method entityCutout(Identifier)
  location: class RenderType
C:\Users\justi\Documents\GitHub\AlexsMobs-26.2\src\main\java\com\github\alexthe666\alexsmobs\client\render\layer\LayerEndergradeSaddle.java:24: error: incompatible types: EntityEndergrade cannot be converted to LivingEntityRenderState
            this.getParentModel().renderToBuffer(matrixStackIn, ivertexbuilder, packedLightIn, LivingEntityRenderer.getOverlayCoords(entitylivingbaseIn, 0.0F), 1.0F, 1.0F, 1.0F, 1.0F);
                                                                                                                                     ^
C:\Users\justi\Documents\GitHub\AlexsMobs-26.2\src\main\java\com\github\alexthe666\alexsmobs\client\render\RenderEndergrade.java:17: error: type argument ModelEndergrade is not within bounds of type-variable M
public class RenderEndergrade extends MobRenderer<EntityEndergrade, LivingEntityRenderState, ModelEndergrade> {
                                                                                             ^
  where M,S are type-variables:
    M extends EntityModel<? super S> declared in class MobRenderer
    S extends LivingEntityRenderState declared in class MobRenderer
C:\Users\justi\Documents\GitHub\AlexsMobs-26.2\src\main\java\com\github\alexthe666\alexsmobs\client\render\RenderEndergrade.java:17: error: RenderEndergrade is not abstract and does not override abstract method getTextureLocation(LivingEntityRenderState) in LivingEntityRenderer
public class RenderEndergrade extends MobRenderer<EntityEndergrade, LivingEntityRenderState, ModelEndergrade> {
       ^
C:\Users\justi\Documents\GitHub\AlexsMobs-26.2\src\main\java\com\github\alexthe666\alexsmobs\client\render\RenderEndergrade.java:22: error: incompatible types: LayerEndergradeSaddle cannot be converted to RenderLayer<LivingEntityRenderState,ModelEndergrade>
        this.addLayer(new LayerEndergradeSaddle(this));
                      ^
C:\Users\justi\Documents\GitHub\AlexsMobs-26.2\src\main\java\com\github\alexthe666\alexsmobs\client\render\RenderEndergrade.java:26: error: method does not override or implement a method from a supertype
    @Override
    ^
C:\Users\justi\Documents\GitHub\AlexsMobs-26.2\src\main\java\com\github\alexthe666\alexsmobs\client\render\RenderEndergrade.java:30: error: cannot find symbol
            return RenderType.itemEntityTranslucentCull(Identifier);
                             ^
  symbol:   method itemEntityTranslucentCull(Identifier)
  location: class RenderType
C:\Users\justi\Documents\GitHub\AlexsMobs-26.2\src\main\java\com\github\alexthe666\alexsmobs\client\render\RenderEndergrade.java:32: error: cannot find symbol
            return RenderType.entityTranslucent(Identifier);
                             ^
  symbol:   method entityTranslucent(Identifier)
  location: class RenderType
C:\Users\justi\Documents\GitHub\AlexsMobs-26.2\src\main\java\com\github\alexthe666\alexsmobs\client\render\RenderEndergrade.java:34: error: method outline in class RenderType cannot be applied to given types;
            return p_230496_4_ ? RenderType.outline(Identifier) : null;
                                           ^
  required: no arguments
  found:    Identifier
  reason: actual and formal argument lists differ in length
C:\Users\justi\Documents\GitHub\AlexsMobs-26.2\src\main\java\com\github\alexthe666\alexsmobs\client\render\layer\LayerGorillaItem.java:18: error: type argument EntityGorilla is not within bounds of type-variable S
public class LayerGorillaItem extends RenderLayer<EntityGorilla, ModelGorilla> {
                                                  ^
  where S is a type-variable:
    S extends EntityRenderState declared in class RenderLayer
C:\Users\justi\Documents\GitHub\AlexsMobs-26.2\src\main\java\com\github\alexthe666\alexsmobs\client\render\layer\LayerGorillaItem.java:18: error: LayerGorillaItem is not abstract and does not override abstract method submit(PoseStack,SubmitNodeCollector,int,EntityGorilla,float,float) in RenderLayer
public class LayerGorillaItem extends RenderLayer<EntityGorilla, ModelGorilla> {
       ^
C:\Users\justi\Documents\GitHub\AlexsMobs-26.2\src\main\java\com\github\alexthe666\alexsmobs\client\render\layer\LayerGorillaItem.java:21: error: incompatible types: RenderGorilla cannot be converted to RenderLayerParent<EntityGorilla,ModelGorilla>
        super(render);
              ^
C:\Users\justi\Documents\GitHub\AlexsMobs-26.2\src\main\java\com\github\alexthe666\alexsmobs\client\render\layer\LayerGorillaItem.java:39: error: method renderItem in class ItemInHandRenderer cannot be applied to given types;
            renderer.renderItem(entitylivingbaseIn, haloStack, ItemDisplayContext.GROUND, false, matrixStackIn, bufferIn, packedLightIn);
                    ^
  required: LivingEntity,ItemStack,ItemDisplayContext,PoseStack,SubmitNodeCollector,int
  found:    EntityGorilla,ItemStack,ItemDisplayContext,boolean,PoseStack,OrderedSubmitNodeCollector,int
  reason: actual and formal argument lists differ in length
C:\Users\justi\Documents\GitHub\AlexsMobs-26.2\src\main\java\com\github\alexthe666\alexsmobs\client\render\layer\LayerGorillaItem.java:58: error: method renderItem in class ItemInHandRenderer cannot be applied to given types;
        renderer.renderItem(entitylivingbaseIn, itemstack, ItemDisplayContext.GROUND, false, matrixStackIn, bufferIn, packedLightIn);
                ^
  required: LivingEntity,ItemStack,ItemDisplayContext,PoseStack,SubmitNodeCollector,int
  found:    EntityGorilla,ItemStack,ItemDisplayContext,boolean,PoseStack,OrderedSubmitNodeCollector,int
  reason: actual and formal argument lists differ in length
C:\Users\justi\Documents\GitHub\AlexsMobs-26.2\src\main\java\com\github\alexthe666\alexsmobs\client\render\RenderGorilla.java:14: error: type argument ModelGorilla is not within bounds of type-variable M
public class RenderGorilla extends MobRenderer<EntityGorilla, LivingEntityRenderState, ModelGorilla> {
                                                                                       ^
  where M,S are type-variables:
    M extends EntityModel<? super S> declared in class MobRenderer
    S extends LivingEntityRenderState declared in class MobRenderer
C:\Users\justi\Documents\GitHub\AlexsMobs-26.2\src\main\java\com\github\alexthe666\alexsmobs\client\render\RenderGorilla.java:14: error: RenderGorilla is not abstract and does not override abstract method getTextureLocation(LivingEntityRenderState) in LivingEntityRenderer
public class RenderGorilla extends MobRenderer<EntityGorilla, LivingEntityRenderState, ModelGorilla> {
       ^
C:\Users\justi\Documents\GitHub\AlexsMobs-26.2\src\main\java\com\github\alexthe666\alexsmobs\client\render\RenderGorilla.java:22: error: incompatible types: LayerGorillaItem cannot be converted to RenderLayer<LivingEntityRenderState,ModelGorilla>
        this.addLayer(new LayerGorillaItem(this));
                      ^
C:\Users\justi\Documents\GitHub\AlexsMobs-26.2\src\main\java\com\github\alexthe666\alexsmobs\client\render\layer\LayerGrizzlyHoney.java:14: error: type argument EntityGrizzlyBear is not within bounds of type-variable S
public class LayerGrizzlyHoney extends RenderLayer<EntityGrizzlyBear, ModelGrizzlyBear> {
                                                   ^
  where S is a type-variable:
    S extends EntityRenderState declared in class RenderLayer
C:\Users\justi\Documents\GitHub\AlexsMobs-26.2\src\main\java\com\github\alexthe666\alexsmobs\client\render\layer\LayerGrizzlyHoney.java:14: error: LayerGrizzlyHoney is not abstract and does not override abstract method submit(PoseStack,SubmitNodeCollector,int,EntityGrizzlyBear,float,float) in RenderLayer
public class LayerGrizzlyHoney extends RenderLayer<EntityGrizzlyBear, ModelGrizzlyBear> {
       ^
C:\Users\justi\Documents\GitHub\AlexsMobs-26.2\src\main\java\com\github\alexthe666\alexsmobs\client\render\layer\LayerGrizzlyHoney.java:18: error: incompatible types: RenderGrizzlyBear cannot be converted to RenderLayerParent<EntityGrizzlyBear,ModelGrizzlyBear>
        super(renderGrizzlyBear);
              ^
C:\Users\justi\Documents\GitHub\AlexsMobs-26.2\src\main\java\com\github\alexthe666\alexsmobs\client\render\layer\LayerGrizzlyHoney.java:23: error: cannot find symbol
            VertexConsumer ivertexbuilder = bufferIn.getBuffer(RenderType.entityTranslucent(TEXTURE));
                                                                         ^
  symbol:   method entityTranslucent(Identifier)
  location: class RenderType
C:\Users\justi\Documents\GitHub\AlexsMobs-26.2\src\main\java\com\github\alexthe666\alexsmobs\client\render\layer\LayerGrizzlyHoney.java:24: error: incompatible types: EntityGrizzlyBear cannot be converted to LivingEntityRenderState
            this.getParentModel().renderToBuffer(matrixStackIn, ivertexbuilder, packedLightIn, LivingEntityRenderer.getOverlayCoords(entitylivingbaseIn, 0.0F), 1.0F, 1.0F, 1.0F, 1.0F);
                                                                                                                                     ^
C:\Users\justi\Documents\GitHub\AlexsMobs-26.2\src\main\java\com\github\alexthe666\alexsmobs\client\render\RenderGrizzlyBear.java:21: error: type argument ModelGrizzlyBear is not within bounds of type-variable M
public class RenderGrizzlyBear extends MobRenderer<EntityGrizzlyBear, LivingEntityRenderState, ModelGrizzlyBear> {
                                                                                               ^
  where M,S are type-variables:
    M extends EntityModel<? super S> declared in class MobRenderer
    S extends LivingEntityRenderState declared in class MobRenderer
C:\Users\justi\Documents\GitHub\AlexsMobs-26.2\src\main\java\com\github\alexthe666\alexsmobs\client\render\RenderGrizzlyBear.java:21: error: RenderGrizzlyBear is not abstract and does not override abstract method getTextureLocation(LivingEntityRenderState) in LivingEntityRenderer
public class RenderGrizzlyBear extends MobRenderer<EntityGrizzlyBear, LivingEntityRenderState, ModelGrizzlyBear> {
       ^
C:\Users\justi\Documents\GitHub\AlexsMobs-26.2\src\main\java\com\github\alexthe666\alexsmobs\client\render\RenderGrizzlyBear.java:29: error: incompatible types: RenderGrizzlyBear.LayerFreddyEyes cannot be converted to RenderLayer<LivingEntityRenderState,ModelGrizzlyBear>
        this.addLayer(new LayerFreddyEyes());
                      ^
C:\Users\justi\Documents\GitHub\AlexsMobs-26.2\src\main\java\com\github\alexthe666\alexsmobs\client\render\RenderGrizzlyBear.java:30: error: incompatible types: LayerGrizzlyHoney cannot be converted to RenderLayer<LivingEntityRenderState,ModelGrizzlyBear>
        this.addLayer(new LayerGrizzlyHoney(this));
                      ^
C:\Users\justi\Documents\GitHub\AlexsMobs-26.2\src\main\java\com\github\alexthe666\alexsmobs\client\render\RenderGrizzlyBear.java:31: error: incompatible types: RenderGrizzlyBear.LayerSnow cannot be converted to RenderLayer<LivingEntityRenderState,ModelGrizzlyBear>
        this.addLayer(new LayerSnow());
                      ^
C:\Users\justi\Documents\GitHub\AlexsMobs-26.2\src\main\java\com\github\alexthe666\alexsmobs\client\render\RenderGrizzlyBear.java:32: error: incompatible types: LayerGrizzlyItem cannot be converted to RenderLayer<LivingEntityRenderState,ModelGrizzlyBear>
        this.addLayer(new LayerGrizzlyItem(this));
                      ^
C:\Users\justi\Documents\GitHub\AlexsMobs-26.2\src\main\java\com\github\alexthe666\alexsmobs\client\render\RenderGrizzlyBear.java:46: error: type argument EntityGrizzlyBear is not within bounds of type-variable S
    class LayerSnow extends RenderLayer<EntityGrizzlyBear, ModelGrizzlyBear> {
                                        ^
  where S is a type-variable:
    S extends EntityRenderState declared in class RenderLayer
C:\Users\justi\Documents\GitHub\AlexsMobs-26.2\src\main\java\com\github\alexthe666\alexsmobs\client\render\RenderGrizzlyBear.java:46: error: RenderGrizzlyBear.LayerSnow is not abstract and does not override abstract method submit(PoseStack,SubmitNodeCollector,int,EntityGrizzlyBear,float,float) in RenderLayer
    class LayerSnow extends RenderLayer<EntityGrizzlyBear, ModelGrizzlyBear> {
    ^
C:\Users\justi\Documents\GitHub\AlexsMobs-26.2\src\main\java\com\github\alexthe666\alexsmobs\client\render\RenderGrizzlyBear.java:49: error: incompatible types: RenderGrizzlyBear cannot be converted to RenderLayerParent<EntityGrizzlyBear,ModelGrizzlyBear>
            super(RenderGrizzlyBear.this);
                                   ^
C:\Users\justi\Documents\GitHub\AlexsMobs-26.2\src\main\java\com\github\alexthe666\alexsmobs\client\render\RenderGrizzlyBear.java:54: error: cannot find symbol
                VertexConsumer ivertexbuilder = bufferIn.getBuffer(RenderType.entityCutout(TEXTURE_SNOWY));
                                                                             ^
  symbol:   method entityCutout(Identifier)
  location: class RenderType
C:\Users\justi\Documents\GitHub\AlexsMobs-26.2\src\main\java\com\github\alexthe666\alexsmobs\client\render\RenderGrizzlyBear.java:55: error: incompatible types: EntityGrizzlyBear cannot be converted to LivingEntityRenderState
                this.getParentModel().renderToBuffer(matrixStackIn, ivertexbuilder, packedLightIn, LivingEntityRenderer.getOverlayCoords(entitylivingbaseIn, 0.0F), 1.0F, 1.0F, 1.0F, 1.0F);
                                                                                                                                         ^
C:\Users\justi\Documents\GitHub\AlexsMobs-26.2\src\main\java\com\github\alexthe666\alexsmobs\client\render\RenderGrizzlyBear.java:60: error: type argument EntityGrizzlyBear is not within bounds of type-variable S
    class LayerFreddyEyes extends RenderLayer<EntityGrizzlyBear, ModelGrizzlyBear> {
                                              ^
  where S is a type-variable:
    S extends EntityRenderState declared in class RenderLayer
C:\Users\justi\Documents\GitHub\AlexsMobs-26.2\src\main\java\com\github\alexthe666\alexsmobs\client\render\RenderGrizzlyBear.java:60: error: RenderGrizzlyBear.LayerFreddyEyes is not abstract and does not override abstract method submit(PoseStack,SubmitNodeCollector,int,EntityGrizzlyBear,float,float) in RenderLayer
    class LayerFreddyEyes extends RenderLayer<EntityGrizzlyBear, ModelGrizzlyBear> {
    ^
C:\Users\justi\Documents\GitHub\AlexsMobs-26.2\src\main\java\com\github\alexthe666\alexsmobs\client\render\RenderGrizzlyBear.java:63: error: incompatible types: RenderGrizzlyBear cannot be converted to RenderLayerParent<EntityGrizzlyBear,ModelGrizzlyBear>
            super(RenderGrizzlyBear.this);
                                   ^
C:\Users\justi\Documents\GitHub\AlexsMobs-26.2\src\main\java\com\github\alexthe666\alexsmobs\client\render\RenderGrizzlyBear.java:68: error: cannot find symbol
                VertexConsumer ivertexbuilder = bufferIn.getBuffer(AMRenderTypes.getEyesNoFog(TEXTURE_FREDDY_EYES));
                                                        ^
  symbol:   method getBuffer(RenderType)
  location: variable bufferIn of type OrderedSubmitNodeCollector
C:\Users\justi\Documents\GitHub\AlexsMobs-26.2\src\main\java\com\github\alexthe666\alexsmobs\client\render\RenderGrizzlyBear.java:69: error: incompatible types: EntityGrizzlyBear cannot be converted to LivingEntityRenderState
                this.getParentModel().renderToBuffer(matrixStackIn, ivertexbuilder, packedLightIn, LivingEntityRenderer.getOverlayCoords(entitylivingbaseIn, 0.0F), 1.0F, 1.0F, 1.0F, 0.1F);
                                                                                                                                         ^
C:\Users\justi\Documents\GitHub\AlexsMobs-26.2\src\main\java\com\github\alexthe666\alexsmobs\client\render\layer\LayerGrizzlyItem.java:16: error: type argument EntityGrizzlyBear is not within bounds of type-variable S
public class LayerGrizzlyItem extends RenderLayer<EntityGrizzlyBear, ModelGrizzlyBear> {
                                                  ^
  where S is a type-variable:
    S extends EntityRenderState declared in class RenderLayer
C:\Users\justi\Documents\GitHub\AlexsMobs-26.2\src\main\java\com\github\alexthe666\alexsmobs\client\render\layer\LayerGrizzlyItem.java:16: error: LayerGrizzlyItem is not abstract and does not override abstract method submit(PoseStack,SubmitNodeCollector,int,EntityGrizzlyBear,float,float) in RenderLayer
public class LayerGrizzlyItem extends RenderLayer<EntityGrizzlyBear, ModelGrizzlyBear> {
       ^
C:\Users\justi\Documents\GitHub\AlexsMobs-26.2\src\main\java\com\github\alexthe666\alexsmobs\client\render\layer\LayerGrizzlyItem.java:19: error: incompatible types: RenderGrizzlyBear cannot be converted to RenderLayerParent<EntityGrizzlyBear,ModelGrizzlyBear>
        super(renderGrizzlyBear);
              ^
C:\Users\justi\Documents\GitHub\AlexsMobs-26.2\src\main\java\com\github\alexthe666\alexsmobs\client\render\layer\LayerGrizzlyItem.java:39: error: method renderItem in class ItemInHandRenderer cannot be applied to given types;
        renderer.renderItem(entitylivingbaseIn, itemstack, ItemDisplayContext.GROUND, false, matrixStackIn, bufferIn, packedLightIn);
                ^
  required: LivingEntity,ItemStack,ItemDisplayContext,PoseStack,SubmitNodeCollector,int
  found:    EntityGrizzlyBear,ItemStack,ItemDisplayContext,boolean,PoseStack,OrderedSubmitNodeCollector,int
  reason: actual and formal argument lists differ in length
C:\Users\justi\Documents\GitHub\AlexsMobs-26.2\src\main\java\com\github\alexthe666\alexsmobs\client\render\layer\LayerKangarooArmor.java:33: error: type argument EntityKangaroo is not within bounds of type-variable S
public class LayerKangarooArmor extends RenderLayer<EntityKangaroo, ModelKangaroo> {
                                                    ^
  where S is a type-variable:
    S extends EntityRenderState declared in class RenderLayer
C:\Users\justi\Documents\GitHub\AlexsMobs-26.2\src\main\java\com\github\alexthe666\alexsmobs\client\render\layer\LayerKangarooArmor.java:33: error: LayerKangarooArmor is not abstract and does not override abstract method submit(PoseStack,SubmitNodeCollector,int,EntityKangaroo,float,float) in RenderLayer
public class LayerKangarooArmor extends RenderLayer<EntityKangaroo, ModelKangaroo> {
       ^
C:\Users\justi\Documents\GitHub\AlexsMobs-26.2\src\main\java\com\github\alexthe666\alexsmobs\client\render\layer\LayerKangarooArmor.java:40: error: incompatible types: RenderKangaroo cannot be converted to RenderLayerParent<EntityKangaroo,ModelKangaroo>
        super(render);
              ^
C:\Users\justi\Documents\GitHub\AlexsMobs-26.2\src\main\java\com\github\alexthe666\alexsmobs\client\render\layer\LayerKangarooArmor.java:41: error: cannot find symbol
        defaultBipedModel = new HumanoidModel(context.bakeLayer(ModelLayers.ARMOR_STAND_OUTER_ARMOR));
                                                                           ^
  symbol:   variable ARMOR_STAND_OUTER_ARMOR
  location: class ModelLayers
C:\Users\justi\Documents\GitHub\AlexsMobs-26.2\src\main\java\com\github\alexthe666\alexsmobs\client\render\layer\LayerKangarooArmor.java:46: error: cannot find symbol
        ArmorItem item = (ArmorItem) stack.getItem();
        ^
  symbol:   class ArmorItem
  location: class LayerKangarooArmor
C:\Users\justi\Documents\GitHub\AlexsMobs-26.2\src\main\java\com\github\alexthe666\alexsmobs\client\render\layer\LayerKangarooArmor.java:46: error: cannot find symbol
        ArmorItem item = (ArmorItem) stack.getItem();
                          ^
  symbol:   class ArmorItem
  location: class LayerKangarooArmor
C:\Users\justi\Documents\GitHub\AlexsMobs-26.2\src\main\java\com\github\alexthe666\alexsmobs\client\render\layer\LayerKangarooArmor.java:56: error: method getArmorTexture in class ClientHooks cannot be applied to given types;
        s1 = net.neoforged.neoforge.client.ClientHooks.getArmorTexture(entity, stack, s1, slot, type);
                                                      ^
  required: ItemStack,LayerType,Layer,Identifier
  found:    Entity,ItemStack,String,EquipmentSlot,String
  reason: actual and formal argument lists differ in length
C:\Users\justi\Documents\GitHub\AlexsMobs-26.2\src\main\java\com\github\alexthe666\alexsmobs\client\render\layer\LayerKangarooArmor.java:78: error: method renderItem in class ItemInHandRenderer cannot be applied to given types;
            renderer.renderItem(roo, haloStack, ItemDisplayContext.GROUND, false, matrixStackIn, bufferIn, packedLightIn);
                    ^
  required: LivingEntity,ItemStack,ItemDisplayContext,PoseStack,SubmitNodeCollector,int
  found:    EntityKangaroo,ItemStack,ItemDisplayContext,boolean,PoseStack,OrderedSubmitNodeCollector,int
  reason: actual and formal argument lists differ in length
C:\Users\justi\Documents\GitHub\AlexsMobs-26.2\src\main\java\com\github\alexthe666\alexsmobs\client\render\layer\LayerKangarooArmor.java:85: error: cannot find symbol
                if (itemstack.getItem() instanceof ArmorItem) {
                                                   ^
  symbol:   class ArmorItem
  location: class LayerKangarooArmor
C:\Users\justi\Documents\GitHub\AlexsMobs-26.2\src\main\java\com\github\alexthe666\alexsmobs\client\render\layer\LayerKangarooArmor.java:86: error: cannot find symbol
                    ArmorItem armoritem = (ArmorItem) itemstack.getItem();
                    ^
  symbol:   class ArmorItem
  location: class LayerKangarooArmor
C:\Users\justi\Documents\GitHub\AlexsMobs-26.2\src\main\java\com\github\alexthe666\alexsmobs\client\render\layer\LayerKangarooArmor.java:86: error: cannot find symbol
                    ArmorItem armoritem = (ArmorItem) itemstack.getItem();
                                           ^
  symbol:   class ArmorItem
  location: class LayerKangarooArmor
C:\Users\justi\Documents\GitHub\AlexsMobs-26.2\src\main\java\com\github\alexthe666\alexsmobs\client\render\layer\LayerKangarooArmor.java:101: error: cannot find symbol
                        if (armoritem instanceof net.minecraft.world.item.DyeableLeatherItem) { // Allow this for anything, not only cloth
                                                                         ^
  symbol:   class DyeableLeatherItem
  location: package net.minecraft.world.item
C:\Users\justi\Documents\GitHub\AlexsMobs-26.2\src\main\java\com\github\alexthe666\alexsmobs\client\render\layer\LayerKangarooArmor.java:102: error: cannot find symbol
                            final int i = ((net.minecraft.world.item.DyeableLeatherItem) armoritem).getColor(itemstack);
                                                                    ^
  symbol:   class DyeableLeatherItem
  location: package net.minecraft.world.item
C:\Users\justi\Documents\GitHub\AlexsMobs-26.2\src\main\java\com\github\alexthe666\alexsmobs\client\render\layer\LayerKangarooArmor.java:118: error: cannot find symbol
                    Minecraft.getInstance().getItemRenderer().renderStatic(itemstack, ItemDisplayContext.FIXED, packedLightIn, OverlayTexture.NO_OVERLAY, matrixStackIn, bufferIn, roo.level(), 0);
                                           ^
  symbol:   method getItemRenderer()
  location: class Minecraft
C:\Users\justi\Documents\GitHub\AlexsMobs-26.2\src\main\java\com\github\alexthe666\alexsmobs\client\render\layer\LayerKangarooArmor.java:125: error: cannot find symbol
                if (itemstack.getItem() instanceof ArmorItem) {
                                                   ^
  symbol:   class ArmorItem
  location: class LayerKangarooArmor
C:\Users\justi\Documents\GitHub\AlexsMobs-26.2\src\main\java\com\github\alexthe666\alexsmobs\client\render\layer\LayerKangarooArmor.java:126: error: cannot find symbol
                    ArmorItem armoritem = (ArmorItem) itemstack.getItem();
                    ^
  symbol:   class ArmorItem
  location: class LayerKangarooArmor
C:\Users\justi\Documents\GitHub\AlexsMobs-26.2\src\main\java\com\github\alexthe666\alexsmobs\client\render\layer\LayerKangarooArmor.java:126: error: cannot find symbol
                    ArmorItem armoritem = (ArmorItem) itemstack.getItem();
                                           ^
  symbol:   class ArmorItem
  location: class LayerKangarooArmor
C:\Users\justi\Documents\GitHub\AlexsMobs-26.2\src\main\java\com\github\alexthe666\alexsmobs\client\render\layer\LayerKangarooArmor.java:137: error: cannot find symbol
                        if (armoritem instanceof net.minecraft.world.item.DyeableLeatherItem) { // Allow this for anything, not only cloth
                                                                         ^
  symbol:   class DyeableLeatherItem
  location: package net.minecraft.world.item
C:\Users\justi\Documents\GitHub\AlexsMobs-26.2\src\main\java\com\github\alexthe666\alexsmobs\client\render\layer\LayerKangarooArmor.java:138: error: cannot find symbol
                            int i = ((net.minecraft.world.item.DyeableLeatherItem) armoritem).getColor(itemstack);
                                                              ^
  symbol:   class DyeableLeatherItem
  location: package net.minecraft.world.item
C:\Users\justi\Documents\GitHub\AlexsMobs-26.2\src\main\java\com\github\alexthe666\alexsmobs\client\render\layer\LayerKangarooArmor.java:171: error: cannot find symbol
        VertexConsumer ivertexbuilder = ItemRenderer.getFoilBuffer(bufferIn, RenderType.entityCutout(armorResource), false, glintIn);
                                        ^
  symbol:   variable ItemRenderer
  location: class LayerKangarooArmor
C:\Users\justi\Documents\GitHub\AlexsMobs-26.2\src\main\java\com\github\alexthe666\alexsmobs\client\render\layer\LayerKangarooArmor.java:171: error: cannot find symbol
        VertexConsumer ivertexbuilder = ItemRenderer.getFoilBuffer(bufferIn, RenderType.entityCutout(armorResource), false, glintIn);
                                                                                       ^
  symbol:   method entityCutout(Identifier)
  location: class RenderType
C:\Users\justi\Documents\GitHub\AlexsMobs-26.2\src\main\java\com\github\alexthe666\alexsmobs\client\render\layer\LayerKangarooArmor.java:172: error: cannot find symbol
        renderer.getModel().copyPropertiesTo(modelIn);
                           ^
  symbol:   method copyPropertiesTo(HumanoidModel)
  location: class ModelKangaroo
C:\Users\justi\Documents\GitHub\AlexsMobs-26.2\src\main\java\com\github\alexthe666\alexsmobs\client\render\layer\LayerKangarooArmor.java:211: error: cannot find symbol
        VertexConsumer ivertexbuilder = ItemRenderer.getFoilBuffer(bufferIn, RenderType.entityCutout(armorResource), false, glintIn);
                                        ^
  symbol:   variable ItemRenderer
  location: class LayerKangarooArmor
C:\Users\justi\Documents\GitHub\AlexsMobs-26.2\src\main\java\com\github\alexthe666\alexsmobs\client\render\layer\LayerKangarooArmor.java:211: error: cannot find symbol
        VertexConsumer ivertexbuilder = ItemRenderer.getFoilBuffer(bufferIn, RenderType.entityCutout(armorResource), false, glintIn);
                                                                                       ^
  symbol:   method entityCutout(Identifier)
  location: class RenderType
C:\Users\justi\Documents\GitHub\AlexsMobs-26.2\src\main\java\com\github\alexthe666\alexsmobs\client\render\layer\LayerKangarooArmor.java:212: error: cannot find symbol
        renderer.getModel().copyPropertiesTo(modelIn);
                           ^
  symbol:   method copyPropertiesTo(HumanoidModel)
  location: class ModelKangaroo
C:\Users\justi\Documents\GitHub\AlexsMobs-26.2\src\main\java\com\github\alexthe666\alexsmobs\client\render\layer\LayerKangarooArmor.java:255: error: cannot find symbol
        model.setAllVisible(false);
             ^
  symbol:   method setAllVisible(boolean)
  location: variable model of type HumanoidModel
C:\Users\justi\Documents\GitHub\AlexsMobs-26.2\src\main\java\com\github\alexthe666\alexsmobs\client\render\layer\LayerKangarooArmor.java:261: error: cannot find symbol
         Model basicModel = net.neoforged.neoforge.client.ClientHooks.getArmorModel(entity, itemStack, slot, model);
                                                                     ^
  symbol:   method getArmorModel(LivingEntity,ItemStack,EquipmentSlot,HumanoidModel)
  location: class ClientHooks
C:\Users\justi\Documents\GitHub\AlexsMobs-26.2\src\main\java\com\github\alexthe666\alexsmobs\client\render\RenderKangaroo.java:17: error: type argument ModelKangaroo is not within bounds of type-variable M
public class RenderKangaroo extends MobRenderer<EntityKangaroo, LivingEntityRenderState, ModelKangaroo> {
                                                                                         ^
  where M,S are type-variables:
    M extends EntityModel<? super S> declared in class MobRenderer
    S extends LivingEntityRenderState declared in class MobRenderer
C:\Users\justi\Documents\GitHub\AlexsMobs-26.2\src\main\java\com\github\alexthe666\alexsmobs\client\render\RenderKangaroo.java:17: error: RenderKangaroo is not abstract and does not override abstract method getTextureLocation(LivingEntityRenderState) in LivingEntityRenderer
public class RenderKangaroo extends MobRenderer<EntityKangaroo, LivingEntityRenderState, ModelKangaroo> {
       ^
C:\Users\justi\Documents\GitHub\AlexsMobs-26.2\src\main\java\com\github\alexthe666\alexsmobs\client\render\RenderKangaroo.java:22: error: incompatible types: LayerKangarooItem cannot be converted to RenderLayer<LivingEntityRenderState,ModelKangaroo>
        this.addLayer(new LayerKangarooItem(this));
                      ^
C:\Users\justi\Documents\GitHub\AlexsMobs-26.2\src\main\java\com\github\alexthe666\alexsmobs\client\render\RenderKangaroo.java:23: error: incompatible types: LayerKangarooArmor cannot be converted to RenderLayer<LivingEntityRenderState,ModelKangaroo>
        this.addLayer(new LayerKangarooArmor(this, renderManagerIn));
                      ^
C:\Users\justi\Documents\GitHub\AlexsMobs-26.2\src\main\java\com\github\alexthe666\alexsmobs\client\render\RenderKangaroo.java:24: error: incompatible types: LayerKangarooBaby cannot be converted to RenderLayer<LivingEntityRenderState,ModelKangaroo>
        this.addLayer(new LayerKangarooBaby(this));
                      ^
C:\Users\justi\Documents\GitHub\AlexsMobs-26.2\src\main\java\com\github\alexthe666\alexsmobs\client\render\layer\LayerKangarooBaby.java:21: error: type argument EntityKangaroo is not within bounds of type-variable S
public class LayerKangarooBaby extends RenderLayer<EntityKangaroo, ModelKangaroo> {
                                                   ^
  where S is a type-variable:
    S extends EntityRenderState declared in class RenderLayer
C:\Users\justi\Documents\GitHub\AlexsMobs-26.2\src\main\java\com\github\alexthe666\alexsmobs\client\render\layer\LayerKangarooBaby.java:21: error: LayerKangarooBaby is not abstract and does not override abstract method submit(PoseStack,SubmitNodeCollector,int,EntityKangaroo,float,float) in RenderLayer
public class LayerKangarooBaby extends RenderLayer<EntityKangaroo, ModelKangaroo> {
       ^
C:\Users\justi\Documents\GitHub\AlexsMobs-26.2\src\main\java\com\github\alexthe666\alexsmobs\client\render\layer\LayerKangarooBaby.java:24: error: incompatible types: RenderKangaroo cannot be converted to RenderLayerParent<EntityKangaroo,ModelKangaroo>
        super(render);
              ^
C:\Users\justi\Documents\GitHub\AlexsMobs-26.2\src\main\java\com\github\alexthe666\alexsmobs\client\render\layer\LayerKangarooBaby.java:56: error: wrong number of type arguments; required 2
        EntityRenderer<? super E> render = null;
                      ^
C:\Users\justi\Documents\GitHub\AlexsMobs-26.2\src\main\java\com\github\alexthe666\alexsmobs\client\render\layer\LayerKangarooItem.java:16: error: type argument EntityKangaroo is not within bounds of type-variable S
public class LayerKangarooItem extends RenderLayer<EntityKangaroo, ModelKangaroo> {
                                                   ^
  where S is a type-variable:
    S extends EntityRenderState declared in class RenderLayer
C:\Users\justi\Documents\GitHub\AlexsMobs-26.2\src\main\java\com\github\alexthe666\alexsmobs\client\render\layer\LayerKangarooItem.java:16: error: LayerKangarooItem is not abstract and does not override abstract method submit(PoseStack,SubmitNodeCollector,int,EntityKangaroo,float,float) in RenderLayer
public class LayerKangarooItem extends RenderLayer<EntityKangaroo, ModelKangaroo> {
       ^
C:\Users\justi\Documents\GitHub\AlexsMobs-26.2\src\main\java\com\github\alexthe666\alexsmobs\client\render\layer\LayerKangarooItem.java:19: error: incompatible types: RenderKangaroo cannot be converted to RenderLayerParent<EntityKangaroo,ModelKangaroo>
        super(render);
              ^
C:\Users\justi\Documents\GitHub\AlexsMobs-26.2\src\main\java\com\github\alexthe666\alexsmobs\client\render\layer\LayerKangarooItem.java:38: error: method renderItem in class ItemInHandRenderer cannot be applied to given types;
        renderer.renderItem(entitylivingbaseIn, itemstack, left ? ItemDisplayContext.THIRD_PERSON_LEFT_HAND : ItemDisplayContext.THIRD_PERSON_RIGHT_HAND, false, matrixStackIn, bufferIn, packedLightIn);
                ^
  required: LivingEntity,ItemStack,ItemDisplayContext,PoseStack,SubmitNodeCollector,int
  found:    EntityKangaroo,ItemStack,left ? Ite[...]_HAND,boolean,PoseStack,OrderedSubmitNodeCollector,int
  reason: actual and formal argument lists differ in length
C:\Users\justi\Documents\GitHub\AlexsMobs-26.2\src\main\java\com\github\alexthe666\alexsmobs\client\render\layer\LayerLeafcutterAntLeaf.java:19: error: type argument EntityLeafcutterAnt is not within bounds of type-variable S
public class LayerLeafcutterAntLeaf extends RenderLayer<EntityLeafcutterAnt, AdvancedEntityModel<EntityLeafcutterAnt>> {
                                                        ^
  where S is a type-variable:
    S extends EntityRenderState declared in class RenderLayer
C:\Users\justi\Documents\GitHub\AlexsMobs-26.2\src\main\java\com\github\alexthe666\alexsmobs\client\render\layer\LayerLeafcutterAntLeaf.java:19: error: LayerLeafcutterAntLeaf is not abstract and does not override abstract method submit(PoseStack,SubmitNodeCollector,int,EntityLeafcutterAnt,float,float) in RenderLayer
public class LayerLeafcutterAntLeaf extends RenderLayer<EntityLeafcutterAnt, AdvancedEntityModel<EntityLeafcutterAnt>> {
       ^
C:\Users\justi\Documents\GitHub\AlexsMobs-26.2\src\main\java\com\github\alexthe666\alexsmobs\client\render\layer\LayerLeafcutterAntLeaf.java:26: error: incompatible types: RenderLeafcutterAnt cannot be converted to RenderLayerParent<EntityLeafcutterAnt,AdvancedEntityModel<EntityLeafcutterAnt>>
        super(render);
              ^
C:\Users\justi\Documents\GitHub\AlexsMobs-26.2\src\main\java\com\github\alexthe666\alexsmobs\client\render\layer\LayerLeafcutterAntLeaf.java:37: error: cannot find symbol
            VertexConsumer ivertexbuilder = bufferIn.getBuffer(RenderType.entityCutout(res));
                                                                         ^
  symbol:   method entityCutout(Identifier)
  location: class RenderType
C:\Users\justi\Documents\GitHub\AlexsMobs-26.2\src\main\java\com\github\alexthe666\alexsmobs\client\render\layer\LayerLeafcutterAntLeaf.java:38: error: cannot find symbol
            int leafColor = Minecraft.getInstance().getItemColors().getColor(new ItemStack(Items.JUNGLE_LEAVES), 0);
                                                   ^
  symbol:   method getItemColors()
  location: class Minecraft
C:\Users\justi\Documents\GitHub\AlexsMobs-26.2\src\main\java\com\github\alexthe666\alexsmobs\client\render\layer\LayerLeafcutterAntLeaf.java:45: error: incompatible types: EntityLeafcutterAnt cannot be converted to LivingEntityRenderState
            this.getParentModel().renderToBuffer(matrixStackIn, ivertexbuilder, packedLightIn, LivingEntityRenderer.getOverlayCoords(entitylivingbaseIn, 0.0F), f, f1, f2, 1.0F);
                                                                                                                                     ^
C:\Users\justi\Documents\GitHub\AlexsMobs-26.2\src\main\java\com\github\alexthe666\alexsmobs\client\render\RenderLeafcutterAnt.java:21: error: type argument AdvancedEntityModel<EntityLeafcutterAnt> is not within bounds of type-variable M
public class RenderLeafcutterAnt extends MobRenderer<EntityLeafcutterAnt, LivingEntityRenderState, AdvancedEntityModel<EntityLeafcutterAnt>> {
                                                                                                                      ^
  where M,S are type-variables:
    M extends EntityModel<? super S> declared in class MobRenderer
    S extends LivingEntityRenderState declared in class MobRenderer
C:\Users\justi\Documents\GitHub\AlexsMobs-26.2\src\main\java\com\github\alexthe666\alexsmobs\client\render\RenderLeafcutterAnt.java:21: error: RenderLeafcutterAnt is not abstract and does not override abstract method getTextureLocation(LivingEntityRenderState) in LivingEntityRenderer
public class RenderLeafcutterAnt extends MobRenderer<EntityLeafcutterAnt, LivingEntityRenderState, AdvancedEntityModel<EntityLeafcutterAnt>> {
       ^
C:\Users\justi\Documents\GitHub\AlexsMobs-26.2\src\main\java\com\github\alexthe666\alexsmobs\client\render\RenderLeafcutterAnt.java:31: error: incompatible types: LayerLeafcutterAntLeaf cannot be converted to RenderLayer<LivingEntityRenderState,AdvancedEntityModel<EntityLeafcutterAnt>>
        this.addLayer(new LayerLeafcutterAntLeaf(this));
                      ^
C:\Users\justi\Documents\GitHub\AlexsMobs-26.2\src\main\java\com\github\alexthe666\alexsmobs\client\render\RenderLeafcutterAnt.java:35: error: method does not override or implement a method from a supertype
    @Override
    ^
C:\Users\justi\Documents\GitHub\AlexsMobs-26.2\src\main\java\com\github\alexthe666\alexsmobs\client\render\RenderLeafcutterAnt.java:37: error: incompatible types: EntityLeafcutterAnt cannot be converted to LivingEntityRenderState
        if (this.isShaking(entityLiving)) {
                           ^
C:\Users\justi\Documents\GitHub\AlexsMobs-26.2\src\main\java\com\github\alexthe666\alexsmobs\client\render\RenderLeafcutterAnt.java:97: error: method getFlipDegrees in class LivingEntityRenderer<T,S,M> cannot be applied to given types;
            matrixStackIn.mulPose(Axis.ZP.rotationDegrees(f * this.getFlipDegrees(entityLiving)));
                                                                  ^
  required: no arguments
  found:    EntityLeafcutterAnt
  reason: actual and formal argument lists differ in length
  where T,S,M are type-variables:
    T extends LivingEntity declared in class LivingEntityRenderer
    S extends LivingEntityRenderState declared in class LivingEntityRenderer
    M extends EntityModel<? super S> declared in class LivingEntityRenderer
C:\Users\justi\Documents\GitHub\AlexsMobs-26.2\src\main\java\com\github\alexthe666\alexsmobs\client\render\layer\LayerMantisShrimpItem.java:16: error: type argument EntityMantisShrimp is not within bounds of type-variable S
public class LayerMantisShrimpItem extends RenderLayer<EntityMantisShrimp, ModelMantisShrimp> {
                                                       ^
  where S is a type-variable:
    S extends EntityRenderState declared in class RenderLayer
C:\Users\justi\Documents\GitHub\AlexsMobs-26.2\src\main\java\com\github\alexthe666\alexsmobs\client\render\layer\LayerMantisShrimpItem.java:16: error: LayerMantisShrimpItem is not abstract and does not override abstract method submit(PoseStack,SubmitNodeCollector,int,EntityMantisShrimp,float,float) in RenderLayer
public class LayerMantisShrimpItem extends RenderLayer<EntityMantisShrimp, ModelMantisShrimp> {
       ^
C:\Users\justi\Documents\GitHub\AlexsMobs-26.2\src\main\java\com\github\alexthe666\alexsmobs\client\render\layer\LayerMantisShrimpItem.java:19: error: incompatible types: RenderMantisShrimp cannot be converted to RenderLayerParent<EntityMantisShrimp,ModelMantisShrimp>
        super(render);
              ^
C:\Users\justi\Documents\GitHub\AlexsMobs-26.2\src\main\java\com\github\alexthe666\alexsmobs\client\render\layer\LayerMantisShrimpItem.java:33: error: cannot find symbol
        if(!Minecraft.getInstance().getItemRenderer().getItemModelShaper().getItemModel(itemstack).isGui3d()){
                                   ^
  symbol:   method getItemRenderer()
  location: class Minecraft
C:\Users\justi\Documents\GitHub\AlexsMobs-26.2\src\main\java\com\github\alexthe666\alexsmobs\client\render\layer\LayerMantisShrimpItem.java:42: error: method renderItem in class ItemInHandRenderer cannot be applied to given types;
        renderer.renderItem(entitylivingbaseIn, itemstack, ItemDisplayContext.GROUND, false, matrixStackIn, bufferIn, packedLightIn);
                ^
  required: LivingEntity,ItemStack,ItemDisplayContext,PoseStack,SubmitNodeCollector,int
  found:    EntityMantisShrimp,ItemStack,ItemDisplayContext,boolean,PoseStack,OrderedSubmitNodeCollector,int
  reason: actual and formal argument lists differ in length
C:\Users\justi\Documents\GitHub\AlexsMobs-26.2\src\main\java\com\github\alexthe666\alexsmobs\client\render\RenderMantisShrimp.java:14: error: type argument ModelMantisShrimp is not within bounds of type-variable M
public class RenderMantisShrimp extends MobRenderer<EntityMantisShrimp, LivingEntityRenderState, ModelMantisShrimp> {
                                                                                                 ^
  where M,S are type-variables:
    M extends EntityModel<? super S> declared in class MobRenderer
    S extends LivingEntityRenderState declared in class MobRenderer
C:\Users\justi\Documents\GitHub\AlexsMobs-26.2\src\main\java\com\github\alexthe666\alexsmobs\client\render\RenderMantisShrimp.java:14: error: RenderMantisShrimp is not abstract and does not override abstract method getTextureLocation(LivingEntityRenderState) in LivingEntityRenderer
public class RenderMantisShrimp extends MobRenderer<EntityMantisShrimp, LivingEntityRenderState, ModelMantisShrimp> {
       ^
C:\Users\justi\Documents\GitHub\AlexsMobs-26.2\src\main\java\com\github\alexthe666\alexsmobs\client\render\RenderMantisShrimp.java:22: error: incompatible types: LayerMantisShrimpItem cannot be converted to RenderLayer<LivingEntityRenderState,ModelMantisShrimp>
        this.addLayer(new LayerMantisShrimpItem(this));
                      ^
C:\Users\justi\Documents\GitHub\AlexsMobs-26.2\src\main\java\com\github\alexthe666\alexsmobs\client\render\layer\LayerMimicubeHeldItem.java:17: error: type argument EntityMimicube is not within bounds of type-variable S
public class LayerMimicubeHeldItem extends RenderLayer<EntityMimicube, ModelMimicube> {
                                                       ^
  where S is a type-variable:
    S extends EntityRenderState declared in class RenderLayer
C:\Users\justi\Documents\GitHub\AlexsMobs-26.2\src\main\java\com\github\alexthe666\alexsmobs\client\render\layer\LayerMimicubeHeldItem.java:17: error: LayerMimicubeHeldItem is not abstract and does not override abstract method submit(PoseStack,SubmitNodeCollector,int,EntityMimicube,float,float) in RenderLayer
public class LayerMimicubeHeldItem extends RenderLayer<EntityMimicube, ModelMimicube> {
       ^
C:\Users\justi\Documents\GitHub\AlexsMobs-26.2\src\main\java\com\github\alexthe666\alexsmobs\client\render\layer\LayerMimicubeHeldItem.java:20: error: incompatible types: RenderMimicube cannot be converted to RenderLayerParent<EntityMimicube,ModelMimicube>
        super(render);
              ^
C:\Users\justi\Documents\GitHub\AlexsMobs-26.2\src\main\java\com\github\alexthe666\alexsmobs\client\render\layer\LayerMimicubeHeldItem.java:45: error: cannot find symbol
            Minecraft.getInstance().getItemRenderer().renderStatic(itemRight, ItemDisplayContext.THIRD_PERSON_RIGHT_HAND, rightSwap > 0 ? (int) (-100 * rightSwap) : packedLightIn, LivingEntityRenderer.getOverlayCoords(entitylivingbaseIn, 0.0F), matrixStackIn, bufferIn, entitylivingbaseIn.level(), 0);
                                   ^
  symbol:   method getItemRenderer()
  location: class Minecraft
C:\Users\justi\Documents\GitHub\AlexsMobs-26.2\src\main\java\com\github\alexthe666\alexsmobs\client\render\layer\LayerMimicubeHeldItem.java:45: error: incompatible types: EntityMimicube cannot be converted to LivingEntityRenderState
            Minecraft.getInstance().getItemRenderer().renderStatic(itemRight, ItemDisplayContext.THIRD_PERSON_RIGHT_HAND, rightSwap > 0 ? (int) (-100 * rightSwap) : packedLightIn, LivingEntityRenderer.getOverlayCoords(entitylivingbaseIn, 0.0F), matrixStackIn, bufferIn, entitylivingbaseIn.level(), 0);
                                                                                                                                                                                                                          ^
C:\Users\justi\Documents\GitHub\AlexsMobs-26.2\src\main\java\com\github\alexthe666\alexsmobs\client\render\layer\LayerMimicubeHeldItem.java:62: error: cannot find symbol
            Minecraft.getInstance().getItemRenderer().renderStatic(itemLeft, ItemDisplayContext.THIRD_PERSON_RIGHT_HAND, leftSwap > 0 ? (int) (-100 * leftSwap) : packedLightIn, LivingEntityRenderer.getOverlayCoords(entitylivingbaseIn, 0.0F), matrixStackIn, bufferIn, entitylivingbaseIn.level(), 0);
                                   ^
  symbol:   method getItemRenderer()
  location: class Minecraft
C:\Users\justi\Documents\GitHub\AlexsMobs-26.2\src\main\java\com\github\alexthe666\alexsmobs\client\render\layer\LayerMimicubeHeldItem.java:62: error: incompatible types: EntityMimicube cannot be converted to LivingEntityRenderState
            Minecraft.getInstance().getItemRenderer().renderStatic(itemLeft, ItemDisplayContext.THIRD_PERSON_RIGHT_HAND, leftSwap > 0 ? (int) (-100 * leftSwap) : packedLightIn, LivingEntityRenderer.getOverlayCoords(entitylivingbaseIn, 0.0F), matrixStackIn, bufferIn, entitylivingbaseIn.level(), 0);
                                                                                                                                                                                                                       ^
C:\Users\justi\Documents\GitHub\AlexsMobs-26.2\src\main\java\com\github\alexthe666\alexsmobs\client\render\RenderMimicube.java:16: error: type argument ModelMimicube is not within bounds of type-variable M
public class RenderMimicube extends MobRenderer<EntityMimicube, LivingEntityRenderState, ModelMimicube> {
                                                                                         ^
  where M,S are type-variables:
    M extends EntityModel<? super S> declared in class MobRenderer
    S extends LivingEntityRenderState declared in class MobRenderer
C:\Users\justi\Documents\GitHub\AlexsMobs-26.2\src\main\java\com\github\alexthe666\alexsmobs\client\render\RenderMimicube.java:16: error: RenderMimicube is not abstract and does not override abstract method getTextureLocation(LivingEntityRenderState) in LivingEntityRenderer
public class RenderMimicube extends MobRenderer<EntityMimicube, LivingEntityRenderState, ModelMimicube> {
       ^
C:\Users\justi\Documents\GitHub\AlexsMobs-26.2\src\main\java\com\github\alexthe666\alexsmobs\client\render\RenderMimicube.java:21: error: incompatible types: LayerMimicubeHelmet cannot be converted to RenderLayer<LivingEntityRenderState,ModelMimicube>
        this.addLayer(new LayerMimicubeHelmet(this, renderManagerIn));
                      ^
C:\Users\justi\Documents\GitHub\AlexsMobs-26.2\src\main\java\com\github\alexthe666\alexsmobs\client\render\RenderMimicube.java:22: error: incompatible types: LayerMimicubeHeldItem cannot be converted to RenderLayer<LivingEntityRenderState,ModelMimicube>
        this.addLayer(new LayerMimicubeHeldItem(this));
                      ^
C:\Users\justi\Documents\GitHub\AlexsMobs-26.2\src\main\java\com\github\alexthe666\alexsmobs\client\render\RenderMimicube.java:23: error: incompatible types: LayerMimicubeTexture cannot be converted to RenderLayer<LivingEntityRenderState,ModelMimicube>
        this.addLayer(new LayerMimicubeTexture(this));
                      ^
C:\Users\justi\Documents\GitHub\AlexsMobs-26.2\src\main\java\com\github\alexthe666\alexsmobs\client\render\layer\LayerMimicubeHelmet.java:28: error: type argument EntityMimicube is not within bounds of type-variable S
public class LayerMimicubeHelmet extends RenderLayer<EntityMimicube, ModelMimicube> {
                                                     ^
  where S is a type-variable:
    S extends EntityRenderState declared in class RenderLayer
C:\Users\justi\Documents\GitHub\AlexsMobs-26.2\src\main\java\com\github\alexthe666\alexsmobs\client\render\layer\LayerMimicubeHelmet.java:28: error: LayerMimicubeHelmet is not abstract and does not override abstract method submit(PoseStack,SubmitNodeCollector,int,EntityMimicube,float,float) in RenderLayer
public class LayerMimicubeHelmet extends RenderLayer<EntityMimicube, ModelMimicube> {
       ^
C:\Users\justi\Documents\GitHub\AlexsMobs-26.2\src\main\java\com\github\alexthe666\alexsmobs\client\render\layer\LayerMimicubeHelmet.java:35: error: incompatible types: RenderMimicube cannot be converted to RenderLayerParent<EntityMimicube,ModelMimicube>
        super(render);
              ^
C:\Users\justi\Documents\GitHub\AlexsMobs-26.2\src\main\java\com\github\alexthe666\alexsmobs\client\render\layer\LayerMimicubeHelmet.java:37: error: cannot find symbol
        defaultBipedModel = new HumanoidModel(renderManagerIn.bakeLayer(ModelLayers.ARMOR_STAND_OUTER_ARMOR));
                                                                                   ^
  symbol:   variable ARMOR_STAND_OUTER_ARMOR
  location: class ModelLayers
C:\Users\justi\Documents\GitHub\AlexsMobs-26.2\src\main\java\com\github\alexthe666\alexsmobs\client\render\layer\LayerMimicubeHelmet.java:41: error: cannot find symbol
        ArmorItem item = (ArmorItem) stack.getItem();
        ^
  symbol:   class ArmorItem
  location: class LayerMimicubeHelmet
C:\Users\justi\Documents\GitHub\AlexsMobs-26.2\src\main\java\com\github\alexthe666\alexsmobs\client\render\layer\LayerMimicubeHelmet.java:41: error: cannot find symbol
        ArmorItem item = (ArmorItem) stack.getItem();
                          ^
  symbol:   class ArmorItem
  location: class LayerMimicubeHelmet
C:\Users\justi\Documents\GitHub\AlexsMobs-26.2\src\main\java\com\github\alexthe666\alexsmobs\client\render\layer\LayerMimicubeHelmet.java:51: error: method getArmorTexture in class ClientHooks cannot be applied to given types;
        s1 = net.neoforged.neoforge.client.ClientHooks.getArmorTexture(entity, stack, s1, slot, type);
                                                      ^
  required: ItemStack,LayerType,Layer,Identifier
  found:    Entity,ItemStack,String,EquipmentSlot,String
  reason: actual and formal argument lists differ in length
C:\Users\justi\Documents\GitHub\AlexsMobs-26.2\src\main\java\com\github\alexthe666\alexsmobs\client\render\layer\LayerMimicubeHelmet.java:66: error: cannot find symbol
        if (itemstack.getItem() instanceof ArmorItem) {
                                           ^
  symbol:   class ArmorItem
  location: class LayerMimicubeHelmet
C:\Users\justi\Documents\GitHub\AlexsMobs-26.2\src\main\java\com\github\alexthe666\alexsmobs\client\render\layer\LayerMimicubeHelmet.java:67: error: cannot find symbol
            ArmorItem armoritem = (ArmorItem) itemstack.getItem();
            ^
  symbol:   class ArmorItem
  location: class LayerMimicubeHelmet
C:\Users\justi\Documents\GitHub\AlexsMobs-26.2\src\main\java\com\github\alexthe666\alexsmobs\client\render\layer\LayerMimicubeHelmet.java:67: error: cannot find symbol
            ArmorItem armoritem = (ArmorItem) itemstack.getItem();
                                   ^
  symbol:   class ArmorItem
  location: class LayerMimicubeHelmet
C:\Users\justi\Documents\GitHub\AlexsMobs-26.2\src\main\java\com\github\alexthe666\alexsmobs\client\render\layer\LayerMimicubeHelmet.java:82: error: cannot find symbol
                if (armoritem instanceof net.minecraft.world.item.DyeableLeatherItem) { // Allow this for anything, not only cloth
                                                                 ^
  symbol:   class DyeableLeatherItem
  location: package net.minecraft.world.item
C:\Users\justi\Documents\GitHub\AlexsMobs-26.2\src\main\java\com\github\alexthe666\alexsmobs\client\render\layer\LayerMimicubeHelmet.java:83: error: cannot find symbol
                    int i = ((net.minecraft.world.item.DyeableLeatherItem) armoritem).getColor(itemstack);
                                                      ^
  symbol:   class DyeableLeatherItem
  location: package net.minecraft.world.item
C:\Users\justi\Documents\GitHub\AlexsMobs-26.2\src\main\java\com\github\alexthe666\alexsmobs\client\render\layer\LayerMimicubeHelmet.java:99: error: cannot find symbol
        VertexConsumer ivertexbuilder = ItemRenderer.getFoilBuffer(bufferIn, RenderType.entityCutout(armorResource), false, glintIn);
                                        ^
  symbol:   variable ItemRenderer
  location: class LayerMimicubeHelmet
C:\Users\justi\Documents\GitHub\AlexsMobs-26.2\src\main\java\com\github\alexthe666\alexsmobs\client\render\layer\LayerMimicubeHelmet.java:99: error: cannot find symbol
        VertexConsumer ivertexbuilder = ItemRenderer.getFoilBuffer(bufferIn, RenderType.entityCutout(armorResource), false, glintIn);
                                                                                       ^
  symbol:   method entityCutout(Identifier)
  location: class RenderType
C:\Users\justi\Documents\GitHub\AlexsMobs-26.2\src\main\java\com\github\alexthe666\alexsmobs\client\render\layer\LayerMimicubeHelmet.java:101: error: cannot find symbol
            renderer.getModel().copyPropertiesTo(modelIn);
                               ^
  symbol:   method copyPropertiesTo(HumanoidModel)
  location: class ModelMimicube
C:\Users\justi\Documents\GitHub\AlexsMobs-26.2\src\main\java\com\github\alexthe666\alexsmobs\client\render\layer\LayerMimicubeHelmet.java:111: error: cannot find symbol
            modelIn.hat.copyFrom(modelIn.head);
                       ^
  symbol:   method copyFrom(ModelPart)
  location: variable hat of type ModelPart
C:\Users\justi\Documents\GitHub\AlexsMobs-26.2\src\main\java\com\github\alexthe666\alexsmobs\client\render\layer\LayerMimicubeHelmet.java:112: error: cannot find symbol
            modelIn.body.copyFrom(modelIn.head);
                        ^
  symbol:   method copyFrom(ModelPart)
  location: variable body of type ModelPart
C:\Users\justi\Documents\GitHub\AlexsMobs-26.2\src\main\java\com\github\alexthe666\alexsmobs\client\render\layer\LayerMimicubeHelmet.java:141: error: cannot find symbol
        model.setAllVisible(false);
             ^
  symbol:   method setAllVisible(boolean)
  location: variable model of type HumanoidModel
C:\Users\justi\Documents\GitHub\AlexsMobs-26.2\src\main\java\com\github\alexthe666\alexsmobs\client\render\layer\LayerMimicubeHelmet.java:148: error: cannot find symbol
            Model basicModel = net.neoforged.neoforge.client.ClientHooks.getArmorModel(entity, itemStack, slot, model);
                                                                        ^
  symbol:   method getArmorModel(LivingEntity,ItemStack,EquipmentSlot,HumanoidModel)
  location: class ClientHooks
C:\Users\justi\Documents\GitHub\AlexsMobs-26.2\src\main\java\com\github\alexthe666\alexsmobs\client\render\layer\LayerMimicubeTexture.java:14: error: type argument EntityMimicube is not within bounds of type-variable S
public class LayerMimicubeTexture extends RenderLayer<EntityMimicube, ModelMimicube> {
                                                      ^
  where S is a type-variable:
    S extends EntityRenderState declared in class RenderLayer
C:\Users\justi\Documents\GitHub\AlexsMobs-26.2\src\main\java\com\github\alexthe666\alexsmobs\client\render\layer\LayerMimicubeTexture.java:14: error: LayerMimicubeTexture is not abstract and does not override abstract method submit(PoseStack,SubmitNodeCollector,int,EntityMimicube,float,float) in RenderLayer
public class LayerMimicubeTexture extends RenderLayer<EntityMimicube, ModelMimicube> {
       ^
C:\Users\justi\Documents\GitHub\AlexsMobs-26.2\src\main\java\com\github\alexthe666\alexsmobs\client\render\layer\LayerMimicubeTexture.java:18: error: incompatible types: RenderMimicube cannot be converted to RenderLayerParent<EntityMimicube,ModelMimicube>
        super(render);
              ^
C:\Users\justi\Documents\GitHub\AlexsMobs-26.2\src\main\java\com\github\alexthe666\alexsmobs\client\render\layer\LayerMimicubeTexture.java:22: error: cannot find symbol
        VertexConsumer ivertexbuilder = bufferIn.getBuffer(RenderType.entityTranslucent(TEXTURE));
                                                                     ^
  symbol:   method entityTranslucent(Identifier)
  location: class RenderType
C:\Users\justi\Documents\GitHub\AlexsMobs-26.2\src\main\java\com\github\alexthe666\alexsmobs\client\render\layer\LayerMimicubeTexture.java:23: error: incompatible types: EntityMimicube cannot be converted to LivingEntityRenderState
        this.getParentModel().renderToBuffer(matrixStackIn, ivertexbuilder, packedLightIn, LivingEntityRenderer.getOverlayCoords(entitylivingbaseIn, 0.0F), 1.0F, 1.0F, 1.0F, 1.0F);
                                                                                                                                 ^
C:\Users\justi\Documents\GitHub\AlexsMobs-26.2\src\main\java\com\github\alexthe666\alexsmobs\client\render\layer\LayerRaccoonEyes.java:16: error: type argument EntityRaccoon is not within bounds of type-variable S
public class LayerRaccoonEyes extends RenderLayer<EntityRaccoon, ModelRaccoon> {
                                                  ^
  where S is a type-variable:
    S extends EntityRenderState declared in class RenderLayer
C:\Users\justi\Documents\GitHub\AlexsMobs-26.2\src\main\java\com\github\alexthe666\alexsmobs\client\render\layer\LayerRaccoonEyes.java:16: error: LayerRaccoonEyes is not abstract and does not override abstract method submit(PoseStack,SubmitNodeCollector,int,EntityRaccoon,float,float) in RenderLayer
public class LayerRaccoonEyes extends RenderLayer<EntityRaccoon, ModelRaccoon> {
       ^
C:\Users\justi\Documents\GitHub\AlexsMobs-26.2\src\main\java\com\github\alexthe666\alexsmobs\client\render\layer\LayerRaccoonEyes.java:20: error: incompatible types: RenderRaccoon cannot be converted to RenderLayerParent<EntityRaccoon,ModelRaccoon>
        super(render);
              ^
C:\Users\justi\Documents\GitHub\AlexsMobs-26.2\src\main\java\com\github\alexthe666\alexsmobs\client\render\layer\LayerRaccoonEyes.java:24: error: cannot find symbol
        long roundedTime = raccoon.level().getDayTime() % 24000;
                                          ^
  symbol:   method getDayTime()
  location: class Level
C:\Users\justi\Documents\GitHub\AlexsMobs-26.2\src\main\java\com\github\alexthe666\alexsmobs\client\render\layer\LayerRaccoonEyes.java:36: error: cannot find symbol
            VertexConsumer ivertexbuilder = bufferIn.getBuffer(RenderType.eyes(TEXTURE));
                                                                         ^
  symbol:   method eyes(Identifier)
  location: class RenderType
C:\Users\justi\Documents\GitHub\AlexsMobs-26.2\src\main\java\com\github\alexthe666\alexsmobs\client\render\layer\LayerRaccoonEyes.java:37: error: incompatible types: EntityRaccoon cannot be converted to LivingEntityRenderState
            this.getParentModel().renderToBuffer(matrixStackIn, ivertexbuilder, packedLightIn, LivingEntityRenderer.getOverlayCoords(raccoon, 0.0F), 1.0F, 1.0F, 1.0F, 1.0F);
                                                                                                                                     ^
C:\Users\justi\Documents\GitHub\AlexsMobs-26.2\src\main\java\com\github\alexthe666\alexsmobs\client\render\RenderRaccoon.java:20: error: type argument ModelRaccoon is not within bounds of type-variable M
public class RenderRaccoon extends MobRenderer<EntityRaccoon, LivingEntityRenderState, ModelRaccoon> {
                                                                                       ^
  where M,S are type-variables:
    M extends EntityModel<? super S> declared in class MobRenderer
    S extends LivingEntityRenderState declared in class MobRenderer
C:\Users\justi\Documents\GitHub\AlexsMobs-26.2\src\main\java\com\github\alexthe666\alexsmobs\client\render\RenderRaccoon.java:20: error: RenderRaccoon is not abstract and does not override abstract method getTextureLocation(LivingEntityRenderState) in LivingEntityRenderer
public class RenderRaccoon extends MobRenderer<EntityRaccoon, LivingEntityRenderState, ModelRaccoon> {
       ^
C:\Users\justi\Documents\GitHub\AlexsMobs-26.2\src\main\java\com\github\alexthe666\alexsmobs\client\render\RenderRaccoon.java:27: error: incompatible types: LayerRaccoonEyes cannot be converted to RenderLayer<LivingEntityRenderState,ModelRaccoon>
        this.addLayer(new LayerRaccoonEyes(this));
                      ^
C:\Users\justi\Documents\GitHub\AlexsMobs-26.2\src\main\java\com\github\alexthe666\alexsmobs\client\render\RenderRaccoon.java:28: error: incompatible types: LayerRaccoonItem cannot be converted to RenderLayer<LivingEntityRenderState,ModelRaccoon>
        this.addLayer(new LayerRaccoonItem(this));
                      ^
C:\Users\justi\Documents\GitHub\AlexsMobs-26.2\src\main\java\com\github\alexthe666\alexsmobs\client\render\RenderRaccoon.java:29: error: incompatible types: BandanaLayer cannot be converted to RenderLayer<LivingEntityRenderState,ModelRaccoon>
        this.addLayer(new BandanaLayer(this));
                      ^
C:\Users\justi\Documents\GitHub\AlexsMobs-26.2\src\main\java\com\github\alexthe666\alexsmobs\client\render\RenderRaccoon.java:41: error: type argument EntityRaccoon is not within bounds of type-variable S
    private static class BandanaLayer extends RenderLayer<EntityRaccoon, ModelRaccoon> {
                                                          ^
  where S is a type-variable:
    S extends EntityRenderState declared in class RenderLayer
C:\Users\justi\Documents\GitHub\AlexsMobs-26.2\src\main\java\com\github\alexthe666\alexsmobs\client\render\RenderRaccoon.java:41: error: BandanaLayer is not abstract and does not override abstract method submit(PoseStack,SubmitNodeCollector,int,EntityRaccoon,float,float) in RenderLayer
    private static class BandanaLayer extends RenderLayer<EntityRaccoon, ModelRaccoon> {
                   ^
C:\Users\justi\Documents\GitHub\AlexsMobs-26.2\src\main\java\com\github\alexthe666\alexsmobs\client\render\RenderRaccoon.java:43: error: incompatible types: RenderRaccoon cannot be converted to RenderLayerParent<EntityRaccoon,ModelRaccoon>
            super(renderRaccoon);
                  ^
C:\Users\justi\Documents\GitHub\AlexsMobs-26.2\src\main\java\com\github\alexthe666\alexsmobs\client\render\RenderRaccoon.java:57: error: cannot find symbol
                    float[] lvt_20_1_ = Sheep.getColorArray(DyeColor.byId(lvt_17_1_));
                                             ^
  symbol:   method getColorArray(DyeColor)
  location: class Sheep
C:\Users\justi\Documents\GitHub\AlexsMobs-26.2\src\main\java\com\github\alexthe666\alexsmobs\client\render\RenderRaccoon.java:58: error: cannot find symbol
                    float[] lvt_21_1_ = Sheep.getColorArray(DyeColor.byId(lvt_18_1_));
                                             ^
  symbol:   method getColorArray(DyeColor)
  location: class Sheep
C:\Users\justi\Documents\GitHub\AlexsMobs-26.2\src\main\java\com\github\alexthe666\alexsmobs\client\render\RenderRaccoon.java:63: error: cannot find symbol
                    float[] lvt_14_2_ = Sheep.getColorArray(raccoon.getColor());
                                             ^
  symbol:   method getColorArray(DyeColor)
  location: class Sheep
C:\Users\justi\Documents\GitHub\AlexsMobs-26.2\src\main\java\com\github\alexthe666\alexsmobs\client\render\RenderRaccoon.java:68: error: cannot find symbol
                this.getParentModel().renderToBuffer(p_225628_1_, p_225628_2_.getBuffer(AMRenderTypes.entityCutoutNoCull(TEXTURE_BANDANA)), p_225628_3_, OverlayTexture.NO_OVERLAY, net.minecraft.util.ARGB.color((int)((1.0F) * 255F), (int)((lvt_11_2_) * 255F), (int)((lvt_12_2_) * 255F), (int)((lvt_13_2_) * 255F)));
                                                                             ^
  symbol:   method getBuffer(RenderType)
  location: variable p_225628_2_ of type OrderedSubmitNodeCollector
C:\Users\justi\Documents\GitHub\AlexsMobs-26.2\src\main\java\com\github\alexthe666\alexsmobs\client\render\layer\LayerRaccoonItem.java:16: error: type argument EntityRaccoon is not within bounds of type-variable S
public class LayerRaccoonItem extends RenderLayer<EntityRaccoon, ModelRaccoon> {
                                                  ^
  where S is a type-variable:
    S extends EntityRenderState declared in class RenderLayer
C:\Users\justi\Documents\GitHub\AlexsMobs-26.2\src\main\java\com\github\alexthe666\alexsmobs\client\render\layer\LayerRaccoonItem.java:16: error: LayerRaccoonItem is not abstract and does not override abstract method submit(PoseStack,SubmitNodeCollector,int,EntityRaccoon,float,float) in RenderLayer
public class LayerRaccoonItem extends RenderLayer<EntityRaccoon, ModelRaccoon> {
       ^
C:\Users\justi\Documents\GitHub\AlexsMobs-26.2\src\main\java\com\github\alexthe666\alexsmobs\client\render\layer\LayerRaccoonItem.java:19: error: incompatible types: RenderRaccoon cannot be converted to RenderLayerParent<EntityRaccoon,ModelRaccoon>
        super(render);
              ^
C:\Users\justi\Documents\GitHub\AlexsMobs-26.2\src\main\java\com\github\alexthe666\alexsmobs\client\render\layer\LayerRaccoonItem.java:41: error: method renderItem in class ItemInHandRenderer cannot be applied to given types;
        renderer.renderItem(entitylivingbaseIn, itemstack, ItemDisplayContext.GROUND, false, matrixStackIn, bufferIn, packedLightIn);
                ^
  required: LivingEntity,ItemStack,ItemDisplayContext,PoseStack,SubmitNodeCollector,int
  found:    EntityRaccoon,ItemStack,ItemDisplayContext,boolean,PoseStack,OrderedSubmitNodeCollector,int
  reason: actual and formal argument lists differ in length
C:\Users\justi\Documents\GitHub\AlexsMobs-26.2\src\main\java\com\github\alexthe666\alexsmobs\client\render\layer\LayerRainbow.java:17: error: LayerRainbow is not abstract and does not override abstract method submit(PoseStack,SubmitNodeCollector,int,EntityRenderState,float,float) in RenderLayer
public class LayerRainbow extends RenderLayer {
       ^
C:\Users\justi\Documents\GitHub\AlexsMobs-26.2\src\main\java\com\github\alexthe666\alexsmobs\client\render\layer\LayerRainbow.java:26: error: method does not override or implement a method from a supertype
    @Override
    ^
C:\Users\justi\Documents\GitHub\AlexsMobs-26.2\src\main\java\com\github\alexthe666\alexsmobs\client\render\layer\LayerRainbow.java:31: error: cannot find symbol
            VertexConsumer ivertexbuilder = bufferIn.getBuffer(getRenderType(rainbowType));
                                                    ^
  symbol:   method getBuffer(RenderType)
  location: variable bufferIn of type OrderedSubmitNodeCollector
C:\Users\justi\Documents\GitHub\AlexsMobs-26.2\src\main\java\com\github\alexthe666\alexsmobs\client\render\layer\LayerRainbow.java:34: error: incompatible types: LivingEntity cannot be converted to LivingEntityRenderState
            this.getParentModel().renderToBuffer(matrixStackIn, ivertexbuilder, packedLightIn, LivingEntityRenderer.getOverlayCoords((LivingEntity)entity, 0), 1, 1, 1, alpha);
                                                                                                                                     ^
C:\Users\justi\Documents\GitHub\AlexsMobs-26.2\src\main\java\com\github\alexthe666\alexsmobs\client\render\layer\LayerRainbow.java:41: error: cannot find symbol
            case TRANS -> AMRenderTypes.TRANS_GLINT;
                                       ^
  symbol:   variable TRANS_GLINT
  location: class AMRenderTypes
C:\Users\justi\Documents\GitHub\AlexsMobs-26.2\src\main\java\com\github\alexthe666\alexsmobs\client\render\layer\LayerRainbow.java:42: error: cannot find symbol
            case NONBI -> AMRenderTypes.NONBI_GLINT;
                                       ^
  symbol:   variable NONBI_GLINT
  location: class AMRenderTypes
C:\Users\justi\Documents\GitHub\AlexsMobs-26.2\src\main\java\com\github\alexthe666\alexsmobs\client\render\layer\LayerRainbow.java:43: error: cannot find symbol
            case BI -> AMRenderTypes.BI_GLINT;
                                    ^
  symbol:   variable BI_GLINT
  location: class AMRenderTypes
C:\Users\justi\Documents\GitHub\AlexsMobs-26.2\src\main\java\com\github\alexthe666\alexsmobs\client\render\layer\LayerRainbow.java:44: error: cannot find symbol
            case ACE -> AMRenderTypes.ACE_GLINT;
                                     ^
  symbol:   variable ACE_GLINT
  location: class AMRenderTypes
C:\Users\justi\Documents\GitHub\AlexsMobs-26.2\src\main\java\com\github\alexthe666\alexsmobs\client\render\layer\LayerRainbow.java:45: error: cannot find symbol
            case WEEZER -> AMRenderTypes.WEEZER_GLINT;
                                        ^
  symbol:   variable WEEZER_GLINT
  location: class AMRenderTypes
C:\Users\justi\Documents\GitHub\AlexsMobs-26.2\src\main\java\com\github\alexthe666\alexsmobs\client\render\layer\LayerRainbow.java:46: error: cannot find symbol
            case BRAZIL -> AMRenderTypes.BRAZIL_GLINT;
                                        ^
  symbol:   variable BRAZIL_GLINT
  location: class AMRenderTypes
C:\Users\justi\Documents\GitHub\AlexsMobs-26.2\src\main\java\com\github\alexthe666\alexsmobs\client\render\layer\LayerRainbow.java:47: error: cannot find symbol
            default -> AMRenderTypes.RAINBOW_GLINT;
                                    ^
  symbol:   variable RAINBOW_GLINT
  location: class AMRenderTypes
C:\Users\justi\Documents\GitHub\AlexsMobs-26.2\src\main\java\com\github\alexthe666\alexsmobs\item\ItemRainbowJelly.java:47: error: cannot find symbol
        return this.isEdible() ? e.eat(level, st) : st;
                   ^
  symbol: method isEdible()
C:\Users\justi\Documents\GitHub\AlexsMobs-26.2\src\main\java\com\github\alexthe666\alexsmobs\item\ItemRainbowJelly.java:47: error: cannot find symbol
        return this.isEdible() ? e.eat(level, st) : st;
                                  ^
  symbol:   method eat(Level,ItemStack)
  location: variable e of type LivingEntity
C:\Users\justi\Documents\GitHub\AlexsMobs-26.2\src\main\java\com\github\alexthe666\alexsmobs\item\ItemRainbowJelly.java:51: error: cannot find symbol
        if (stack.getItem().isEdible()) {
                           ^
  symbol:   method isEdible()
  location: class Item
C:\Users\justi\Documents\GitHub\AlexsMobs-26.2\src\main\java\com\github\alexthe666\alexsmobs\client\render\layer\LayerSealItem.java:15: error: type argument EntitySeal is not within bounds of type-variable S
public class LayerSealItem extends RenderLayer<EntitySeal, ModelSeal> {
                                               ^
  where S is a type-variable:
    S extends EntityRenderState declared in class RenderLayer
C:\Users\justi\Documents\GitHub\AlexsMobs-26.2\src\main\java\com\github\alexthe666\alexsmobs\client\render\layer\LayerSealItem.java:15: error: LayerSealItem is not abstract and does not override abstract method submit(PoseStack,SubmitNodeCollector,int,EntitySeal,float,float) in RenderLayer
public class LayerSealItem extends RenderLayer<EntitySeal, ModelSeal> {
       ^
C:\Users\justi\Documents\GitHub\AlexsMobs-26.2\src\main\java\com\github\alexthe666\alexsmobs\client\render\layer\LayerSealItem.java:18: error: incompatible types: RenderSeal cannot be converted to RenderLayerParent<EntitySeal,ModelSeal>
        super(render);
              ^
C:\Users\justi\Documents\GitHub\AlexsMobs-26.2\src\main\java\com\github\alexthe666\alexsmobs\client\render\layer\LayerSealItem.java:37: error: method renderItem in class ItemInHandRenderer cannot be applied to given types;
        renderer.renderItem(entitylivingbaseIn, itemstack, ItemDisplayContext.GROUND, false, matrixStackIn, bufferIn, packedLightIn);
                ^
  required: LivingEntity,ItemStack,ItemDisplayContext,PoseStack,SubmitNodeCollector,int
  found:    EntitySeal,ItemStack,ItemDisplayContext,boolean,PoseStack,OrderedSubmitNodeCollector,int
  reason: actual and formal argument lists differ in length
C:\Users\justi\Documents\GitHub\AlexsMobs-26.2\src\main\java\com\github\alexthe666\alexsmobs\client\render\RenderSeal.java:24: error: type argument ModelSeal is not within bounds of type-variable M
public class RenderSeal extends MobRenderer<EntitySeal, LivingEntityRenderState, ModelSeal> {
                                                                                 ^
  where M,S are type-variables:
    M extends EntityModel<? super S> declared in class MobRenderer
    S extends LivingEntityRenderState declared in class MobRenderer
C:\Users\justi\Documents\GitHub\AlexsMobs-26.2\src\main\java\com\github\alexthe666\alexsmobs\client\render\RenderSeal.java:24: error: RenderSeal is not abstract and does not override abstract method getTextureLocation(LivingEntityRenderState) in LivingEntityRenderer
public class RenderSeal extends MobRenderer<EntitySeal, LivingEntityRenderState, ModelSeal> {
       ^
C:\Users\justi\Documents\GitHub\AlexsMobs-26.2\src\main\java\com\github\alexthe666\alexsmobs\client\render\RenderSeal.java:35: error: incompatible types: LayerSealItem cannot be converted to RenderLayer<LivingEntityRenderState,ModelSeal>
        this.addLayer(new LayerSealItem(this));
                      ^
C:\Users\justi\Documents\GitHub\AlexsMobs-26.2\src\main\java\com\github\alexthe666\alexsmobs\client\render\RenderSeal.java:36: error: incompatible types: SealTearsLayer cannot be converted to RenderLayer<LivingEntityRenderState,ModelSeal>
        this.addLayer(new SealTearsLayer(this));
                      ^
C:\Users\justi\Documents\GitHub\AlexsMobs-26.2\src\main\java\com\github\alexthe666\alexsmobs\client\render\RenderSeal.java:40: error: method shouldShowName in class MobRenderer<T,S,M> cannot be applied to given types;
        return super.shouldShowName(seal) || seal.isTearsEasterEgg();
                    ^
  required: EntitySeal,double
  found:    EntitySeal
  reason: actual and formal argument lists differ in length
  where T,S,M are type-variables:
    T extends Mob declared in class MobRenderer
    S extends LivingEntityRenderState declared in class MobRenderer
    M extends EntityModel<? super S> declared in class MobRenderer
C:\Users\justi\Documents\GitHub\AlexsMobs-26.2\src\main\java\com\github\alexthe666\alexsmobs\client\render\RenderSeal.java:50: error: method does not override or implement a method from a supertype
    @Override
    ^
C:\Users\justi\Documents\GitHub\AlexsMobs-26.2\src\main\java\com\github\alexthe666\alexsmobs\client\render\RenderSeal.java:54: error: cannot find symbol
            if (net.neoforged.neoforge.client.ClientHooks.isNameplateInRenderDistance(seal, d0)) {
                                                         ^
  symbol:   method isNameplateInRenderDistance(EntitySeal,double)
  location: class ClientHooks
C:\Users\justi\Documents\GitHub\AlexsMobs-26.2\src\main\java\com\github\alexthe666\alexsmobs\client\render\RenderSeal.java:57: error: cannot find symbol
                String[] split = text.getStringOr(512, "").split(" ");
                                     ^
  symbol:   method getStringOr(int,String)
  location: variable text of type Component
C:\Users\justi\Documents\GitHub\AlexsMobs-26.2\src\main\java\com\github\alexthe666\alexsmobs\client\render\RenderSeal.java:71: error: cannot find symbol
                poseStack.mulPose(this.entityRenderDispatcher.cameraOrientation());
                                                             ^
  symbol:   method cameraOrientation()
  location: variable entityRenderDispatcher of type EntityRenderDispatcher
C:\Users\justi\Documents\GitHub\AlexsMobs-26.2\src\main\java\com\github\alexthe666\alexsmobs\client\render\RenderSeal.java:87: error: cannot find symbol
                    font.drawInBatch(widest, widestCenter, (float)i, j, false, matrix4f, bufferSrc, Font.DisplayMode.NORMAL, j, 240);
                        ^
  symbol:   method drawInBatch(String,float,float,int,boolean,Matrix4f,OrderedSubmitNodeCollector,DisplayMode,int,int)
  location: variable font of type Font
C:\Users\justi\Documents\GitHub\AlexsMobs-26.2\src\main\java\com\github\alexthe666\alexsmobs\client\render\RenderSeal.java:89: error: cannot find symbol
                    font.drawInBatch(print, f2, (float)i, 1, false, matrix4f, bufferSrc, Font.DisplayMode.NORMAL, j, 240);
                        ^
  symbol:   method drawInBatch(String,float,float,int,boolean,Matrix4f,OrderedSubmitNodeCollector,DisplayMode,int,int)
  location: variable font of type Font
C:\Users\justi\Documents\GitHub\AlexsMobs-26.2\src\main\java\com\github\alexthe666\alexsmobs\client\render\RenderSeal.java:90: error: cannot find symbol
                    font.drawInBatch(print, f2, (float)i, 0, false, matrix4f, bufferSrc, Font.DisplayMode.NORMAL, j, 240);
                        ^
  symbol:   method drawInBatch(String,float,float,int,boolean,Matrix4f,OrderedSubmitNodeCollector,DisplayMode,int,int)
  location: variable font of type Font
C:\Users\justi\Documents\GitHub\AlexsMobs-26.2\src\main\java\com\github\alexthe666\alexsmobs\client\render\RenderSeal.java:97: error: cannot find symbol
            super.renderNameTag(seal, text, poseStack, bufferSrc, numberIn);
                 ^
  symbol: method renderNameTag(EntitySeal,Component,PoseStack,OrderedSubmitNodeCollector,int)
C:\Users\justi\Documents\GitHub\AlexsMobs-26.2\src\main\java\com\github\alexthe666\alexsmobs\client\render\RenderSeal.java:101: error: type argument EntitySeal is not within bounds of type-variable S
    static class SealTearsLayer extends RenderLayer<EntitySeal, ModelSeal> {
                                                    ^
  where S is a type-variable:
    S extends EntityRenderState declared in class RenderLayer
C:\Users\justi\Documents\GitHub\AlexsMobs-26.2\src\main\java\com\github\alexthe666\alexsmobs\client\render\RenderSeal.java:101: error: SealTearsLayer is not abstract and does not override abstract method submit(PoseStack,SubmitNodeCollector,int,EntitySeal,float,float) in RenderLayer
    static class SealTearsLayer extends RenderLayer<EntitySeal, ModelSeal> {
           ^
C:\Users\justi\Documents\GitHub\AlexsMobs-26.2\src\main\java\com\github\alexthe666\alexsmobs\client\render\RenderSeal.java:104: error: incompatible types: RenderSeal cannot be converted to RenderLayerParent<EntitySeal,ModelSeal>
            super(p_i50928_1_);
                  ^
C:\Users\justi\Documents\GitHub\AlexsMobs-26.2\src\main\java\com\github\alexthe666\alexsmobs\client\render\RenderSeal.java:109: error: cannot find symbol
                VertexConsumer lead = bufferIn.getBuffer(AMRenderTypes.entityCutoutNoCull(TEXTURE_TEARS));
                                              ^
  symbol:   method getBuffer(RenderType)
  location: variable bufferIn of type OrderedSubmitNodeCollector
C:\Users\justi\Documents\GitHub\AlexsMobs-26.2\src\main\java\com\github\alexthe666\alexsmobs\client\render\RenderSeal.java:110: error: incompatible types: EntitySeal cannot be converted to LivingEntityRenderState
                this.getParentModel().renderToBuffer(matrixStackIn, lead, packedLightIn, LivingEntityRenderer.getOverlayCoords(entitylivingbaseIn, 0), 1.0F, 1.0F, 1.0F, 1.0F);
                                                                                                                               ^
C:\Users\justi\Documents\GitHub\AlexsMobs-26.2\src\main\java\com\github\alexthe666\alexsmobs\client\render\layer\LayerSoulVultureGlow.java:13: error: type argument EntitySoulVulture is not within bounds of type-variable S
public class LayerSoulVultureGlow extends RenderLayer<EntitySoulVulture, ModelSoulVulture> {
                                                      ^
  where S is a type-variable:
    S extends EntityRenderState declared in class RenderLayer
C:\Users\justi\Documents\GitHub\AlexsMobs-26.2\src\main\java\com\github\alexthe666\alexsmobs\client\render\layer\LayerSoulVultureGlow.java:13: error: LayerSoulVultureGlow is not abstract and does not override abstract method submit(PoseStack,SubmitNodeCollector,int,EntitySoulVulture,float,float) in RenderLayer
public class LayerSoulVultureGlow extends RenderLayer<EntitySoulVulture, ModelSoulVulture> {
       ^
C:\Users\justi\Documents\GitHub\AlexsMobs-26.2\src\main\java\com\github\alexthe666\alexsmobs\client\render\layer\LayerSoulVultureGlow.java:20: error: incompatible types: RenderSoulVulture cannot be converted to RenderLayerParent<EntitySoulVulture,ModelSoulVulture>
        super(renderSoulVulture);
              ^
C:\Users\justi\Documents\GitHub\AlexsMobs-26.2\src\main\java\com\github\alexthe666\alexsmobs\client\render\layer\LayerSoulVultureGlow.java:24: error: cannot find symbol
        this.getParentModel().renderToBuffer(matrixStackIn, bufferIn.getBuffer(AMRenderTypes.getGhost(TEXTURE_GLOW)), 240, LivingEntityRenderer.getOverlayCoords(entitylivingbaseIn, 0.0F), 1.0F, 1.0F, 1.0F, 1F);
                                                                    ^
  symbol:   method getBuffer(RenderType)
  location: variable bufferIn of type OrderedSubmitNodeCollector
C:\Users\justi\Documents\GitHub\AlexsMobs-26.2\src\main\java\com\github\alexthe666\alexsmobs\client\render\layer\LayerSoulVultureGlow.java:24: error: incompatible types: EntitySoulVulture cannot be converted to LivingEntityRenderState
        this.getParentModel().renderToBuffer(matrixStackIn, bufferIn.getBuffer(AMRenderTypes.getGhost(TEXTURE_GLOW)), 240, LivingEntityRenderer.getOverlayCoords(entitylivingbaseIn, 0.0F), 1.0F, 1.0F, 1.0F, 1F);
                                                                                                                                                                 ^
C:\Users\justi\Documents\GitHub\AlexsMobs-26.2\src\main\java\com\github\alexthe666\alexsmobs\client\render\layer\LayerSoulVultureGlow.java:26: error: cannot find symbol
            this.getParentModel().renderToBuffer(matrixStackIn, bufferIn.getBuffer(AMRenderTypes.getGhost(getFlames(entitylivingbaseIn.tickCount))), 240, LivingEntityRenderer.getOverlayCoords(entitylivingbaseIn, 0.0F), 1.0F, 1.0F, 1.0F, 1F);
                                                                        ^
  symbol:   method getBuffer(RenderType)
  location: variable bufferIn of type OrderedSubmitNodeCollector
C:\Users\justi\Documents\GitHub\AlexsMobs-26.2\src\main\java\com\github\alexthe666\alexsmobs\client\render\layer\LayerSoulVultureGlow.java:26: error: incompatible types: EntitySoulVulture cannot be converted to LivingEntityRenderState
            this.getParentModel().renderToBuffer(matrixStackIn, bufferIn.getBuffer(AMRenderTypes.getGhost(getFlames(entitylivingbaseIn.tickCount))), 240, LivingEntityRenderer.getOverlayCoords(entitylivingbaseIn, 0.0F), 1.0F, 1.0F, 1.0F, 1F);
                                                                                                                                                                                                ^
C:\Users\justi\Documents\GitHub\AlexsMobs-26.2\src\main\java\com\github\alexthe666\alexsmobs\client\render\RenderSoulVulture.java:14: error: type argument ModelSoulVulture is not within bounds of type-variable M
public class RenderSoulVulture extends MobRenderer<EntitySoulVulture, LivingEntityRenderState, ModelSoulVulture> {
                                                                                               ^
  where M,S are type-variables:
    M extends EntityModel<? super S> declared in class MobRenderer
    S extends LivingEntityRenderState declared in class MobRenderer
C:\Users\justi\Documents\GitHub\AlexsMobs-26.2\src\main\java\com\github\alexthe666\alexsmobs\client\render\RenderSoulVulture.java:14: error: RenderSoulVulture is not abstract and does not override abstract method getTextureLocation(LivingEntityRenderState) in LivingEntityRenderer
public class RenderSoulVulture extends MobRenderer<EntitySoulVulture, LivingEntityRenderState, ModelSoulVulture> {
       ^
C:\Users\justi\Documents\GitHub\AlexsMobs-26.2\src\main\java\com\github\alexthe666\alexsmobs\client\render\RenderSoulVulture.java:19: error: incompatible types: LayerSoulVultureGlow cannot be converted to RenderLayer<LivingEntityRenderState,ModelSoulVulture>
        this.addLayer(new LayerSoulVultureGlow(this));
                      ^
C:\Users\justi\Documents\GitHub\AlexsMobs-26.2\src\main\java\com\github\alexthe666\alexsmobs\client\render\layer\LayerTigerEyes.java:16: error: type argument EntityTiger is not within bounds of type-variable S
public class LayerTigerEyes  extends RenderLayer<EntityTiger, ModelTiger> {
                                                 ^
  where S is a type-variable:
    S extends EntityRenderState declared in class RenderLayer
C:\Users\justi\Documents\GitHub\AlexsMobs-26.2\src\main\java\com\github\alexthe666\alexsmobs\client\render\layer\LayerTigerEyes.java:16: error: LayerTigerEyes is not abstract and does not override abstract method submit(PoseStack,SubmitNodeCollector,int,EntityTiger,float,float) in RenderLayer
public class LayerTigerEyes  extends RenderLayer<EntityTiger, ModelTiger> {
       ^
C:\Users\justi\Documents\GitHub\AlexsMobs-26.2\src\main\java\com\github\alexthe666\alexsmobs\client\render\layer\LayerTigerEyes.java:22: error: incompatible types: RenderTiger cannot be converted to RenderLayerParent<EntityTiger,ModelTiger>
        super(render);
              ^
C:\Users\justi\Documents\GitHub\AlexsMobs-26.2\src\main\java\com\github\alexthe666\alexsmobs\client\render\layer\LayerTigerEyes.java:27: error: cannot find symbol
            long roundedTime = tiger.level().getDayTime() % 24000;
                                            ^
  symbol:   method getDayTime()
  location: class Level
C:\Users\justi\Documents\GitHub\AlexsMobs-26.2\src\main\java\com\github\alexthe666\alexsmobs\client\render\layer\LayerTigerEyes.java:39: error: cannot find symbol
                VertexConsumer ivertexbuilder = bufferIn.getBuffer(RenderType.eyes(tiger.getRemainingPersistentAngerTime() > 0 ? TEXTURE_ANGRY : tiger.isWhite() ? TEXTURE_WHITE : TEXTURE));
                                                                             ^
  symbol:   method eyes(tiger.getR[...]XTURE)
  location: class RenderType
C:\Users\justi\Documents\GitHub\AlexsMobs-26.2\src\main\java\com\github\alexthe666\alexsmobs\client\render\layer\LayerTigerEyes.java:40: error: incompatible types: EntityTiger cannot be converted to LivingEntityRenderState
                this.getParentModel().renderToBuffer(matrixStackIn, ivertexbuilder, packedLightIn, LivingEntityRenderer.getOverlayCoords(tiger, 0.0F), 1.0F, 1.0F, 1.0F, 1.0F);
                                                                                                                                         ^
C:\Users\justi\Documents\GitHub\AlexsMobs-26.2\src\main\java\com\github\alexthe666\alexsmobs\client\render\RenderTiger.java:33: error: type argument ModelTiger is not within bounds of type-variable M
public class RenderTiger extends MobRenderer<EntityTiger, LivingEntityRenderState, ModelTiger> {
                                                                                   ^
  where M,S are type-variables:
    M extends EntityModel<? super S> declared in class MobRenderer
    S extends LivingEntityRenderState declared in class MobRenderer
C:\Users\justi\Documents\GitHub\AlexsMobs-26.2\src\main\java\com\github\alexthe666\alexsmobs\client\render\RenderTiger.java:33: error: RenderTiger is not abstract and does not override abstract method getTextureLocation(LivingEntityRenderState) in LivingEntityRenderer
public class RenderTiger extends MobRenderer<EntityTiger, LivingEntityRenderState, ModelTiger> {
       ^
C:\Users\justi\Documents\GitHub\AlexsMobs-26.2\src\main\java\com\github\alexthe666\alexsmobs\client\render\RenderTiger.java:43: error: incompatible types: LayerTigerEyes cannot be converted to RenderLayer<LivingEntityRenderState,ModelTiger>
        this.addLayer(new LayerTigerEyes(this));
                      ^
C:\Users\justi\Documents\GitHub\AlexsMobs-26.2\src\main\java\com\github\alexthe666\alexsmobs\client\render\RenderTiger.java:50: error: wrong number of type arguments; required 3
        if (net.neoforged.neoforge.common.NeoForge.EVENT_BUS.post(new net.neoforged.neoforge.client.event.RenderLivingEvent.Pre<EntityTiger, ModelTiger>(entityIn, this, partialTicks, matrixStackIn, bufferIn, packedLightIn)))
                                                                                                                               ^
C:\Users\justi\Documents\GitHub\AlexsMobs-26.2\src\main\java\com\github\alexthe666\alexsmobs\client\render\RenderTiger.java:50: error: incompatible types: inference variable T has incompatible upper bounds Boolean,Event
        if (net.neoforged.neoforge.common.NeoForge.EVENT_BUS.post(new net.neoforged.neoforge.client.event.RenderLivingEvent.Pre<EntityTiger, ModelTiger>(entityIn, this, partialTicks, matrixStackIn, bufferIn, packedLightIn)))
                                                                 ^
  where T is a type-variable:
    T extends Event declared in method <T>post(T)
C:\Users\justi\Documents\GitHub\AlexsMobs-26.2\src\main\java\com\github\alexthe666\alexsmobs\client\render\RenderTiger.java:53: error: cannot find symbol
        this.model.attackTime = this.getAttackAnim(entityIn, partialTicks);
                  ^
  symbol:   variable attackTime
  location: variable model of type M
  where M,S are type-variables:
    M extends EntityModel<? super S> declared in class LivingEntityRenderer
    S extends LivingEntityRenderState declared in class LivingEntityRenderer
C:\Users\justi\Documents\GitHub\AlexsMobs-26.2\src\main\java\com\github\alexthe666\alexsmobs\client\render\RenderTiger.java:53: error: cannot find symbol
        this.model.attackTime = this.getAttackAnim(entityIn, partialTicks);
                                    ^
  symbol: method getAttackAnim(EntityTiger,float)
C:\Users\justi\Documents\GitHub\AlexsMobs-26.2\src\main\java\com\github\alexthe666\alexsmobs\client\render\RenderTiger.java:56: error: cannot find symbol
        this.model.riding = shouldSit;
                  ^
  symbol:   variable riding
  location: variable model of type M
  where M,S are type-variables:
    M extends EntityModel<? super S> declared in class LivingEntityRenderer
    S extends LivingEntityRenderState declared in class LivingEntityRenderer
C:\Users\justi\Documents\GitHub\AlexsMobs-26.2\src\main\java\com\github\alexthe666\alexsmobs\client\render\RenderTiger.java:57: error: cannot find symbol
        this.model.young = entityIn.isBaby();
                  ^
  symbol:   variable young
  location: variable model of type M
  where M,S are type-variables:
    M extends EntityModel<? super S> declared in class LivingEntityRenderer
    S extends LivingEntityRenderState declared in class LivingEntityRenderer
C:\Users\justi\Documents\GitHub\AlexsMobs-26.2\src\main\java\com\github\alexthe666\alexsmobs\client\render\RenderTiger.java:91: error: cannot find symbol
        float f7 = this.getBob(entityIn, partialTicks);
                       ^
  symbol: method getBob(EntityTiger,float)
C:\Users\justi\Documents\GitHub\AlexsMobs-26.2\src\main\java\com\github\alexthe666\alexsmobs\client\render\RenderTiger.java:92: error: method setupRotations in class LivingEntityRenderer<T,S,M> cannot be applied to given types;
        this.setupRotations(entityIn, matrixStackIn, f7, f, partialTicks);
            ^
  required: LivingEntityRenderState,PoseStack,float,float
  found:    EntityTiger,PoseStack,float,float,float
  reason: actual and formal argument lists differ in length
  where T,S,M are type-variables:
    T extends LivingEntity declared in class LivingEntityRenderer
    S extends LivingEntityRenderState declared in class LivingEntityRenderer
    M extends EntityModel<? super S> declared in class LivingEntityRenderer
C:\Users\justi\Documents\GitHub\AlexsMobs-26.2\src\main\java\com\github\alexthe666\alexsmobs\client\render\RenderTiger.java:113: error: incompatible types: EntityTiger cannot be converted to LivingEntityRenderState
        boolean flag = this.isBodyVisible(entityIn);
                                          ^
C:\Users\justi\Documents\GitHub\AlexsMobs-26.2\src\main\java\com\github\alexthe666\alexsmobs\client\render\RenderTiger.java:120: error: cannot find symbol
            VertexConsumer ivertexbuilder = bufferIn.getBuffer(rendertype);
                                                    ^
  symbol:   method getBuffer(RenderType)
  location: variable bufferIn of type OrderedSubmitNodeCollector
C:\Users\justi\Documents\GitHub\AlexsMobs-26.2\src\main\java\com\github\alexthe666\alexsmobs\client\render\RenderTiger.java:121: error: method getWhiteOverlayProgress in class LivingEntityRenderer<T,S,M> cannot be applied to given types;
            int i = getOverlayCoords(entityIn, this.getWhiteOverlayProgress(entityIn, partialTicks));
                                                   ^
  required: LivingEntityRenderState
  found:    EntityTiger,float
  reason: actual and formal argument lists differ in length
  where T,S,M are type-variables:
    T extends LivingEntity declared in class LivingEntityRenderer
    S extends LivingEntityRenderState declared in class LivingEntityRenderer
    M extends EntityModel<? super S> declared in class LivingEntityRenderer
C:\Users\justi\Documents\GitHub\AlexsMobs-26.2\src\main\java\com\github\alexthe666\alexsmobs\client\render\RenderTiger.java:127: error: cannot find symbol
                layerrenderer.render(matrixStackIn, bufferIn, packedLightIn, entityIn, f5, f8, partialTicks, f7, f2, f6);
                             ^
  symbol:   method render(PoseStack,OrderedSubmitNodeCollector,int,EntityTiger,float,float,float,float,float,float)
  location: variable layerrenderer of type RenderLayer
C:\Users\justi\Documents\GitHub\AlexsMobs-26.2\src\main\java\com\github\alexthe666\alexsmobs\client\render\RenderTiger.java:136: error: RenderNameTagEvent is abstract; cannot be instantiated
        RenderNameTagEvent renderNameplateEvent = new RenderNameTagEvent(entityIn, entityIn.getDisplayName(), this, matrixStackIn, bufferIn, packedLightIn, partialTicks);
                                                  ^
C:\Users\justi\Documents\GitHub\AlexsMobs-26.2\src\main\java\com\github\alexthe666\alexsmobs\client\render\RenderTiger.java:138: error: cannot find symbol
        if (renderNameplateEvent.getResult() != net.neoforged.bus.api.Event.Result.DENY && (renderNameplateEvent.getResult() == net.neoforged.bus.api.Event.Result.ALLOW || this.shouldShowName(entityIn))) {
                                ^
  symbol:   method getResult()
  location: variable renderNameplateEvent of type RenderNameTagEvent
C:\Users\justi\Documents\GitHub\AlexsMobs-26.2\src\main\java\com\github\alexthe666\alexsmobs\client\render\RenderTiger.java:138: error: cannot find symbol
        if (renderNameplateEvent.getResult() != net.neoforged.bus.api.Event.Result.DENY && (renderNameplateEvent.getResult() == net.neoforged.bus.api.Event.Result.ALLOW || this.shouldShowName(entityIn))) {
                                                                           ^
  symbol:   variable Result
  location: class Event
C:\Users\justi\Documents\GitHub\AlexsMobs-26.2\src\main\java\com\github\alexthe666\alexsmobs\client\render\RenderTiger.java:138: error: cannot find symbol
        if (renderNameplateEvent.getResult() != net.neoforged.bus.api.Event.Result.DENY && (renderNameplateEvent.getResult() == net.neoforged.bus.api.Event.Result.ALLOW || this.shouldShowName(entityIn))) {
                                                                                                                ^
  symbol:   method getResult()
  location: variable renderNameplateEvent of type RenderNameTagEvent
C:\Users\justi\Documents\GitHub\AlexsMobs-26.2\src\main\java\com\github\alexthe666\alexsmobs\client\render\RenderTiger.java:138: error: cannot find symbol
        if (renderNameplateEvent.getResult() != net.neoforged.bus.api.Event.Result.DENY && (renderNameplateEvent.getResult() == net.neoforged.bus.api.Event.Result.ALLOW || this.shouldShowName(entityIn))) {
                                                                                                                                                           ^
  symbol:   variable Result
  location: class Event
C:\Users\justi\Documents\GitHub\AlexsMobs-26.2\src\main\java\com\github\alexthe666\alexsmobs\client\render\RenderTiger.java:138: error: method shouldShowName in class MobRenderer<T,S,M> cannot be applied to given types;
        if (renderNameplateEvent.getResult() != net.neoforged.bus.api.Event.Result.DENY && (renderNameplateEvent.getResult() == net.neoforged.bus.api.Event.Result.ALLOW || this.shouldShowName(entityIn))) {
                                                                                                                                                                                ^
  required: EntityTiger,double
  found:    EntityTiger
  reason: actual and formal argument lists differ in length
  where T,S,M are type-variables:
    T extends Mob declared in class MobRenderer
    S extends LivingEntityRenderState declared in class MobRenderer
    M extends EntityModel<? super S> declared in class MobRenderer
C:\Users\justi\Documents\GitHub\AlexsMobs-26.2\src\main\java\com\github\alexthe666\alexsmobs\client\render\RenderTiger.java:139: error: cannot find symbol
            this.renderNameTag(entityIn, renderNameplateEvent.getContent(), matrixStackIn, bufferIn, packedLightIn);
                                                             ^
  symbol:   method getContent()
  location: variable renderNameplateEvent of type RenderNameTagEvent
C:\Users\justi\Documents\GitHub\AlexsMobs-26.2\src\main\java\com\github\alexthe666\alexsmobs\client\render\RenderTiger.java:141: error: wrong number of type arguments; required 3
        net.neoforged.neoforge.common.NeoForge.EVENT_BUS.post(new net.neoforged.neoforge.client.event.RenderLivingEvent.Post<EntityTiger, ModelTiger>(entityIn, this, partialTicks, matrixStackIn, bufferIn, packedLightIn));
                                                                                                                            ^
C:\Users\justi\Documents\GitHub\AlexsMobs-26.2\src\main\java\com\github\alexthe666\alexsmobs\client\render\RenderTiger.java:159: error: cannot find symbol
        VertexConsumer vertexconsumer = p_115465_.getBuffer(RenderType.leash());
                                                                      ^
  symbol:   method leash()
  location: class RenderType
C:\Users\justi\Documents\GitHub\AlexsMobs-26.2\src\main\java\com\github\alexthe666\alexsmobs\client\render\RenderTiger.java:190: error: cannot find symbol
        int k = LightTexture.pack(i, j);
                ^
  symbol:   variable LightTexture
  location: class RenderTiger
C:\Users\justi\Documents\GitHub\AlexsMobs-26.2\src\main\java\com\github\alexthe666\alexsmobs\client\render\RenderTiger.java:198: error: cannot find symbol
        p_174308_.vertex(p_174309_, f5 - p_174319_, f6 + p_174318_, f7 + p_174320_).color(f2, f3, f4, 1.0F).uv2(k).endVertex();
                 ^
  symbol:   method vertex(Matrix4f,float,float,float)
  location: variable p_174308_ of type VertexConsumer
C:\Users\justi\Documents\GitHub\AlexsMobs-26.2\src\main\java\com\github\alexthe666\alexsmobs\client\render\RenderTiger.java:199: error: cannot find symbol
        p_174308_.vertex(p_174309_, f5 + p_174319_, f6 + p_174317_ - p_174318_, f7 - p_174320_).color(f2, f3, f4, 1.0F).uv2(k).endVertex();
                 ^
  symbol:   method vertex(Matrix4f,float,float,float)
  location: variable p_174308_ of type VertexConsumer
C:\Users\justi\Documents\GitHub\AlexsMobs-26.2\src\main\java\com\github\alexthe666\alexsmobs\client\render\RenderTiger.java:206: error: method does not override or implement a method from a supertype
    @Override
    ^
C:\Users\justi\Documents\GitHub\AlexsMobs-26.2\src\main\java\com\github\alexthe666\alexsmobs\client\render\RenderTiger.java:210: error: cannot find symbol
            return RenderType.itemEntityTranslucentCull(Identifier);
                             ^
  symbol:   method itemEntityTranslucentCull(Identifier)
  location: class RenderType
C:\Users\justi\Documents\GitHub\AlexsMobs-26.2\src\main\java\com\github\alexthe666\alexsmobs\client\render\RenderTiger.java:212: error: incompatible types: EntityTiger cannot be converted to LivingEntityRenderState
            return super.getRenderType(tiger, b0, b1, b2);
                                       ^
C:\Users\justi\Documents\GitHub\AlexsMobs-26.2\src\main\java\com\github\alexthe666\alexsmobs\client\render\layer\LayerTusklinGear.java:15: error: type argument EntityTusklin is not within bounds of type-variable S
public class LayerTusklinGear extends RenderLayer<EntityTusklin, ModelTusklin> {
                                                  ^
  where S is a type-variable:
    S extends EntityRenderState declared in class RenderLayer
C:\Users\justi\Documents\GitHub\AlexsMobs-26.2\src\main\java\com\github\alexthe666\alexsmobs\client\render\layer\LayerTusklinGear.java:15: error: LayerTusklinGear is not abstract and does not override abstract method submit(PoseStack,SubmitNodeCollector,int,EntityTusklin,float,float) in RenderLayer
public class LayerTusklinGear extends RenderLayer<EntityTusklin, ModelTusklin> {
       ^
C:\Users\justi\Documents\GitHub\AlexsMobs-26.2\src\main\java\com\github\alexthe666\alexsmobs\client\render\layer\LayerTusklinGear.java:20: error: incompatible types: RenderTusklin cannot be converted to RenderLayerParent<EntityTusklin,ModelTusklin>
        super(render);
              ^
C:\Users\justi\Documents\GitHub\AlexsMobs-26.2\src\main\java\com\github\alexthe666\alexsmobs\client\render\layer\LayerTusklinGear.java:25: error: cannot find symbol
            VertexConsumer ivertexbuilder = bufferIn.getBuffer(RenderType.entityCutout(TEXTURE_SADDLE));
                                                                         ^
  symbol:   method entityCutout(Identifier)
  location: class RenderType
C:\Users\justi\Documents\GitHub\AlexsMobs-26.2\src\main\java\com\github\alexthe666\alexsmobs\client\render\layer\LayerTusklinGear.java:26: error: incompatible types: EntityTusklin cannot be converted to LivingEntityRenderState
            this.getParentModel().renderToBuffer(matrixStackIn, ivertexbuilder, packedLightIn, LivingEntityRenderer.getOverlayCoords(entitylivingbaseIn, 0.0F), 1.0F, 1.0F, 1.0F, 1.0F);
                                                                                                                                     ^
C:\Users\justi\Documents\GitHub\AlexsMobs-26.2\src\main\java\com\github\alexthe666\alexsmobs\client\render\layer\LayerTusklinGear.java:29: error: cannot find symbol
            VertexConsumer ivertexbuilder = ItemRenderer.getArmorFoilBuffer(bufferIn, RenderType.armorCutoutNoCull(TEXTURE_SHOES), false, entitylivingbaseIn.getShoeStack().hasFoil());
                                            ^
  symbol:   variable ItemRenderer
  location: class LayerTusklinGear
C:\Users\justi\Documents\GitHub\AlexsMobs-26.2\src\main\java\com\github\alexthe666\alexsmobs\client\render\layer\LayerTusklinGear.java:29: error: cannot find symbol
            VertexConsumer ivertexbuilder = ItemRenderer.getArmorFoilBuffer(bufferIn, RenderType.armorCutoutNoCull(TEXTURE_SHOES), false, entitylivingbaseIn.getShoeStack().hasFoil());
                                                                                                ^
  symbol:   method armorCutoutNoCull(Identifier)
  location: class RenderType
C:\Users\justi\Documents\GitHub\AlexsMobs-26.2\src\main\java\com\github\alexthe666\alexsmobs\client\render\layer\LayerTusklinGear.java:30: error: incompatible types: EntityTusklin cannot be converted to LivingEntityRenderState
            this.getParentModel().renderToBuffer(matrixStackIn, ivertexbuilder, packedLightIn, LivingEntityRenderer.getOverlayCoords(entitylivingbaseIn, 0.0F), 1.0F, 1.0F, 1.0F, 1.0F);
                                                                                                                                     ^
C:\Users\justi\Documents\GitHub\AlexsMobs-26.2\src\main\java\com\github\alexthe666\alexsmobs\client\render\RenderTusklin.java:13: error: type argument ModelTusklin is not within bounds of type-variable M
public class RenderTusklin extends MobRenderer<EntityTusklin, LivingEntityRenderState, ModelTusklin> {
                                                                                       ^
  where M,S are type-variables:
    M extends EntityModel<? super S> declared in class MobRenderer
    S extends LivingEntityRenderState declared in class MobRenderer
C:\Users\justi\Documents\GitHub\AlexsMobs-26.2\src\main\java\com\github\alexthe666\alexsmobs\client\render\RenderTusklin.java:13: error: RenderTusklin is not abstract and does not override abstract method getTextureLocation(LivingEntityRenderState) in LivingEntityRenderer
public class RenderTusklin extends MobRenderer<EntityTusklin, LivingEntityRenderState, ModelTusklin> {
       ^
C:\Users\justi\Documents\GitHub\AlexsMobs-26.2\src\main\java\com\github\alexthe666\alexsmobs\client\render\RenderTusklin.java:19: error: incompatible types: LayerTusklinGear cannot be converted to RenderLayer<LivingEntityRenderState,ModelTusklin>
        this.addLayer(new LayerTusklinGear(this));
                      ^
C:\Users\justi\Documents\GitHub\AlexsMobs-26.2\src\main\java\com\github\alexthe666\alexsmobs\client\render\RenderTusklin.java:26: error: method does not override or implement a method from a supertype
    @Override
    ^
C:\Users\justi\Documents\GitHub\AlexsMobs-26.2\src\main\java\com\github\alexthe666\alexsmobs\client\render\layer\LayerUnderminerItem.java:20: error: type argument EntityUnderminer is not within bounds of type-variable S
public class LayerUnderminerItem extends RenderLayer<EntityUnderminer, EntityModel<EntityUnderminer>> {
                                                     ^
  where S is a type-variable:
    S extends EntityRenderState declared in class RenderLayer
C:\Users\justi\Documents\GitHub\AlexsMobs-26.2\src\main\java\com\github\alexthe666\alexsmobs\client\render\layer\LayerUnderminerItem.java:20: error: type argument EntityUnderminer is not within bounds of type-variable T
public class LayerUnderminerItem extends RenderLayer<EntityUnderminer, EntityModel<EntityUnderminer>> {
                                                                                   ^
  where T is a type-variable:
    T extends EntityRenderState declared in class EntityModel
C:\Users\justi\Documents\GitHub\AlexsMobs-26.2\src\main\java\com\github\alexthe666\alexsmobs\client\render\layer\LayerUnderminerItem.java:20: error: LayerUnderminerItem is not abstract and does not override abstract method submit(PoseStack,SubmitNodeCollector,int,EntityUnderminer,float,float) in RenderLayer
public class LayerUnderminerItem extends RenderLayer<EntityUnderminer, EntityModel<EntityUnderminer>> {
       ^
C:\Users\justi\Documents\GitHub\AlexsMobs-26.2\src\main\java\com\github\alexthe666\alexsmobs\client\render\layer\LayerUnderminerItem.java:23: error: incompatible types: RenderUnderminer cannot be converted to RenderLayerParent<EntityUnderminer,EntityModel<EntityUnderminer>>
        super(render);
              ^
C:\Users\justi\Documents\GitHub\AlexsMobs-26.2\src\main\java\com\github\alexthe666\alexsmobs\client\render\layer\LayerUnderminerItem.java:48: error: method renderItem in class ItemInHandRenderer cannot be applied to given types;
            renderer.renderItem(entitylivingbaseIn, itemstack, ItemDisplayContext.THIRD_PERSON_RIGHT_HAND, false, matrixStackIn, bufferIn, packedLightIn);
                    ^
  required: LivingEntity,ItemStack,ItemDisplayContext,PoseStack,SubmitNodeCollector,int
  found:    EntityUnderminer,ItemStack,ItemDisplayContext,boolean,PoseStack,OrderedSubmitNodeCollector,int
  reason: actual and formal argument lists differ in length
C:\Users\justi\Documents\GitHub\AlexsMobs-26.2\src\main\java\com\github\alexthe666\alexsmobs\client\render\layer\LayerUnderminerItem.java:55: error: incompatible types: EntityModel<EntityUnderminer> cannot be converted to ModelUnderminerDwarf
        if(getParentModel() instanceof ModelUnderminerDwarf){
                         ^
C:\Users\justi\Documents\GitHub\AlexsMobs-26.2\src\main\java\com\github\alexthe666\alexsmobs\client\render\layer\LayerUnderminerItem.java:56: error: incompatible types: EntityModel<EntityUnderminer> cannot be converted to ModelUnderminerDwarf
            ((ModelUnderminerDwarf)getParentModel()).translateToHand(arm, matrixStack);
                                                 ^
C:\Users\justi\Documents\GitHub\AlexsMobs-26.2\src\main\java\com\github\alexthe666\alexsmobs\client\render\layer\LayerUnderminerItem.java:58: error: method translateToHand in interface ArmedModel<T> cannot be applied to given types;
            ((ArmedModel)getParentModel()).translateToHand(arm, matrixStack);
                                          ^
  required: EntityRenderState,HumanoidArm,PoseStack
  found:    HumanoidArm,PoseStack
  reason: actual and formal argument lists differ in length
  where T is a type-variable:
    T extends EntityRenderState declared in interface ArmedModel
C:\Users\justi\Documents\GitHub\AlexsMobs-26.2\src\main\java\com\github\alexthe666\alexsmobs\client\render\RenderUnderminer.java:38: error: type argument EntityModel<EntityUnderminer> is not within bounds of type-variable M
public class RenderUnderminer extends MobRenderer<EntityUnderminer, LivingEntityRenderState, EntityModel<EntityUnderminer>> {
                                                                                                        ^
  where M,S are type-variables:
    M extends EntityModel<? super S> declared in class MobRenderer
    S extends LivingEntityRenderState declared in class MobRenderer
C:\Users\justi\Documents\GitHub\AlexsMobs-26.2\src\main\java\com\github\alexthe666\alexsmobs\client\render\RenderUnderminer.java:38: error: type argument EntityUnderminer is not within bounds of type-variable T
public class RenderUnderminer extends MobRenderer<EntityUnderminer, LivingEntityRenderState, EntityModel<EntityUnderminer>> {
                                                                                                         ^
  where T is a type-variable:
    T extends EntityRenderState declared in class EntityModel
C:\Users\justi\Documents\GitHub\AlexsMobs-26.2\src\main\java\com\github\alexthe666\alexsmobs\client\render\RenderUnderminer.java:38: error: RenderUnderminer is not abstract and does not override abstract method getTextureLocation(LivingEntityRenderState) in LivingEntityRenderer
public class RenderUnderminer extends MobRenderer<EntityUnderminer, LivingEntityRenderState, EntityModel<EntityUnderminer>> {
       ^
C:\Users\justi\Documents\GitHub\AlexsMobs-26.2\src\main\java\com\github\alexthe666\alexsmobs\client\render\RenderUnderminer.java:44: error: type argument EntityUnderminer is not within bounds of type-variable T
    private static HumanoidModel<EntityUnderminer> NORMAL_MODEL = null;
                                 ^
  where T is a type-variable:
    T extends HumanoidRenderState declared in class HumanoidModel
C:\Users\justi\Documents\GitHub\AlexsMobs-26.2\src\main\java\com\github\alexthe666\alexsmobs\client\render\RenderUnderminer.java:45: error: invalid method reference
    private static final List<RenderType> DESTROY_TYPES = BREAKING_LOCATIONS.stream().map(AMRenderTypes::getGhostCrumbling).collect(Collectors.toList());
                                                                                          ^
  cannot find symbol
    symbol:   method getGhostCrumbling()
    location: class AMRenderTypes
C:\Users\justi\Documents\GitHub\AlexsMobs-26.2\src\main\java\com\github\alexthe666\alexsmobs\client\render\RenderUnderminer.java:49: error: incompatible types: ModelUnderminerDwarf cannot be converted to EntityModel<EntityUnderminer>
        super(renderManagerIn, DWARF_MODEL, 0.4F);
                               ^
C:\Users\justi\Documents\GitHub\AlexsMobs-26.2\src\main\java\com\github\alexthe666\alexsmobs\client\render\RenderUnderminer.java:50: error: incompatible types: cannot infer type arguments for HumanoidModel<>
        NORMAL_MODEL = new HumanoidModel<>(Minecraft.getInstance().getEntityModels().bakeLayer(AMModelLayers.UNDERMINER));
                                        ^
    reason: inference variable T has incompatible bounds
      equality constraints: EntityUnderminer
      upper bounds: HumanoidRenderState
  where T is a type-variable:
    T extends HumanoidRenderState declared in class HumanoidModel
C:\Users\justi\Documents\GitHub\AlexsMobs-26.2\src\main\java\com\github\alexthe666\alexsmobs\client\render\RenderUnderminer.java:51: error: incompatible types: LayerUnderminerItem cannot be converted to RenderLayer<LivingEntityRenderState,EntityModel<EntityUnderminer>>
        this.addLayer(new LayerUnderminerItem(this));
                      ^
C:\Users\justi\Documents\GitHub\AlexsMobs-26.2\src\main\java\com\github\alexthe666\alexsmobs\client\render\RenderUnderminer.java:79: error: wrong number of type arguments; required 3
        if (net.neoforged.neoforge.common.NeoForge.EVENT_BUS.post(new net.neoforged.neoforge.client.event.RenderLivingEvent.Pre<EntityUnderminer, EntityModel<EntityUnderminer>>(entityIn, this, partialTicks, matrixStackIn, bufferIn, packedLightIn)))
                                                                                                                               ^
C:\Users\justi\Documents\GitHub\AlexsMobs-26.2\src\main\java\com\github\alexthe666\alexsmobs\client\render\RenderUnderminer.java:79: error: incompatible types: inference variable T has incompatible upper bounds Boolean,Event
        if (net.neoforged.neoforge.common.NeoForge.EVENT_BUS.post(new net.neoforged.neoforge.client.event.RenderLivingEvent.Pre<EntityUnderminer, EntityModel<EntityUnderminer>>(entityIn, this, partialTicks, matrixStackIn, bufferIn, packedLightIn)))
                                                                 ^
  where T is a type-variable:
    T extends Event declared in method <T>post(T)
C:\Users\justi\Documents\GitHub\AlexsMobs-26.2\src\main\java\com\github\alexthe666\alexsmobs\client\render\RenderUnderminer.java:82: error: cannot find symbol
        this.model.attackTime = this.getAttackAnim(entityIn, partialTicks);
                  ^
  symbol:   variable attackTime
  location: variable model of type M
  where M,S are type-variables:
    M extends EntityModel<? super S> declared in class LivingEntityRenderer
    S extends LivingEntityRenderState declared in class LivingEntityRenderer
C:\Users\justi\Documents\GitHub\AlexsMobs-26.2\src\main\java\com\github\alexthe666\alexsmobs\client\render\RenderUnderminer.java:82: error: cannot find symbol
        this.model.attackTime = this.getAttackAnim(entityIn, partialTicks);
                                    ^
  symbol: method getAttackAnim(EntityUnderminer,float)
C:\Users\justi\Documents\GitHub\AlexsMobs-26.2\src\main\java\com\github\alexthe666\alexsmobs\client\render\RenderUnderminer.java:85: error: cannot find symbol
        this.model.riding = shouldSit;
                  ^
  symbol:   variable riding
  location: variable model of type M
  where M,S are type-variables:
    M extends EntityModel<? super S> declared in class LivingEntityRenderer
    S extends LivingEntityRenderState declared in class LivingEntityRenderer
C:\Users\justi\Documents\GitHub\AlexsMobs-26.2\src\main\java\com\github\alexthe666\alexsmobs\client\render\RenderUnderminer.java:86: error: cannot find symbol
        this.model.young = entityIn.isBaby();
                  ^
  symbol:   variable young
  location: variable model of type M
  where M,S are type-variables:
    M extends EntityModel<? super S> declared in class LivingEntityRenderer
    S extends LivingEntityRenderState declared in class LivingEntityRenderer
C:\Users\justi\Documents\GitHub\AlexsMobs-26.2\src\main\java\com\github\alexthe666\alexsmobs\client\render\RenderUnderminer.java:120: error: cannot find symbol
        float f7 = this.getBob(entityIn, partialTicks);
                       ^
  symbol: method getBob(EntityUnderminer,float)
C:\Users\justi\Documents\GitHub\AlexsMobs-26.2\src\main\java\com\github\alexthe666\alexsmobs\client\render\RenderUnderminer.java:121: error: method setupRotations in class LivingEntityRenderer<T,S,M> cannot be applied to given types;
        this.setupRotations(entityIn, matrixStackIn, f7, f, partialTicks);
            ^
  required: LivingEntityRenderState,PoseStack,float,float
  found:    EntityUnderminer,PoseStack,float,float,float
  reason: actual and formal argument lists differ in length
  where T,S,M are type-variables:
    T extends LivingEntity declared in class LivingEntityRenderer
    S extends LivingEntityRenderState declared in class LivingEntityRenderer
    M extends EntityModel<? super S> declared in class LivingEntityRenderer
C:\Users\justi\Documents\GitHub\AlexsMobs-26.2\src\main\java\com\github\alexthe666\alexsmobs\client\render\RenderUnderminer.java:139: error: incompatible types: ModelUnderminerDwarf cannot be converted to EntityModel<EntityUnderminer>
            this.model = DWARF_MODEL;
                         ^
C:\Users\justi\Documents\GitHub\AlexsMobs-26.2\src\main\java\com\github\alexthe666\alexsmobs\client\render\RenderUnderminer.java:143: error: cannot find symbol
        this.model.prepareMobModel(entityIn, f5, f8, partialTicks);
                  ^
  symbol:   method prepareMobModel(EntityUnderminer,float,float,float)
  location: variable model of type M
  where M,S are type-variables:
    M extends EntityModel<? super S> declared in class LivingEntityRenderer
    S extends LivingEntityRenderState declared in class LivingEntityRenderer
C:\Users\justi\Documents\GitHub\AlexsMobs-26.2\src\main\java\com\github\alexthe666\alexsmobs\client\render\RenderUnderminer.java:144: error: method setupAnim in class Model<S> cannot be applied to given types;
        this.model.setupAnim(entityIn, f5, f8, f7, f2, f6);
                  ^
  required: EntityUnderminer
  found:    EntityUnderminer,float,float,float,float,float
  reason: actual and formal argument lists differ in length
  where S is a type-variable:
    S extends Object declared in class Model
C:\Users\justi\Documents\GitHub\AlexsMobs-26.2\src\main\java\com\github\alexthe666\alexsmobs\client\render\RenderUnderminer.java:146: error: incompatible types: EntityUnderminer cannot be converted to LivingEntityRenderState
        boolean flag = this.isBodyVisible(entityIn);
                                          ^
C:\Users\justi\Documents\GitHub\AlexsMobs-26.2\src\main\java\com\github\alexthe666\alexsmobs\client\render\RenderUnderminer.java:154: error: method getWhiteOverlayProgress in class LivingEntityRenderer<T,S,M> cannot be applied to given types;
            int i = getOverlayCoords(entityIn, this.getWhiteOverlayProgress(entityIn, partialTicks));
                                                   ^
  required: LivingEntityRenderState
  found:    EntityUnderminer,float
  reason: actual and formal argument lists differ in length
  where T,S,M are type-variables:
    T extends LivingEntity declared in class LivingEntityRenderer
    S extends LivingEntityRenderState declared in class LivingEntityRenderer
    M extends EntityModel<? super S> declared in class LivingEntityRenderer
C:\Users\justi\Documents\GitHub\AlexsMobs-26.2\src\main\java\com\github\alexthe666\alexsmobs\client\render\RenderUnderminer.java:161: error: cannot find symbol
                layerrenderer.render(matrixStackIn, bufferIn, packedLightIn, entityIn, f5, f8, partialTicks, f7, f2, f6);
                             ^
  symbol:   method render(PoseStack,OrderedSubmitNodeCollector,int,EntityUnderminer,float,float,float,float,float,float)
  location: variable layerrenderer of type RenderLayer
C:\Users\justi\Documents\GitHub\AlexsMobs-26.2\src\main\java\com\github\alexthe666\alexsmobs\client\render\RenderUnderminer.java:166: error: RenderNameTagEvent is abstract; cannot be instantiated
        RenderNameTagEvent renderNameplateEvent = new RenderNameTagEvent(entityIn, entityIn.getDisplayName(), this, matrixStackIn, bufferIn, packedLightIn, partialTicks);
                                                  ^
C:\Users\justi\Documents\GitHub\AlexsMobs-26.2\src\main\java\com\github\alexthe666\alexsmobs\client\render\RenderUnderminer.java:168: error: cannot find symbol
        if (renderNameplateEvent.getResult() != net.neoforged.bus.api.Event.Result.DENY && (renderNameplateEvent.getResult() == net.neoforged.bus.api.Event.Result.ALLOW || this.shouldShowName(entityIn))) {
                                ^
  symbol:   method getResult()
  location: variable renderNameplateEvent of type RenderNameTagEvent
C:\Users\justi\Documents\GitHub\AlexsMobs-26.2\src\main\java\com\github\alexthe666\alexsmobs\client\render\RenderUnderminer.java:168: error: cannot find symbol
        if (renderNameplateEvent.getResult() != net.neoforged.bus.api.Event.Result.DENY && (renderNameplateEvent.getResult() == net.neoforged.bus.api.Event.Result.ALLOW || this.shouldShowName(entityIn))) {
                                                                           ^
  symbol:   variable Result
  location: class Event
C:\Users\justi\Documents\GitHub\AlexsMobs-26.2\src\main\java\com\github\alexthe666\alexsmobs\client\render\RenderUnderminer.java:168: error: cannot find symbol
        if (renderNameplateEvent.getResult() != net.neoforged.bus.api.Event.Result.DENY && (renderNameplateEvent.getResult() == net.neoforged.bus.api.Event.Result.ALLOW || this.shouldShowName(entityIn))) {
                                                                                                                ^
  symbol:   method getResult()
  location: variable renderNameplateEvent of type RenderNameTagEvent
C:\Users\justi\Documents\GitHub\AlexsMobs-26.2\src\main\java\com\github\alexthe666\alexsmobs\client\render\RenderUnderminer.java:168: error: cannot find symbol
        if (renderNameplateEvent.getResult() != net.neoforged.bus.api.Event.Result.DENY && (renderNameplateEvent.getResult() == net.neoforged.bus.api.Event.Result.ALLOW || this.shouldShowName(entityIn))) {
                                                                                                                                                           ^
  symbol:   variable Result
  location: class Event
C:\Users\justi\Documents\GitHub\AlexsMobs-26.2\src\main\java\com\github\alexthe666\alexsmobs\client\render\RenderUnderminer.java:168: error: method shouldShowName in class MobRenderer<T,S,M> cannot be applied to given types;
        if (renderNameplateEvent.getResult() != net.neoforged.bus.api.Event.Result.DENY && (renderNameplateEvent.getResult() == net.neoforged.bus.api.Event.Result.ALLOW || this.shouldShowName(entityIn))) {
                                                                                                                                                                                ^
  required: EntityUnderminer,double
  found:    EntityUnderminer
  reason: actual and formal argument lists differ in length
  where T,S,M are type-variables:
    T extends Mob declared in class MobRenderer
    S extends LivingEntityRenderState declared in class MobRenderer
    M extends EntityModel<? super S> declared in class MobRenderer
C:\Users\justi\Documents\GitHub\AlexsMobs-26.2\src\main\java\com\github\alexthe666\alexsmobs\client\render\RenderUnderminer.java:169: error: cannot find symbol
            this.renderNameTag(entityIn, renderNameplateEvent.getContent(), matrixStackIn, bufferIn, packedLightIn);
                                                             ^
  symbol:   method getContent()
  location: variable renderNameplateEvent of type RenderNameTagEvent
C:\Users\justi\Documents\GitHub\AlexsMobs-26.2\src\main\java\com\github\alexthe666\alexsmobs\client\render\RenderUnderminer.java:171: error: wrong number of type arguments; required 3
        net.neoforged.neoforge.common.NeoForge.EVENT_BUS.post(new net.neoforged.neoforge.client.event.RenderLivingEvent.Post<EntityUnderminer, EntityModel<EntityUnderminer>>(entityIn, this, partialTicks, matrixStackIn, bufferIn, packedLightIn));
                                                                                                                            ^
C:\Users\justi\Documents\GitHub\AlexsMobs-26.2\src\main\java\com\github\alexthe666\alexsmobs\client\render\RenderUnderminer.java:183: error: cannot find symbol
            VertexConsumer vertexconsumer1 = new SheetedDecalTextureGenerator(bufferIn.getBuffer(DESTROY_TYPES.get(progress)), posestack$pose.pose(), posestack$pose.normal(), 1.0F);
                                                                                      ^
  symbol:   method getBuffer(RenderType)
  location: variable bufferIn of type OrderedSubmitNodeCollector
C:\Users\justi\Documents\GitHub\AlexsMobs-26.2\src\main\java\com\github\alexthe666\alexsmobs\client\render\RenderUnderminer.java:185: error: package net.neoforged.neoforge.client.model.data does not exist
            net.neoforged.neoforge.client.model.data.ModelData modelData = entityIn.level().getModelDataManager().getAt(miningPos);
                                                    ^
C:\Users\justi\Documents\GitHub\AlexsMobs-26.2\src\main\java\com\github\alexthe666\alexsmobs\client\render\RenderUnderminer.java:186: error: cannot find symbol
            Minecraft.getInstance().getBlockRenderer().renderBreakingTexture(entityIn.level().getBlockState(miningPos), miningPos, entityIn.level(), matrixStackIn, vertexconsumer1, modelData == null ? net.neoforged.neoforge.client.model.data.ModelData.EMPTY : modelData);
                                   ^
  symbol:   method getBlockRenderer()
  location: class Minecraft
C:\Users\justi\Documents\GitHub\AlexsMobs-26.2\src\main\java\com\github\alexthe666\alexsmobs\client\render\RenderUnderminer.java:186: error: package net.neoforged.neoforge.client.model.data does not exist
            Minecraft.getInstance().getBlockRenderer().renderBreakingTexture(entityIn.level().getBlockState(miningPos), miningPos, entityIn.level(), matrixStackIn, vertexconsumer1, modelData == null ? net.neoforged.neoforge.client.model.data.ModelData.EMPTY : modelData);
                                                                                                                                                                                                                                                 ^
C:\Users\justi\Documents\GitHub\AlexsMobs-26.2\src\main\java\com\github\alexthe666\alexsmobs\client\render\RenderUnderminer.java:193: error: incompatible types: EntityUnderminer cannot be converted to LivingEntityRenderState
        this.model.renderToBuffer(matrixStackIn, source.getBuffer(defRenderType), packedLightIn, LivingEntityRenderer.getOverlayCoords(entityIn, 0.0F), hurt ? 0.4F : 1.0F, hurt ? 0.8F : 1.0F, hurt ? 0.7F : 1.0F, alphaIn);
                                                                                                                                       ^
C:\Users\justi\Documents\GitHub\AlexsMobs-26.2\src\main\java\com\github\alexthe666\alexsmobs\client\render\RenderUnderminer.java:193: error: cannot find symbol
        this.model.renderToBuffer(matrixStackIn, source.getBuffer(defRenderType), packedLightIn, LivingEntityRenderer.getOverlayCoords(entityIn, 0.0F), hurt ? 0.4F : 1.0F, hurt ? 0.8F : 1.0F, hurt ? 0.7F : 1.0F, alphaIn);
                                                       ^
  symbol:   method getBuffer(RenderType)
  location: variable source of type OrderedSubmitNodeCollector
C:\Users\justi\Documents\GitHub\AlexsMobs-26.2\src\main\java\com\github\alexthe666\alexsmobs\client\render\RenderUnderminer.java:200: error: method outline in class RenderType cannot be applied to given types;
        return outline ? RenderType.outline(Identifier) : AMRenderTypes.getUnderminer(Identifier);
                                   ^
  required: no arguments
  found:    Identifier
  reason: actual and formal argument lists differ in length
C:\Users\justi\Documents\GitHub\AlexsMobs-26.2\src\main\java\com\github\alexthe666\alexsmobs\client\render\RenderUnderminer.java:200: error: cannot find symbol
        return outline ? RenderType.outline(Identifier) : AMRenderTypes.getUnderminer(Identifier);
                                                                       ^
  symbol:   method getUnderminer(Identifier)
  location: class AMRenderTypes
C:\Users\justi\Documents\GitHub\AlexsMobs-26.2\src\main\java\com\github\alexthe666\alexsmobs\client\render\layer\LayerVoidWormGlow.java:24: error: type argument T is not within bounds of type-variable S
public abstract class LayerVoidWormGlow<T extends LivingEntity> extends RenderLayer<T, EntityModel<T>>  {
                                                                                    ^
  where T,S are type-variables:
    T extends LivingEntity declared in class LayerVoidWormGlow
    S extends EntityRenderState declared in class RenderLayer
C:\Users\justi\Documents\GitHub\AlexsMobs-26.2\src\main\java\com\github\alexthe666\alexsmobs\client\render\layer\LayerVoidWormGlow.java:24: error: type argument T#1 is not within bounds of type-variable T#2
public abstract class LayerVoidWormGlow<T extends LivingEntity> extends RenderLayer<T, EntityModel<T>>  {
                                                                                                   ^
  where T#1,T#2 are type-variables:
    T#1 extends LivingEntity declared in class LayerVoidWormGlow
    T#2 extends EntityRenderState declared in class EntityModel
C:\Users\justi\Documents\GitHub\AlexsMobs-26.2\src\main\java\com\github\alexthe666\alexsmobs\client\render\layer\LayerVoidWormGlow.java:28: error: type argument T#1 is not within bounds of type-variable T#2
    private EntityModel<T> layerModel;
                        ^
  where T#1,T#2 are type-variables:
    T#1 extends LivingEntity declared in class LayerVoidWormGlow
    T#2 extends EntityRenderState declared in class EntityModel
C:\Users\justi\Documents\GitHub\AlexsMobs-26.2\src\main\java\com\github\alexthe666\alexsmobs\client\render\layer\LayerVoidWormGlow.java:29: error: incompatible types: ModelVoidWormBody cannot be converted to EntityModel
    private final EntityModel bodyModel = new ModelVoidWormBody(1.001F);
                                          ^
C:\Users\justi\Documents\GitHub\AlexsMobs-26.2\src\main\java\com\github\alexthe666\alexsmobs\client\render\layer\LayerVoidWormGlow.java:30: error: incompatible types: ModelVoidWormTail cannot be converted to EntityModel
    private final EntityModel tailModel = new ModelVoidWormTail(1.001F);
                                          ^
C:\Users\justi\Documents\GitHub\AlexsMobs-26.2\src\main\java\com\github\alexthe666\alexsmobs\client\render\layer\LayerVoidWormGlow.java:32: error: type argument T is not within bounds of type-variable S
    public LayerVoidWormGlow(RenderLayerParent<T, EntityModel<T>> renderer, ResourceManager resourceManager, EntityModel<T> layerModel) {
                                               ^
  where T,S are type-variables:
    T extends LivingEntity declared in class LayerVoidWormGlow
    S extends EntityRenderState declared in interface RenderLayerParent
C:\Users\justi\Documents\GitHub\AlexsMobs-26.2\src\main\java\com\github\alexthe666\alexsmobs\client\render\layer\LayerVoidWormGlow.java:32: error: type argument T#1 is not within bounds of type-variable T#2
    public LayerVoidWormGlow(RenderLayerParent<T, EntityModel<T>> renderer, ResourceManager resourceManager, EntityModel<T> layerModel) {
                                                              ^
  where T#1,T#2 are type-variables:
    T#1 extends LivingEntity declared in class LayerVoidWormGlow
    T#2 extends EntityRenderState declared in class EntityModel
C:\Users\justi\Documents\GitHub\AlexsMobs-26.2\src\main\java\com\github\alexthe666\alexsmobs\client\render\layer\LayerVoidWormGlow.java:32: error: type argument T#1 is not within bounds of type-variable T#2
    public LayerVoidWormGlow(RenderLayerParent<T, EntityModel<T>> renderer, ResourceManager resourceManager, EntityModel<T> layerModel) {
                                                                                                                         ^
  where T#1,T#2 are type-variables:
    T#1 extends LivingEntity declared in class LayerVoidWormGlow
    T#2 extends EntityRenderState declared in class EntityModel
C:\Users\justi\Documents\GitHub\AlexsMobs-26.2\src\main\java\com\github\alexthe666\alexsmobs\client\render\layer\LayerVoidWormGlow.java:39: error: method does not override or implement a method from a supertype
    @Override
    ^
C:\Users\justi\Documents\GitHub\AlexsMobs-26.2\src\main\java\com\github\alexthe666\alexsmobs\client\render\layer\LayerVoidWormGlow.java:49: error: method setupAnim in class Model<S> cannot be applied to given types;
                this.layerModel.setupAnim(worm, limbSwing, limbSwingAmount, ageInTicks, netHeadYaw, headPitch);
                               ^
  required: T
  found:    T,float,float,float,float,float
  reason: actual and formal argument lists differ in length
  where T,S are type-variables:
    T extends LivingEntity declared in class LayerVoidWormGlow
    S extends Object declared in class Model
C:\Users\justi\Documents\GitHub\AlexsMobs-26.2\src\main\java\com\github\alexthe666\alexsmobs\client\render\layer\LayerVoidWormGlow.java:50: error: cannot find symbol
                VertexConsumer consumer = AMRenderTypes.createMergedVertexConsumer(bufferIn.getBuffer(AMRenderTypes.VOID_WORM_PORTAL_OVERLAY), bufferIn.getBuffer(RenderType.entityCutout(texture)));
                                                                                                                   ^
  symbol:   variable VOID_WORM_PORTAL_OVERLAY
  location: class AMRenderTypes
C:\Users\justi\Documents\GitHub\AlexsMobs-26.2\src\main\java\com\github\alexthe666\alexsmobs\client\render\layer\LayerVoidWormGlow.java:50: error: cannot find symbol
                VertexConsumer consumer = AMRenderTypes.createMergedVertexConsumer(bufferIn.getBuffer(AMRenderTypes.VOID_WORM_PORTAL_OVERLAY), bufferIn.getBuffer(RenderType.entityCutout(texture)));
                                                                                                                                                                            ^
  symbol:   method entityCutout(Identifier)
  location: class RenderType
C:\Users\justi\Documents\GitHub\AlexsMobs-26.2\src\main\java\com\github\alexthe666\alexsmobs\client\render\layer\LayerVoidWormGlow.java:54: error: incompatible types: T cannot be converted to LivingEntityRenderState
                this.getParentModel().renderToBuffer(matrixStackIn, bufferIn.getBuffer(RenderType.eyes(texture)), 240, LivingEntityRenderer.getOverlayCoords(worm, 1.0F), 1.0F, 1.0F, 1.0F, f);
                                                                                                                                                             ^
  where T is a type-variable:
    T extends LivingEntity declared in class LayerVoidWormGlow
C:\Users\justi\Documents\GitHub\AlexsMobs-26.2\src\main\java\com\github\alexthe666\alexsmobs\client\render\layer\LayerVoidWormGlow.java:54: error: cannot find symbol
                this.getParentModel().renderToBuffer(matrixStackIn, bufferIn.getBuffer(RenderType.eyes(texture)), 240, LivingEntityRenderer.getOverlayCoords(worm, 1.0F), 1.0F, 1.0F, 1.0F, f);
                                                                                                 ^
  symbol:   method eyes(Identifier)
  location: class RenderType
C:\Users\justi\Documents\GitHub\AlexsMobs-26.2\src\main\java\com\github\alexthe666\alexsmobs\client\render\layer\LayerVoidWormGlow.java:65: error: cannot find symbol
            return mcmetaData.getBooleanOr(Identifier, false);
                             ^
  symbol:   method getBooleanOr(Identifier,boolean)
  location: variable mcmetaData of type Object2BooleanMap<Identifier>
C:\Users\justi\Documents\GitHub\AlexsMobs-26.2\src\main\java\com\github\alexthe666\alexsmobs\client\render\layer\LayerVoidWormGlow.java:70: error: cannot find symbol
                VoidWormMetadataSection section = resource.metadata().getSection(VoidWormMetadataSection.SERIALIZER).orElse(new VoidWormMetadataSection());
                                                                                                        ^
  symbol:   variable SERIALIZER
  location: class VoidWormMetadataSection
C:\Users\justi\Documents\GitHub\AlexsMobs-26.2\src\main\java\com\github\alexthe666\alexsmobs\client\render\layer\LayerWarpedToadGlow.java:15: error: type argument EntityWarpedToad is not within bounds of type-variable S
public class LayerWarpedToadGlow extends RenderLayer<EntityWarpedToad, ModelWarpedToad> {
                                                     ^
  where S is a type-variable:
    S extends EntityRenderState declared in class RenderLayer
C:\Users\justi\Documents\GitHub\AlexsMobs-26.2\src\main\java\com\github\alexthe666\alexsmobs\client\render\layer\LayerWarpedToadGlow.java:15: error: LayerWarpedToadGlow is not abstract and does not override abstract method submit(PoseStack,SubmitNodeCollector,int,EntityWarpedToad,float,float) in RenderLayer
public class LayerWarpedToadGlow extends RenderLayer<EntityWarpedToad, ModelWarpedToad> {
       ^
C:\Users\justi\Documents\GitHub\AlexsMobs-26.2\src\main\java\com\github\alexthe666\alexsmobs\client\render\layer\LayerWarpedToadGlow.java:20: error: incompatible types: RenderWarpedToad cannot be converted to RenderLayerParent<EntityWarpedToad,ModelWarpedToad>
        super(renderWarpedToad);
              ^
C:\Users\justi\Documents\GitHub\AlexsMobs-26.2\src\main\java\com\github\alexthe666\alexsmobs\client\render\layer\LayerWarpedToadGlow.java:25: error: cannot find symbol
            VertexConsumer ivertexbuilder = bufferIn.getBuffer(AMRenderTypes.getEyesFlickering(entitylivingbaseIn.isBlinking() ? TEXTURE_BLINKING : TEXTURE, 0));
                                                    ^
  symbol:   method getBuffer(RenderType)
  location: variable bufferIn of type OrderedSubmitNodeCollector
C:\Users\justi\Documents\GitHub\AlexsMobs-26.2\src\main\java\com\github\alexthe666\alexsmobs\client\render\layer\LayerWarpedToadGlow.java:27: error: incompatible types: EntityWarpedToad cannot be converted to LivingEntityRenderState
            this.getParentModel().renderToBuffer(matrixStackIn, ivertexbuilder, 240, LivingEntityRenderer.getOverlayCoords(entitylivingbaseIn, 0.0F), 1.0F, 1.0F, 1.0F, alpha);
                                                                                                                           ^
C:\Users\justi\Documents\GitHub\AlexsMobs-26.2\src\main\java\com\github\alexthe666\alexsmobs\client\render\RenderWarpedToad.java:14: error: type argument ModelWarpedToad is not within bounds of type-variable M
public class RenderWarpedToad extends MobRenderer<EntityWarpedToad, LivingEntityRenderState, ModelWarpedToad> {
                                                                                             ^
  where M,S are type-variables:
    M extends EntityModel<? super S> declared in class MobRenderer
    S extends LivingEntityRenderState declared in class MobRenderer
C:\Users\justi\Documents\GitHub\AlexsMobs-26.2\src\main\java\com\github\alexthe666\alexsmobs\client\render\RenderWarpedToad.java:14: error: RenderWarpedToad is not abstract and does not override abstract method getTextureLocation(LivingEntityRenderState) in LivingEntityRenderer
public class RenderWarpedToad extends MobRenderer<EntityWarpedToad, LivingEntityRenderState, ModelWarpedToad> {
       ^
C:\Users\justi\Documents\GitHub\AlexsMobs-26.2\src\main\java\com\github\alexthe666\alexsmobs\client\render\RenderWarpedToad.java:22: error: incompatible types: LayerWarpedToadGlow cannot be converted to RenderLayer<LivingEntityRenderState,ModelWarpedToad>
        this.addLayer(new LayerWarpedToadGlow(this));
                      ^
C:\Users\justi\Documents\GitHub\AlexsMobs-26.2\src\main\java\com\github\alexthe666\alexsmobs\client\render\misc\VoidWormMetadataSection.java:8: error: cannot find symbol
    public static final MetadataSectionType<VoidWormMetadataSection> TYPE = MetadataSectionType.fromCodec("void_worm", com.mojang.serialization.Codec.unit(VoidWormMetadataSection::new));
                                                                                                                                                     ^
  symbol:   method unit(VoidWormMe[...]::new)
  location: interface Codec
C:\Users\justi\Documents\GitHub\AlexsMobs-26.2\src\main\java\com\github\alexthe666\alexsmobs\client\render\OctopusColorRegistry.java:25: error: cannot find symbol
            return TEXTURES_TO_COLOR.getIntOr(blockName, 0);
                                    ^
  symbol:   method getIntOr(String,int)
  location: variable TEXTURES_TO_COLOR of type Object2IntMap<String>
C:\Users\justi\Documents\GitHub\AlexsMobs-26.2\src\main\java\com\github\alexthe666\alexsmobs\client\render\OctopusColorRegistry.java:29: error: cannot find symbol
                colorizer = Minecraft.getInstance().getBlockColors().getColor(stack, null, null, 0);
                                                                    ^
  symbol:   method getColor(BlockState,<null>,<null>,int)
  location: class BlockColors
C:\Users\justi\Documents\GitHub\AlexsMobs-26.2\src\main\java\com\github\alexthe666\alexsmobs\client\render\OctopusColorRegistry.java:73: error: cannot find symbol
        return Minecraft.getInstance().getBlockRenderer().getBlockModelShaper().getBlockModel(state).getParticleIcon();
                                      ^
  symbol:   method getBlockRenderer()
  location: class Minecraft
C:\Users\justi\Documents\GitHub\AlexsMobs-26.2\src\main\java\com\github\alexthe666\alexsmobs\client\render\RenderAlligatorSnappingTurtle.java:18: error: type argument ModelAlligatorSnappingTurtle is not within bounds of type-variable M
public class RenderAlligatorSnappingTurtle extends MobRenderer<EntityAlligatorSnappingTurtle, LivingEntityRenderState, ModelAlligatorSnappingTurtle> {
                                                                                                                       ^
  where M,S are type-variables:
    M extends EntityModel<? super S> declared in class MobRenderer
    S extends LivingEntityRenderState declared in class MobRenderer
C:\Users\justi\Documents\GitHub\AlexsMobs-26.2\src\main\java\com\github\alexthe666\alexsmobs\client\render\RenderAlligatorSnappingTurtle.java:18: error: RenderAlligatorSnappingTurtle is not abstract and does not override abstract method getTextureLocation(LivingEntityRenderState) in LivingEntityRenderer
public class RenderAlligatorSnappingTurtle extends MobRenderer<EntityAlligatorSnappingTurtle, LivingEntityRenderState, ModelAlligatorSnappingTurtle> {
       ^
C:\Users\justi\Documents\GitHub\AlexsMobs-26.2\src\main\java\com\github\alexthe666\alexsmobs\client\render\RenderAlligatorSnappingTurtle.java:24: error: incompatible types: AlligatorSnappingTurtleMossLayer cannot be converted to RenderLayer<LivingEntityRenderState,ModelAlligatorSnappingTurtle>
        this.addLayer(new AlligatorSnappingTurtleMossLayer(this));
                      ^
C:\Users\justi\Documents\GitHub\AlexsMobs-26.2\src\main\java\com\github\alexthe666\alexsmobs\client\render\RenderAlligatorSnappingTurtle.java:36: error: type argument EntityAlligatorSnappingTurtle is not within bounds of type-variable S
    static class AlligatorSnappingTurtleMossLayer extends RenderLayer<EntityAlligatorSnappingTurtle, ModelAlligatorSnappingTurtle> {
                                                                      ^
  where S is a type-variable:
    S extends EntityRenderState declared in class RenderLayer
C:\Users\justi\Documents\GitHub\AlexsMobs-26.2\src\main\java\com\github\alexthe666\alexsmobs\client\render\RenderAlligatorSnappingTurtle.java:36: error: AlligatorSnappingTurtleMossLayer is not abstract and does not override abstract method submit(PoseStack,SubmitNodeCollector,int,EntityAlligatorSnappingTurtle,float,float) in RenderLayer
    static class AlligatorSnappingTurtleMossLayer extends RenderLayer<EntityAlligatorSnappingTurtle, ModelAlligatorSnappingTurtle> {
           ^
C:\Users\justi\Documents\GitHub\AlexsMobs-26.2\src\main\java\com\github\alexthe666\alexsmobs\client\render\RenderAlligatorSnappingTurtle.java:39: error: incompatible types: RenderAlligatorSnappingTurtle cannot be converted to RenderLayerParent<EntityAlligatorSnappingTurtle,ModelAlligatorSnappingTurtle>
            super(p_i50928_1_);
                  ^
C:\Users\justi\Documents\GitHub\AlexsMobs-26.2\src\main\java\com\github\alexthe666\alexsmobs\client\render\RenderAlligatorSnappingTurtle.java:45: error: cannot find symbol
                VertexConsumer mossbuffer = bufferIn.getBuffer(AMRenderTypes.entityTranslucent(TEXTURE_MOSS));
                                                    ^
  symbol:   method getBuffer(RenderType)
  location: variable bufferIn of type OrderedSubmitNodeCollector
C:\Users\justi\Documents\GitHub\AlexsMobs-26.2\src\main\java\com\github\alexthe666\alexsmobs\client\render\RenderAlligatorSnappingTurtle.java:46: error: incompatible types: EntityAlligatorSnappingTurtle cannot be converted to LivingEntityRenderState
                this.getParentModel().renderToBuffer(matrixStackIn, mossbuffer, packedLightIn, LivingEntityRenderer.getOverlayCoords(entitylivingbaseIn, 0), 1.0F, 1.0F, 1.0F, Math.min(1.0F, mossAlpha));
                                                                                                                                     ^
C:\Users\justi\Documents\GitHub\AlexsMobs-26.2\src\main\java\com\github\alexthe666\alexsmobs\client\render\RenderAnaconda.java:14: error: type argument ModelAnaconda<EntityAnaconda> is not within bounds of type-variable M
public class RenderAnaconda extends MobRenderer<EntityAnaconda, LivingEntityRenderState, ModelAnaconda<EntityAnaconda>> {
                                                                                                      ^
  where M,S are type-variables:
    M extends EntityModel<? super S> declared in class MobRenderer
    S extends LivingEntityRenderState declared in class MobRenderer
C:\Users\justi\Documents\GitHub\AlexsMobs-26.2\src\main\java\com\github\alexthe666\alexsmobs\client\render\RenderAnaconda.java:14: error: RenderAnaconda is not abstract and does not override abstract method getTextureLocation(LivingEntityRenderState) in LivingEntityRenderer
public class RenderAnaconda extends MobRenderer<EntityAnaconda, LivingEntityRenderState, ModelAnaconda<EntityAnaconda>> {
       ^
C:\Users\justi\Documents\GitHub\AlexsMobs-26.2\src\main\java\com\github\alexthe666\alexsmobs\entity\EntityAnaconda.java:66: error: cannot find symbol
    private static final EntityDataAccessor<Optional<EntityReference<LivingEntity>>> CHILD_UUID = SynchedEntityData.defineId(EntityAnaconda.class, EntityDataSerializers.OPTIONAL_ENTITY_REFERENCE);
                                                                                                                                                                        ^
  symbol:   variable OPTIONAL_ENTITY_REFERENCE
  location: class EntityDataSerializers
C:\Users\justi\Documents\GitHub\AlexsMobs-26.2\src\main\java\com\github\alexthe666\alexsmobs\entity\EntityAnaconda.java:144: error: incompatible types: Predicate<LivingEntity> cannot be converted to Selector
        this.targetSelector.addGoal(1, new NearestAttackableTargetGoal(this, LivingEntity.class, 200, false, false, AMEntityRegistry.buildPredicateFromTag(AMTagRegistry.ANACONDA_TARGETS)));
                                                                                                                                                          ^
C:\Users\justi\Documents\GitHub\AlexsMobs-26.2\src\main\java\com\github\alexthe666\alexsmobs\entity\EntityAnaconda.java:208: error: incompatible types: EntityReference<LivingEntity> cannot be converted to UUID
        return this.entityData.get(CHILD_UUID).orElse(null);
                                                     ^
C:\Users\justi\Documents\GitHub\AlexsMobs-26.2\src\main\java\com\github\alexthe666\alexsmobs\entity\EntityAnaconda.java:212: error: no suitable method found for set(EntityDataAccessor<Optional<EntityReference<LivingEntity>>>,Optional<UUID>)
        this.entityData.set(CHILD_UUID, Optional.ofNullable(uniqueId));
                       ^
    method SynchedEntityData.<T#1>set(EntityDataAccessor<T#1>,T#1) is not applicable
      (inference variable T#2 has incompatible bounds
        equality constraints: EntityReference<LivingEntity>
        lower bounds: UUID)
    method SynchedEntityData.<T#3>set(EntityDataAccessor<T#3>,T#3,boolean) is not applicable
      (cannot infer type-variable(s) T#3
        (actual and formal argument lists differ in length))
  where T#1,T#2,T#3 are type-variables:
    T#1 extends Object declared in method <T#1>set(EntityDataAccessor<T#1>,T#1)
    T#2 extends Object declared in method <T#2>ofNullable(T#2)
    T#3 extends Object declared in method <T#3>set(EntityDataAccessor<T#3>,T#3,boolean)
C:\Users\justi\Documents\GitHub\AlexsMobs-26.2\src\main\java\com\github\alexthe666\alexsmobs\entity\EntityAnaconda.java:437: error: getScale() in EntityAnaconda cannot override getScale() in LivingEntity
    public float getScale() {
                 ^
  overridden method is final
C:\Users\justi\Documents\GitHub\AlexsMobs-26.2\src\main\java\com\github\alexthe666\alexsmobs\entity\EntityAnaconda.java:482: error: cannot find symbol
        return (float) (40 * -Math.sin(this.walkDist * 3 - (i))) * f + this.strangleProgress * 0.2F * i * strangleIntensity;
                                           ^
  symbol: variable walkDist
C:\Users\justi\Documents\GitHub\AlexsMobs-26.2\src\main\java\com\github\alexthe666\alexsmobs\entity\EntityAnaconda.java:535: error: method does not override or implement a method from a supertype
    @Override
    ^
C:\Users\justi\Documents\GitHub\AlexsMobs-26.2\src\main\java\com\github\alexthe666\alexsmobs\entity\EntityAnaconda.java:539: error: incompatible types: CompoundTag cannot be converted to ValueOutput
            living.addAdditionalSaveData(emptyNbt);
                                         ^
C:\Users\justi\Documents\GitHub\AlexsMobs-26.2\src\main\java\com\github\alexthe666\alexsmobs\entity\EntityAnaconda.java:540: error: cannot find symbol
            emptyNbt.putString("DeathLootTable", BuiltInLootTables.EMPTY.toString());
                                                                  ^
  symbol:   variable EMPTY
  location: class BuiltInLootTables
C:\Users\justi\Documents\GitHub\AlexsMobs-26.2\src\main\java\com\github\alexthe666\alexsmobs\entity\EntityAnaconda.java:541: error: incompatible types: CompoundTag cannot be converted to ValueInput
            living.readAdditionalSaveData(emptyNbt);
                                          ^
C:\Users\justi\Documents\GitHub\AlexsMobs-26.2\src\main\java\com\github\alexthe666\alexsmobs\entity\EntityAnaconda.java:547: error: method awardKillScore in class Entity cannot be applied to given types;
        super.awardKillScore(entity, score, src);
             ^
  required: Entity,DamageSource
  found:    Entity,int,DamageSource
  reason: actual and formal argument lists differ in length
C:\Users\justi\Documents\GitHub\AlexsMobs-26.2\src\main\java\com\github\alexthe666\alexsmobs\entity\EntityAnaconda.java:602: error: method hurt in class Entity cannot be applied to given types;
                    target.hurt(snake.damageSources().mobAttack(snake));
                          ^
  required: DamageSource,float
  found:    DamageSource
  reason: actual and formal argument lists differ in length
C:\Users\justi\Documents\GitHub\AlexsMobs-26.2\src\main\java\com\github\alexthe666\alexsmobs\entity\EntityAnacondaPart.java:47: error: cannot find symbol
    private static final EntityDataAccessor<Optional<EntityReference<LivingEntity>>> CHILD_UUID = SynchedEntityData.defineId(EntityAnacondaPart.class, EntityDataSerializers.OPTIONAL_ENTITY_REFERENCE);
                                                                                                                                                                            ^
  symbol:   variable OPTIONAL_ENTITY_REFERENCE
  location: class EntityDataSerializers
C:\Users\justi\Documents\GitHub\AlexsMobs-26.2\src\main\java\com\github\alexthe666\alexsmobs\entity\EntityAnacondaPart.java:48: error: cannot find symbol
    private static final EntityDataAccessor<Optional<EntityReference<LivingEntity>>> PARENT_UUID = SynchedEntityData.defineId(EntityAnacondaPart.class, EntityDataSerializers.OPTIONAL_ENTITY_REFERENCE);
                                                                                                                                                                             ^
  symbol:   variable OPTIONAL_ENTITY_REFERENCE
  location: class EntityDataSerializers
C:\Users\justi\Documents\GitHub\AlexsMobs-26.2\src\main\java\com\github\alexthe666\alexsmobs\entity\EntityAnacondaPart.java:79: error: method does not override or implement a method from a supertype
    @Override
    ^
C:\Users\justi\Documents\GitHub\AlexsMobs-26.2\src\main\java\com\github\alexthe666\alexsmobs\entity\EntityAnacondaPart.java:81: error: method interact in class Entity cannot be applied to given types;
        return this.getParent() == null ? super.interact(p_19978_, p_19979_) : this.getParent().interact(p_19978_, p_19979_);
                                               ^
  required: Player,InteractionHand,Vec3
  found:    Player,InteractionHand
  reason: actual and formal argument lists differ in length
C:\Users\justi\Documents\GitHub\AlexsMobs-26.2\src\main\java\com\github\alexthe666\alexsmobs\entity\EntityAnacondaPart.java:81: error: method interact in class Entity cannot be applied to given types;
        return this.getParent() == null ? super.interact(p_19978_, p_19979_) : this.getParent().interact(p_19978_, p_19979_);
                                                                                               ^
  required: Player,InteractionHand,Vec3
  found:    Player,InteractionHand
  reason: actual and formal argument lists differ in length
C:\Users\justi\Documents\GitHub\AlexsMobs-26.2\src\main\java\com\github\alexthe666\alexsmobs\entity\EntityAnacondaPart.java:104: error: cannot find symbol
        isInsidePortal = false;
        ^
  symbol:   variable isInsidePortal
  location: class EntityAnacondaPart
C:\Users\justi\Documents\GitHub\AlexsMobs-26.2\src\main\java\com\github\alexthe666\alexsmobs\entity\EntityAnacondaPart.java:176: error: cannot find symbol
        this.moveTo(avg.x, avg.y, avg.z, f, f2);
            ^
  symbol: method moveTo(double,double,double,float,float)
C:\Users\justi\Documents\GitHub\AlexsMobs-26.2\src\main\java\com\github\alexthe666\alexsmobs\entity\EntityAnacondaPart.java:244: error: incompatible types: void cannot be converted to boolean
               return e.hurt(source, f);
                            ^
C:\Users\justi\Documents\GitHub\AlexsMobs-26.2\src\main\java\com\github\alexthe666\alexsmobs\entity\EntityAnacondaPart.java:278: error: method does not override or implement a method from a supertype
    @Override
    ^
C:\Users\justi\Documents\GitHub\AlexsMobs-26.2\src\main\java\com\github\alexthe666\alexsmobs\entity\EntityAnacondaPart.java:324: error: incompatible types: EntityReference<LivingEntity> cannot be converted to UUID
        return this.entityData.get(PARENT_UUID).orElse(null);
                                                      ^
C:\Users\justi\Documents\GitHub\AlexsMobs-26.2\src\main\java\com\github\alexthe666\alexsmobs\entity\EntityAnacondaPart.java:328: error: no suitable method found for set(EntityDataAccessor<Optional<EntityReference<LivingEntity>>>,Optional<UUID>)
        this.entityData.set(PARENT_UUID, Optional.ofNullable(uniqueId));
                       ^
    method SynchedEntityData.<T#1>set(EntityDataAccessor<T#1>,T#1) is not applicable
      (inference variable T#2 has incompatible bounds
        equality constraints: EntityReference<LivingEntity>
        lower bounds: UUID)
    method SynchedEntityData.<T#3>set(EntityDataAccessor<T#3>,T#3,boolean) is not applicable
      (cannot infer type-variable(s) T#3
        (actual and formal argument lists differ in length))
  where T#1,T#2,T#3 are type-variables:
    T#1 extends Object declared in method <T#1>set(EntityDataAccessor<T#1>,T#1)
    T#2 extends Object declared in method <T#2>ofNullable(T#2)
    T#3 extends Object declared in method <T#3>set(EntityDataAccessor<T#3>,T#3,boolean)
C:\Users\justi\Documents\GitHub\AlexsMobs-26.2\src\main\java\com\github\alexthe666\alexsmobs\entity\EntityAnacondaPart.java:344: error: incompatible types: EntityReference<LivingEntity> cannot be converted to UUID
        return this.entityData.get(CHILD_UUID).orElse(null);
                                                     ^
C:\Users\justi\Documents\GitHub\AlexsMobs-26.2\src\main\java\com\github\alexthe666\alexsmobs\entity\EntityAnacondaPart.java:348: error: no suitable method found for set(EntityDataAccessor<Optional<EntityReference<LivingEntity>>>,Optional<UUID>)
        this.entityData.set(CHILD_UUID, Optional.ofNullable(uniqueId));
                       ^
    method SynchedEntityData.<T#1>set(EntityDataAccessor<T#1>,T#1) is not applicable
      (inference variable T#2 has incompatible bounds
        equality constraints: EntityReference<LivingEntity>
        lower bounds: UUID)
    method SynchedEntityData.<T#3>set(EntityDataAccessor<T#3>,T#3,boolean) is not applicable
      (cannot infer type-variable(s) T#3
        (actual and formal argument lists differ in length))
  where T#1,T#2,T#3 are type-variables:
    T#1 extends Object declared in method <T#1>set(EntityDataAccessor<T#1>,T#1)
    T#2 extends Object declared in method <T#2>ofNullable(T#2)
    T#3 extends Object declared in method <T#3>set(EntityDataAccessor<T#3>,T#3,boolean)
C:\Users\justi\Documents\GitHub\AlexsMobs-26.2\src\main\java\com\github\alexthe666\alexsmobs\client\render\RenderAnacondaPart.java:19: error: type argument AdvancedEntityModel<EntityAnacondaPart> is not within bounds of type-variable M
public class RenderAnacondaPart extends LivingEntityRenderer<EntityAnacondaPart, LivingEntityRenderState, AdvancedEntityModel<EntityAnacondaPart>> {
                                                                                                                             ^
  where M,S are type-variables:
    M extends EntityModel<? super S> declared in class LivingEntityRenderer
    S extends LivingEntityRenderState declared in class LivingEntityRenderer
C:\Users\justi\Documents\GitHub\AlexsMobs-26.2\src\main\java\com\github\alexthe666\alexsmobs\client\render\RenderAnacondaPart.java:19: error: RenderAnacondaPart is not abstract and does not override abstract method getTextureLocation(LivingEntityRenderState) in LivingEntityRenderer
public class RenderAnacondaPart extends LivingEntityRenderer<EntityAnacondaPart, LivingEntityRenderState, AdvancedEntityModel<EntityAnacondaPart>> {
       ^
C:\Users\justi\Documents\GitHub\AlexsMobs-26.2\src\main\java\com\github\alexthe666\alexsmobs\client\render\RenderAnacondaPart.java:30: error: incompatible types: EntityAnacondaPart cannot be converted to LivingEntityRenderState
        if (this.isShaking(entity)) {
                           ^
C:\Users\justi\Documents\GitHub\AlexsMobs-26.2\src\main\java\com\github\alexthe666\alexsmobs\client\render\RenderAnacondaPart.java:48: error: method getFlipDegrees in class LivingEntityRenderer<T,S,M> cannot be applied to given types;
            stack.mulPose(Axis.ZP.rotationDegrees(f * this.getFlipDegrees(entity)));
                                                          ^
  required: no arguments
  found:    EntityAnacondaPart
  reason: actual and formal argument lists differ in length
  where T,S,M are type-variables:
    T extends LivingEntity declared in class LivingEntityRenderer
    S extends LivingEntityRenderState declared in class LivingEntityRenderer
    M extends EntityModel<? super S> declared in class LivingEntityRenderer
C:\Users\justi\Documents\GitHub\AlexsMobs-26.2\src\main\java\com\github\alexthe666\alexsmobs\client\render\RenderAnacondaPart.java:60: error: method shouldShowName in class LivingEntityRenderer<T,S,M> cannot be applied to given types;
        return super.shouldShowName(entity) && (entity.shouldShowName() || entity.hasCustomName() && entity == this.entityRenderDispatcher.crosshairPickEntity);
                    ^
  required: EntityAnacondaPart,double
  found:    EntityAnacondaPart
  reason: actual and formal argument lists differ in length
  where T,S,M are type-variables:
    T extends LivingEntity declared in class LivingEntityRenderer
    S extends LivingEntityRenderState declared in class LivingEntityRenderer
    M extends EntityModel<? super S> declared in class LivingEntityRenderer
C:\Users\justi\Documents\GitHub\AlexsMobs-26.2\src\main\java\com\github\alexthe666\alexsmobs\client\render\RenderBaldEagle.java:28: error: type argument ModelBaldEagle is not within bounds of type-variable M
public class RenderBaldEagle extends MobRenderer<EntityBaldEagle, LivingEntityRenderState, ModelBaldEagle> {
                                                                                           ^
  where M,S are type-variables:
    M extends EntityModel<? super S> declared in class MobRenderer
    S extends LivingEntityRenderState declared in class MobRenderer
C:\Users\justi\Documents\GitHub\AlexsMobs-26.2\src\main\java\com\github\alexthe666\alexsmobs\client\render\RenderBaldEagle.java:28: error: RenderBaldEagle is not abstract and does not override abstract method getTextureLocation(LivingEntityRenderState) in LivingEntityRenderer
public class RenderBaldEagle extends MobRenderer<EntityBaldEagle, LivingEntityRenderState, ModelBaldEagle> {
       ^
C:\Users\justi\Documents\GitHub\AlexsMobs-26.2\src\main\java\com\github\alexthe666\alexsmobs\client\render\RenderBaldEagle.java:34: error: incompatible types: CapLayer cannot be converted to RenderLayer<LivingEntityRenderState,ModelBaldEagle>
        this.addLayer(new CapLayer(this));
                      ^
C:\Users\justi\Documents\GitHub\AlexsMobs-26.2\src\main\java\com\github\alexthe666\alexsmobs\client\render\RenderBaldEagle.java:81: error: type argument EntityBaldEagle is not within bounds of type-variable S
    static class CapLayer extends RenderLayer<EntityBaldEagle, ModelBaldEagle> {
                                              ^
  where S is a type-variable:
    S extends EntityRenderState declared in class RenderLayer
C:\Users\justi\Documents\GitHub\AlexsMobs-26.2\src\main\java\com\github\alexthe666\alexsmobs\client\render\RenderBaldEagle.java:81: error: CapLayer is not abstract and does not override abstract method submit(PoseStack,SubmitNodeCollector,int,EntityBaldEagle,float,float) in RenderLayer
    static class CapLayer extends RenderLayer<EntityBaldEagle, ModelBaldEagle> {
           ^
C:\Users\justi\Documents\GitHub\AlexsMobs-26.2\src\main\java\com\github\alexthe666\alexsmobs\client\render\RenderBaldEagle.java:84: error: incompatible types: RenderBaldEagle cannot be converted to RenderLayerParent<EntityBaldEagle,ModelBaldEagle>
            super(p_i50928_1_);
                  ^
C:\Users\justi\Documents\GitHub\AlexsMobs-26.2\src\main\java\com\github\alexthe666\alexsmobs\client\render\RenderBaldEagle.java:89: error: cannot find symbol
                VertexConsumer lead = bufferIn.getBuffer(RenderType.entityTranslucent(TEXTURE_CAP));
                                                                   ^
  symbol:   method entityTranslucent(Identifier)
  location: class RenderType
C:\Users\justi\Documents\GitHub\AlexsMobs-26.2\src\main\java\com\github\alexthe666\alexsmobs\client\render\RenderBaldEagle.java:90: error: incompatible types: EntityBaldEagle cannot be converted to LivingEntityRenderState
                this.getParentModel().renderToBuffer(matrixStackIn, lead, packedLightIn, LivingEntityRenderer.getOverlayCoords(entitylivingbaseIn, 0), 1.0F, 1.0F, 1.0F, 1.0F);
                                                                                                                               ^
C:\Users\justi\Documents\GitHub\AlexsMobs-26.2\src\main\java\com\github\alexthe666\alexsmobs\client\render\RenderBananaSlug.java:23: error: type argument ModelBananaSlug is not within bounds of type-variable M
public class RenderBananaSlug extends MobRenderer<EntityBananaSlug, LivingEntityRenderState, ModelBananaSlug> {
                                                                                             ^
  where M,S are type-variables:
    M extends EntityModel<? super S> declared in class MobRenderer
    S extends LivingEntityRenderState declared in class MobRenderer
C:\Users\justi\Documents\GitHub\AlexsMobs-26.2\src\main\java\com\github\alexthe666\alexsmobs\client\render\RenderBananaSlug.java:23: error: RenderBananaSlug is not abstract and does not override abstract method getTextureLocation(LivingEntityRenderState) in LivingEntityRenderer
public class RenderBananaSlug extends MobRenderer<EntityBananaSlug, LivingEntityRenderState, ModelBananaSlug> {
       ^
C:\Users\justi\Documents\GitHub\AlexsMobs-26.2\src\main\java\com\github\alexthe666\alexsmobs\client\render\RenderBananaSlug.java:32: error: incompatible types: RenderBananaSlug.LayerSlime cannot be converted to RenderLayer<LivingEntityRenderState,ModelBananaSlug>
        this.addLayer(new LayerSlime());
                      ^
C:\Users\justi\Documents\GitHub\AlexsMobs-26.2\src\main\java\com\github\alexthe666\alexsmobs\client\render\RenderBananaSlug.java:67: error: method does not override or implement a method from a supertype
    @Override
    ^
C:\Users\justi\Documents\GitHub\AlexsMobs-26.2\src\main\java\com\github\alexthe666\alexsmobs\client\render\RenderBananaSlug.java:70: error: method setupRotations in class LivingEntityRenderer<T,S,M> cannot be applied to given types;
            super.setupRotations(entityLiving, matrixStackIn, ageInTicks, rotationYaw, partialTicks);
                 ^
  required: LivingEntityRenderState,PoseStack,float,float
  found:    EntityBananaSlug,PoseStack,float,float,float
  reason: actual and formal argument lists differ in length
  where T,S,M are type-variables:
    T extends LivingEntity declared in class LivingEntityRenderer
    S extends LivingEntityRenderState declared in class LivingEntityRenderer
    M extends EntityModel<? super S> declared in class LivingEntityRenderer
C:\Users\justi\Documents\GitHub\AlexsMobs-26.2\src\main\java\com\github\alexthe666\alexsmobs\client\render\RenderBananaSlug.java:73: error: incompatible types: EntityBananaSlug cannot be converted to LivingEntityRenderState
        if (this.isShaking(entityLiving)) {
                           ^
C:\Users\justi\Documents\GitHub\AlexsMobs-26.2\src\main\java\com\github\alexthe666\alexsmobs\client\render\RenderBananaSlug.java:106: error: method getFlipDegrees in class LivingEntityRenderer<T,S,M> cannot be applied to given types;
            matrixStackIn.mulPose(Axis.ZP.rotationDegrees(f * this.getFlipDegrees(entityLiving)));
                                                                  ^
  required: no arguments
  found:    EntityBananaSlug
  reason: actual and formal argument lists differ in length
  where T,S,M are type-variables:
    T extends LivingEntity declared in class LivingEntityRenderer
    S extends LivingEntityRenderState declared in class LivingEntityRenderer
    M extends EntityModel<? super S> declared in class LivingEntityRenderer
C:\Users\justi\Documents\GitHub\AlexsMobs-26.2\src\main\java\com\github\alexthe666\alexsmobs\client\render\RenderBananaSlug.java:131: error: type argument EntityBananaSlug is not within bounds of type-variable S
    class LayerSlime extends RenderLayer<EntityBananaSlug, ModelBananaSlug> {
                                         ^
  where S is a type-variable:
    S extends EntityRenderState declared in class RenderLayer
C:\Users\justi\Documents\GitHub\AlexsMobs-26.2\src\main\java\com\github\alexthe666\alexsmobs\client\render\RenderBananaSlug.java:131: error: RenderBananaSlug.LayerSlime is not abstract and does not override abstract method submit(PoseStack,SubmitNodeCollector,int,EntityBananaSlug,float,float) in RenderLayer
    class LayerSlime extends RenderLayer<EntityBananaSlug, ModelBananaSlug> {
    ^
C:\Users\justi\Documents\GitHub\AlexsMobs-26.2\src\main\java\com\github\alexthe666\alexsmobs\client\render\RenderBananaSlug.java:134: error: incompatible types: RenderBananaSlug cannot be converted to RenderLayerParent<EntityBananaSlug,ModelBananaSlug>
            super(RenderBananaSlug.this);
                                  ^
C:\Users\justi\Documents\GitHub\AlexsMobs-26.2\src\main\java\com\github\alexthe666\alexsmobs\client\render\RenderBananaSlug.java:140: error: cannot find symbol
                VertexConsumer ivertexbuilder = bufferIn.getBuffer(RenderType.entityTranslucent(TEXTURE_SLIME));
                                                                             ^
  symbol:   method entityTranslucent(Identifier)
  location: class RenderType
C:\Users\justi\Documents\GitHub\AlexsMobs-26.2\src\main\java\com\github\alexthe666\alexsmobs\client\render\RenderBananaSlug.java:141: error: incompatible types: EntityBananaSlug cannot be converted to LivingEntityRenderState
                this.getParentModel().renderToBuffer(matrixStackIn, ivertexbuilder, packedLightIn, LivingEntityRenderer.getOverlayCoords(entitylivingbaseIn, 0.0F), 1.0F, 1.0F, 1.0F, alpha);
                                                                                                                                         ^
C:\Users\justi\Documents\GitHub\AlexsMobs-26.2\src\main\java\com\github\alexthe666\alexsmobs\client\render\RenderBison.java:20: error: type argument AdvancedEntityModel<EntityBison> is not within bounds of type-variable M
public class RenderBison extends MobRenderer<EntityBison, LivingEntityRenderState, AdvancedEntityModel<EntityBison>> {
                                                                                                      ^
  where M,S are type-variables:
    M extends EntityModel<? super S> declared in class MobRenderer
    S extends LivingEntityRenderState declared in class MobRenderer
C:\Users\justi\Documents\GitHub\AlexsMobs-26.2\src\main\java\com\github\alexthe666\alexsmobs\client\render\RenderBison.java:20: error: RenderBison is not abstract and does not override abstract method getTextureLocation(LivingEntityRenderState) in LivingEntityRenderer
public class RenderBison extends MobRenderer<EntityBison, LivingEntityRenderState, AdvancedEntityModel<EntityBison>> {
       ^
C:\Users\justi\Documents\GitHub\AlexsMobs-26.2\src\main\java\com\github\alexthe666\alexsmobs\client\render\RenderBison.java:31: error: incompatible types: RenderBison.LayerSnow cannot be converted to RenderLayer<LivingEntityRenderState,AdvancedEntityModel<EntityBison>>
        this.addLayer(new LayerSnow());
                      ^
C:\Users\justi\Documents\GitHub\AlexsMobs-26.2\src\main\java\com\github\alexthe666\alexsmobs\client\render\RenderBison.java:46: error: type argument EntityBison is not within bounds of type-variable S
    class LayerSnow extends RenderLayer<EntityBison, AdvancedEntityModel<EntityBison>> {
                                        ^
  where S is a type-variable:
    S extends EntityRenderState declared in class RenderLayer
C:\Users\justi\Documents\GitHub\AlexsMobs-26.2\src\main\java\com\github\alexthe666\alexsmobs\client\render\RenderBison.java:46: error: RenderBison.LayerSnow is not abstract and does not override abstract method submit(PoseStack,SubmitNodeCollector,int,EntityBison,float,float) in RenderLayer
    class LayerSnow extends RenderLayer<EntityBison, AdvancedEntityModel<EntityBison>> {
    ^
C:\Users\justi\Documents\GitHub\AlexsMobs-26.2\src\main\java\com\github\alexthe666\alexsmobs\client\render\RenderBison.java:49: error: incompatible types: RenderBison cannot be converted to RenderLayerParent<EntityBison,AdvancedEntityModel<EntityBison>>
            super(RenderBison.this);
                             ^
C:\Users\justi\Documents\GitHub\AlexsMobs-26.2\src\main\java\com\github\alexthe666\alexsmobs\client\render\RenderBison.java:54: error: cannot find symbol
                VertexConsumer ivertexbuilder = bufferIn.getBuffer(RenderType.entityCutout(entitylivingbaseIn.isBaby() ? TEXTURE_BABY_SNOWY : TEXTURE_SNOWY));
                                                                             ^
  symbol:   method entityCutout(entitylivi[...]SNOWY)
  location: class RenderType
C:\Users\justi\Documents\GitHub\AlexsMobs-26.2\src\main\java\com\github\alexthe666\alexsmobs\client\render\RenderBison.java:55: error: incompatible types: EntityBison cannot be converted to LivingEntityRenderState
                this.getParentModel().renderToBuffer(matrixStackIn, ivertexbuilder, packedLightIn, LivingEntityRenderer.getOverlayCoords(entitylivingbaseIn, 0.0F), 1.0F, 1.0F, 1.0F, 1.0F);
                                                                                                                                         ^
C:\Users\justi\Documents\GitHub\AlexsMobs-26.2\src\main\java\com\github\alexthe666\alexsmobs\client\render\RenderBlobfish.java:15: error: type argument EntityModel<EntityBlobfish> is not within bounds of type-variable M
public class RenderBlobfish extends MobRenderer<EntityBlobfish, LivingEntityRenderState, EntityModel<EntityBlobfish>> {
                                                                                                    ^
  where M,S are type-variables:
    M extends EntityModel<? super S> declared in class MobRenderer
    S extends LivingEntityRenderState declared in class MobRenderer
C:\Users\justi\Documents\GitHub\AlexsMobs-26.2\src\main\java\com\github\alexthe666\alexsmobs\client\render\RenderBlobfish.java:15: error: type argument EntityBlobfish is not within bounds of type-variable T
public class RenderBlobfish extends MobRenderer<EntityBlobfish, LivingEntityRenderState, EntityModel<EntityBlobfish>> {
                                                                                                     ^
  where T is a type-variable:
    T extends EntityRenderState declared in class EntityModel
C:\Users\justi\Documents\GitHub\AlexsMobs-26.2\src\main\java\com\github\alexthe666\alexsmobs\client\render\RenderBlobfish.java:15: error: RenderBlobfish is not abstract and does not override abstract method getTextureLocation(LivingEntityRenderState) in LivingEntityRenderer
public class RenderBlobfish extends MobRenderer<EntityBlobfish, LivingEntityRenderState, EntityModel<EntityBlobfish>> {
       ^
C:\Users\justi\Documents\GitHub\AlexsMobs-26.2\src\main\java\com\github\alexthe666\alexsmobs\client\render\RenderBlobfish.java:22: error: incompatible types: ModelBlobfish cannot be converted to EntityModel<EntityBlobfish>
        super(renderManagerIn, new ModelBlobfish(), 0.35F);
                               ^
C:\Users\justi\Documents\GitHub\AlexsMobs-26.2\src\main\java\com\github\alexthe666\alexsmobs\client\render\RenderBlobfish.java:27: error: incompatible types: ModelBlobfishDepressurized cannot be converted to EntityModel<EntityBlobfish>
            model = modelDepressurized;
                    ^
C:\Users\justi\Documents\GitHub\AlexsMobs-26.2\src\main\java\com\github\alexthe666\alexsmobs\client\render\RenderBlobfish.java:29: error: incompatible types: ModelBlobfish cannot be converted to EntityModel<EntityBlobfish>
            model = modelFish;
                    ^
C:\Users\justi\Documents\GitHub\AlexsMobs-26.2\src\main\java\com\github\alexthe666\alexsmobs\client\render\RenderBlueJay.java:23: error: type argument ModelBlueJay is not within bounds of type-variable M
public class RenderBlueJay extends MobRenderer<EntityBlueJay, LivingEntityRenderState, ModelBlueJay> {
                                                                                       ^
  where M,S are type-variables:
    M extends EntityModel<? super S> declared in class MobRenderer
    S extends LivingEntityRenderState declared in class MobRenderer
C:\Users\justi\Documents\GitHub\AlexsMobs-26.2\src\main\java\com\github\alexthe666\alexsmobs\client\render\RenderBlueJay.java:23: error: RenderBlueJay is not abstract and does not override abstract method getTextureLocation(LivingEntityRenderState) in LivingEntityRenderer
public class RenderBlueJay extends MobRenderer<EntityBlueJay, LivingEntityRenderState, ModelBlueJay> {
       ^
C:\Users\justi\Documents\GitHub\AlexsMobs-26.2\src\main\java\com\github\alexthe666\alexsmobs\client\render\RenderBlueJay.java:29: error: incompatible types: RenderBlueJay.LayerShiny cannot be converted to RenderLayer<LivingEntityRenderState,ModelBlueJay>
        this.addLayer(new LayerShiny());
                      ^
C:\Users\justi\Documents\GitHub\AlexsMobs-26.2\src\main\java\com\github\alexthe666\alexsmobs\client\render\RenderBlueJay.java:37: error: incompatible types: EntityModel cannot be converted to ModelRaccoon
                if (raccoonRenderer instanceof LivingEntityRenderer && ((LivingEntityRenderer) raccoonRenderer).getModel() instanceof ModelRaccoon raccoonModel) {
                                                                                                                        ^
C:\Users\justi\Documents\GitHub\AlexsMobs-26.2\src\main\java\com\github\alexthe666\alexsmobs\client\render\RenderBlueJay.java:55: error: type argument EntityBlueJay is not within bounds of type-variable S
    class LayerShiny extends RenderLayer<EntityBlueJay, ModelBlueJay> {
                                         ^
  where S is a type-variable:
    S extends EntityRenderState declared in class RenderLayer
C:\Users\justi\Documents\GitHub\AlexsMobs-26.2\src\main\java\com\github\alexthe666\alexsmobs\client\render\RenderBlueJay.java:55: error: RenderBlueJay.LayerShiny is not abstract and does not override abstract method submit(PoseStack,SubmitNodeCollector,int,EntityBlueJay,float,float) in RenderLayer
    class LayerShiny extends RenderLayer<EntityBlueJay, ModelBlueJay> {
    ^
C:\Users\justi\Documents\GitHub\AlexsMobs-26.2\src\main\java\com\github\alexthe666\alexsmobs\client\render\RenderBlueJay.java:58: error: incompatible types: RenderBlueJay cannot be converted to RenderLayerParent<EntityBlueJay,ModelBlueJay>
            super(RenderBlueJay.this);
                               ^
C:\Users\justi\Documents\GitHub\AlexsMobs-26.2\src\main\java\com\github\alexthe666\alexsmobs\client\render\RenderBlueJay.java:63: error: cannot find symbol
                VertexConsumer ivertexbuilder = bufferIn.getBuffer(RenderType.entityTranslucent(TEXTURE_SHINY));
                                                                             ^
  symbol:   method entityTranslucent(Identifier)
  location: class RenderType
C:\Users\justi\Documents\GitHub\AlexsMobs-26.2\src\main\java\com\github\alexthe666\alexsmobs\client\render\RenderBlueJay.java:65: error: incompatible types: EntityBlueJay cannot be converted to LivingEntityRenderState
                this.getParentModel().renderToBuffer(matrixStackIn, ivertexbuilder, packedLightIn, LivingEntityRenderer.getOverlayCoords(entitylivingbaseIn, 0.0F), 1.0F, 1.0F, 1.0F, alpha);
                                                                                                                                         ^
C:\Users\justi\Documents\GitHub\AlexsMobs-26.2\src\main\java\com\github\alexthe666\alexsmobs\client\render\RenderBoneSerpent.java:13: error: type argument ModelBoneSerpentHead is not within bounds of type-variable M
public class RenderBoneSerpent extends MobRenderer<EntityBoneSerpent, LivingEntityRenderState, ModelBoneSerpentHead> {
                                                                                               ^
  where M,S are type-variables:
    M extends EntityModel<? super S> declared in class MobRenderer
    S extends LivingEntityRenderState declared in class MobRenderer
C:\Users\justi\Documents\GitHub\AlexsMobs-26.2\src\main\java\com\github\alexthe666\alexsmobs\client\render\RenderBoneSerpent.java:13: error: RenderBoneSerpent is not abstract and does not override abstract method getTextureLocation(LivingEntityRenderState) in LivingEntityRenderer
public class RenderBoneSerpent extends MobRenderer<EntityBoneSerpent, LivingEntityRenderState, ModelBoneSerpentHead> {
       ^
C:\Users\justi\Documents\GitHub\AlexsMobs-26.2\src\main\java\com\github\alexthe666\alexsmobs\client\render\RenderBoneSerpentPart.java:15: error: type argument AdvancedEntityModel<EntityBoneSerpentPart> is not within bounds of type-variable M
public class RenderBoneSerpentPart extends LivingEntityRenderer<EntityBoneSerpentPart, LivingEntityRenderState, AdvancedEntityModel<EntityBoneSerpentPart>> {
                                                                                                                                   ^
  where M,S are type-variables:
    M extends EntityModel<? super S> declared in class LivingEntityRenderer
    S extends LivingEntityRenderState declared in class LivingEntityRenderer
C:\Users\justi\Documents\GitHub\AlexsMobs-26.2\src\main\java\com\github\alexthe666\alexsmobs\client\render\RenderBoneSerpentPart.java:15: error: RenderBoneSerpentPart is not abstract and does not override abstract method getTextureLocation(LivingEntityRenderState) in LivingEntityRenderer
public class RenderBoneSerpentPart extends LivingEntityRenderer<EntityBoneSerpentPart, LivingEntityRenderState, AdvancedEntityModel<EntityBoneSerpentPart>> {
       ^
C:\Users\justi\Documents\GitHub\AlexsMobs-26.2\src\main\java\com\github\alexthe666\alexsmobs\client\render\RenderBoneSerpentPart.java:26: error: method shouldShowName in class LivingEntityRenderer<T,S,M> cannot be applied to given types;
        return super.shouldShowName(entity) && (entity.shouldShowName() || entity.hasCustomName() && entity == this.entityRenderDispatcher.crosshairPickEntity);
                    ^
  required: EntityBoneSerpentPart,double
  found:    EntityBoneSerpentPart
  reason: actual and formal argument lists differ in length
  where T,S,M are type-variables:
    T extends LivingEntity declared in class LivingEntityRenderer
    S extends LivingEntityRenderState declared in class LivingEntityRenderer
    M extends EntityModel<? super S> declared in class LivingEntityRenderer
C:\Users\justi\Documents\GitHub\AlexsMobs-26.2\src\main\java\com\github\alexthe666\alexsmobs\client\render\RenderBunfungus.java:21: error: type argument ModelBunfungus is not within bounds of type-variable M
public class RenderBunfungus extends MobRenderer<EntityBunfungus, LivingEntityRenderState, ModelBunfungus> {
                                                                                           ^
  where M,S are type-variables:
    M extends EntityModel<? super S> declared in class MobRenderer
    S extends LivingEntityRenderState declared in class MobRenderer
C:\Users\justi\Documents\GitHub\AlexsMobs-26.2\src\main\java\com\github\alexthe666\alexsmobs\client\render\RenderBunfungus.java:21: error: RenderBunfungus is not abstract and does not override abstract method getTextureLocation(LivingEntityRenderState) in LivingEntityRenderer
public class RenderBunfungus extends MobRenderer<EntityBunfungus, LivingEntityRenderState, ModelBunfungus> {
       ^
C:\Users\justi\Documents\GitHub\AlexsMobs-26.2\src\main\java\com\github\alexthe666\alexsmobs\client\render\RenderBunfungus.java:27: error: incompatible types: LayerHeldItem cannot be converted to RenderLayer<LivingEntityRenderState,ModelBunfungus>
        this.addLayer(new LayerHeldItem(this));
                      ^
C:\Users\justi\Documents\GitHub\AlexsMobs-26.2\src\main\java\com\github\alexthe666\alexsmobs\client\render\RenderBunfungus.java:42: error: type argument EntityBunfungus is not within bounds of type-variable S
    static class LayerHeldItem extends RenderLayer<EntityBunfungus, ModelBunfungus> {
                                                   ^
  where S is a type-variable:
    S extends EntityRenderState declared in class RenderLayer
C:\Users\justi\Documents\GitHub\AlexsMobs-26.2\src\main\java\com\github\alexthe666\alexsmobs\client\render\RenderBunfungus.java:42: error: LayerHeldItem is not abstract and does not override abstract method submit(PoseStack,SubmitNodeCollector,int,EntityBunfungus,float,float) in RenderLayer
    static class LayerHeldItem extends RenderLayer<EntityBunfungus, ModelBunfungus> {
           ^
C:\Users\justi\Documents\GitHub\AlexsMobs-26.2\src\main\java\com\github\alexthe666\alexsmobs\client\render\RenderBunfungus.java:45: error: incompatible types: RenderBunfungus cannot be converted to RenderLayerParent<EntityBunfungus,ModelBunfungus>
            super(render);
                  ^
C:\Users\justi\Documents\GitHub\AlexsMobs-26.2\src\main\java\com\github\alexthe666\alexsmobs\client\render\RenderBunfungus.java:62: error: method renderItem in class ItemInHandRenderer cannot be applied to given types;
            renderer.renderItem(entitylivingbaseIn, itemstack, ItemDisplayContext.GROUND, false, matrixStackIn, bufferIn, packedLightIn);
                    ^
  required: LivingEntity,ItemStack,ItemDisplayContext,PoseStack,SubmitNodeCollector,int
  found:    EntityBunfungus,ItemStack,ItemDisplayContext,boolean,PoseStack,OrderedSubmitNodeCollector,int
  reason: actual and formal argument lists differ in length
C:\Users\justi\Documents\GitHub\AlexsMobs-26.2\src\main\java\com\github\alexthe666\alexsmobs\client\render\RenderCachalotEcho.java:19: error: RenderCachalotEcho is not abstract and does not override abstract method createRenderState() in EntityRenderer
public class RenderCachalotEcho extends EntityRenderer<EntityCachalotEcho, EntityRenderState> {
       ^
C:\Users\justi\Documents\GitHub\AlexsMobs-26.2\src\main\java\com\github\alexthe666\alexsmobs\client\render\RenderCachalotEcho.java:47: error: cannot find symbol
        super.render(entityIn, entityYaw, partialTicks, matrixStackIn, bufferIn, packedLightIn);
             ^
  symbol: method render(EntityCachalotEcho,float,float,PoseStack,OrderedSubmitNodeCollector,int)
C:\Users\justi\Documents\GitHub\AlexsMobs-26.2\src\main\java\com\github\alexthe666\alexsmobs\client\render\RenderCachalotEcho.java:58: error: cannot find symbol
        VertexConsumer ivertexbuilder = bufferIn.getBuffer(RenderType.entityCutout(res));
                                                                     ^
  symbol:   method entityCutout(Identifier)
  location: class RenderType
C:\Users\justi\Documents\GitHub\AlexsMobs-26.2\src\main\java\com\github\alexthe666\alexsmobs\client\render\RenderCachalotEcho.java:69: error: method does not override or implement a method from a supertype
    @Override
    ^
C:\Users\justi\Documents\GitHub\AlexsMobs-26.2\src\main\java\com\github\alexthe666\alexsmobs\client\render\RenderCachalotEcho.java:76: error: cannot find symbol
        p_229039_3_.vertex(p_229039_1_, (float) p_229039_4_, (float) p_229039_5_, (float) p_229039_6_).color(255, 255, 255, 255).uv(p_229039_7_, p_229039_8_).overlayCoords(OverlayTexture.NO_OVERLAY).uv2(p_229039_12_).normal(p_229039_2_, (float) p_229039_9_, (float) p_229039_11_, (float) p_229039_10_).endVertex();
                   ^
  symbol:   method vertex(Matrix4f,float,float,float)
  location: variable p_229039_3_ of type VertexConsumer
C:\Users\justi\Documents\GitHub\AlexsMobs-26.2\src\main\java\com\github\alexthe666\alexsmobs\entity\EntityCachalotEcho.java:28: error: EntityCachalotEcho is not abstract and does not override abstract method hurtServer(ServerLevel,DamageSource,float) in Entity
public class EntityCachalotEcho extends Entity {
       ^
C:\Users\justi\Documents\GitHub\AlexsMobs-26.2\src\main\java\com\github\alexthe666\alexsmobs\entity\EntityCachalotEcho.java:283: error: cannot find symbol
            this.moveTo(this.getX(), this.getY(), this.getZ(), this.getYRot(), this.getXRot());
                ^
  symbol: method moveTo(double,double,double,float,float)
C:\Users\justi\Documents\GitHub\AlexsMobs-26.2\src\main\java\com\github\alexthe666\alexsmobs\client\render\RenderCaiman.java:12: error: type argument ModelCaiman is not within bounds of type-variable M
public class RenderCaiman extends MobRenderer<EntityCaiman, LivingEntityRenderState, ModelCaiman> {
                                                                                     ^
  where M,S are type-variables:
    M extends EntityModel<? super S> declared in class MobRenderer
    S extends LivingEntityRenderState declared in class MobRenderer
C:\Users\justi\Documents\GitHub\AlexsMobs-26.2\src\main\java\com\github\alexthe666\alexsmobs\client\render\RenderCaiman.java:12: error: RenderCaiman is not abstract and does not override abstract method getTextureLocation(LivingEntityRenderState) in LivingEntityRenderer
public class RenderCaiman extends MobRenderer<EntityCaiman, LivingEntityRenderState, ModelCaiman> {
       ^
C:\Users\justi\Documents\GitHub\AlexsMobs-26.2\src\main\java\com\github\alexthe666\alexsmobs\client\render\RenderCatfish.java:16: error: type argument EntityModel<EntityCatfish> is not within bounds of type-variable M
public class RenderCatfish extends MobRenderer<EntityCatfish, LivingEntityRenderState, EntityModel<EntityCatfish>> {
                                                                                                  ^
  where M,S are type-variables:
    M extends EntityModel<? super S> declared in class MobRenderer
    S extends LivingEntityRenderState declared in class MobRenderer
C:\Users\justi\Documents\GitHub\AlexsMobs-26.2\src\main\java\com\github\alexthe666\alexsmobs\client\render\RenderCatfish.java:16: error: type argument EntityCatfish is not within bounds of type-variable T
public class RenderCatfish extends MobRenderer<EntityCatfish, LivingEntityRenderState, EntityModel<EntityCatfish>> {
                                                                                                   ^
  where T is a type-variable:
    T extends EntityRenderState declared in class EntityModel
C:\Users\justi\Documents\GitHub\AlexsMobs-26.2\src\main\java\com\github\alexthe666\alexsmobs\client\render\RenderCatfish.java:16: error: RenderCatfish is not abstract and does not override abstract method getTextureLocation(LivingEntityRenderState) in LivingEntityRenderer
public class RenderCatfish extends MobRenderer<EntityCatfish, LivingEntityRenderState, EntityModel<EntityCatfish>> {
       ^
C:\Users\justi\Documents\GitHub\AlexsMobs-26.2\src\main\java\com\github\alexthe666\alexsmobs\client\render\RenderCatfish.java:28: error: incompatible types: ModelCatfishSmall cannot be converted to EntityModel<EntityCatfish>
        super(renderManagerIn, new ModelCatfishSmall(), 0.5F);
                               ^
C:\Users\justi\Documents\GitHub\AlexsMobs-26.2\src\main\java\com\github\alexthe666\alexsmobs\client\render\RenderCatfish.java:33: error: incompatible types: ModelCatfishLarge cannot be converted to EntityModel<EntityCatfish>
            model = modelLarge;
                    ^
C:\Users\justi\Documents\GitHub\AlexsMobs-26.2\src\main\java\com\github\alexthe666\alexsmobs\client\render\RenderCatfish.java:35: error: incompatible types: ModelCatfishMedium cannot be converted to EntityModel<EntityCatfish>
            model = modelMedium;
                    ^
C:\Users\justi\Documents\GitHub\AlexsMobs-26.2\src\main\java\com\github\alexthe666\alexsmobs\client\render\RenderCatfish.java:37: error: incompatible types: ModelCatfishSmall cannot be converted to EntityModel<EntityCatfish>
            model = modelSmall;
                    ^
C:\Users\justi\Documents\GitHub\AlexsMobs-26.2\src\main\java\com\github\alexthe666\alexsmobs\client\render\RenderCentipedeBody.java:18: error: type argument AdvancedEntityModel<EntityCentipedeBody> is not within bounds of type-variable M
public class RenderCentipedeBody extends MobRenderer<EntityCentipedeBody, LivingEntityRenderState, AdvancedEntityModel<EntityCentipedeBody>> {
                                                                                                                      ^
  where M,S are type-variables:
    M extends EntityModel<? super S> declared in class MobRenderer
    S extends LivingEntityRenderState declared in class MobRenderer
C:\Users\justi\Documents\GitHub\AlexsMobs-26.2\src\main\java\com\github\alexthe666\alexsmobs\client\render\RenderCentipedeBody.java:18: error: RenderCentipedeBody is not abstract and does not override abstract method getTextureLocation(LivingEntityRenderState) in LivingEntityRenderer
public class RenderCentipedeBody extends MobRenderer<EntityCentipedeBody, LivingEntityRenderState, AdvancedEntityModel<EntityCentipedeBody>> {
       ^
C:\Users\justi\Documents\GitHub\AlexsMobs-26.2\src\main\java\com\github\alexthe666\alexsmobs\client\render\RenderCentipedeBody.java:29: error: method does not override or implement a method from a supertype
    @Override
    ^
C:\Users\justi\Documents\GitHub\AlexsMobs-26.2\src\main\java\com\github\alexthe666\alexsmobs\client\render\RenderCentipedeBody.java:32: error: incompatible types: EntityCentipedeBody cannot be converted to LivingEntityRenderState
        if (this.isShaking(entity)) {
                           ^
C:\Users\justi\Documents\GitHub\AlexsMobs-26.2\src\main\java\com\github\alexthe666\alexsmobs\client\render\RenderCentipedeTail.java:18: error: type argument AdvancedEntityModel<EntityCentipedeTail> is not within bounds of type-variable M
public class RenderCentipedeTail extends MobRenderer<EntityCentipedeTail, LivingEntityRenderState, AdvancedEntityModel<EntityCentipedeTail>> {
                                                                                                                      ^
  where M,S are type-variables:
    M extends EntityModel<? super S> declared in class MobRenderer
    S extends LivingEntityRenderState declared in class MobRenderer
C:\Users\justi\Documents\GitHub\AlexsMobs-26.2\src\main\java\com\github\alexthe666\alexsmobs\client\render\RenderCentipedeTail.java:18: error: RenderCentipedeTail is not abstract and does not override abstract method getTextureLocation(LivingEntityRenderState) in LivingEntityRenderer
public class RenderCentipedeTail extends MobRenderer<EntityCentipedeTail, LivingEntityRenderState, AdvancedEntityModel<EntityCentipedeTail>> {
       ^
C:\Users\justi\Documents\GitHub\AlexsMobs-26.2\src\main\java\com\github\alexthe666\alexsmobs\client\render\RenderCentipedeTail.java:29: error: method does not override or implement a method from a supertype
    @Override
    ^
C:\Users\justi\Documents\GitHub\AlexsMobs-26.2\src\main\java\com\github\alexthe666\alexsmobs\client\render\RenderCentipedeTail.java:32: error: incompatible types: EntityCentipedeTail cannot be converted to LivingEntityRenderState
        if (this.isShaking(entity)) {
                           ^
C:\Users\justi\Documents\GitHub\AlexsMobs-26.2\src\main\java\com\github\alexthe666\alexsmobs\client\render\RenderCombJelly.java:20: error: type argument ModelCombJelly is not within bounds of type-variable M
public class RenderCombJelly extends MobRenderer<EntityCombJelly, LivingEntityRenderState, ModelCombJelly> {
                                                                                           ^
  where M,S are type-variables:
    M extends EntityModel<? super S> declared in class MobRenderer
    S extends LivingEntityRenderState declared in class MobRenderer
C:\Users\justi\Documents\GitHub\AlexsMobs-26.2\src\main\java\com\github\alexthe666\alexsmobs\client\render\RenderCombJelly.java:20: error: RenderCombJelly is not abstract and does not override abstract method getTextureLocation(LivingEntityRenderState) in LivingEntityRenderer
public class RenderCombJelly extends MobRenderer<EntityCombJelly, LivingEntityRenderState, ModelCombJelly> {
       ^
C:\Users\justi\Documents\GitHub\AlexsMobs-26.2\src\main\java\com\github\alexthe666\alexsmobs\client\render\RenderCombJelly.java:28: error: incompatible types: RainbowLayer cannot be converted to RenderLayer<LivingEntityRenderState,ModelCombJelly>
        this.addLayer(new RainbowLayer(this));
                      ^
C:\Users\justi\Documents\GitHub\AlexsMobs-26.2\src\main\java\com\github\alexthe666\alexsmobs\client\render\RenderCombJelly.java:43: error: cannot find symbol
            return RenderType.itemEntityTranslucentCull(Identifier);
                             ^
  symbol:   method itemEntityTranslucentCull(Identifier)
  location: class RenderType
C:\Users\justi\Documents\GitHub\AlexsMobs-26.2\src\main\java\com\github\alexthe666\alexsmobs\client\render\RenderCombJelly.java:45: error: cannot find symbol
            return RenderType.entityTranslucent(Identifier);
                             ^
  symbol:   method entityTranslucent(Identifier)
  location: class RenderType
C:\Users\justi\Documents\GitHub\AlexsMobs-26.2\src\main\java\com\github\alexthe666\alexsmobs\client\render\RenderCombJelly.java:47: error: method outline in class RenderType cannot be applied to given types;
            return outline ? RenderType.outline(Identifier) : null;
                                       ^
  required: no arguments
  found:    Identifier
  reason: actual and formal argument lists differ in length
C:\Users\justi\Documents\GitHub\AlexsMobs-26.2\src\main\java\com\github\alexthe666\alexsmobs\client\render\RenderCombJelly.java:56: error: type argument EntityCombJelly is not within bounds of type-variable S
    static class RainbowLayer extends RenderLayer<EntityCombJelly, ModelCombJelly> {
                                                  ^
  where S is a type-variable:
    S extends EntityRenderState declared in class RenderLayer
C:\Users\justi\Documents\GitHub\AlexsMobs-26.2\src\main\java\com\github\alexthe666\alexsmobs\client\render\RenderCombJelly.java:56: error: RainbowLayer is not abstract and does not override abstract method submit(PoseStack,SubmitNodeCollector,int,EntityCombJelly,float,float) in RenderLayer
    static class RainbowLayer extends RenderLayer<EntityCombJelly, ModelCombJelly> {
           ^
C:\Users\justi\Documents\GitHub\AlexsMobs-26.2\src\main\java\com\github\alexthe666\alexsmobs\client\render\RenderCombJelly.java:59: error: incompatible types: RenderCombJelly cannot be converted to RenderLayerParent<EntityCombJelly,ModelCombJelly>
            super(render);
                  ^
C:\Users\justi\Documents\GitHub\AlexsMobs-26.2\src\main\java\com\github\alexthe666\alexsmobs\client\render\RenderCombJelly.java:63: error: cannot find symbol
            VertexConsumer rainbow = AMRenderTypes.createMergedVertexConsumer(bufferIn.getBuffer(AMRenderTypes.COMBJELLY_RAINBOW_GLINT), bufferIn.getBuffer(RenderType.entityCutout(TEXTURE_OVERLAY)));
                                                                                                              ^
  symbol:   variable COMBJELLY_RAINBOW_GLINT
  location: class AMRenderTypes
C:\Users\justi\Documents\GitHub\AlexsMobs-26.2\src\main\java\com\github\alexthe666\alexsmobs\client\render\RenderCombJelly.java:63: error: cannot find symbol
            VertexConsumer rainbow = AMRenderTypes.createMergedVertexConsumer(bufferIn.getBuffer(AMRenderTypes.COMBJELLY_RAINBOW_GLINT), bufferIn.getBuffer(RenderType.entityCutout(TEXTURE_OVERLAY)));
                                                                                                                                                                      ^
  symbol:   method entityCutout(Identifier)
  location: class RenderType
C:\Users\justi\Documents\GitHub\AlexsMobs-26.2\src\main\java\com\github\alexthe666\alexsmobs\client\render\RenderCosmaw.java:21: error: type argument ModelCosmaw is not within bounds of type-variable M
public class RenderCosmaw extends MobRenderer<EntityCosmaw, LivingEntityRenderState, ModelCosmaw> {
                                                                                     ^
  where M,S are type-variables:
    M extends EntityModel<? super S> declared in class MobRenderer
    S extends LivingEntityRenderState declared in class MobRenderer
C:\Users\justi\Documents\GitHub\AlexsMobs-26.2\src\main\java\com\github\alexthe666\alexsmobs\client\render\RenderCosmaw.java:21: error: RenderCosmaw is not abstract and does not override abstract method getTextureLocation(LivingEntityRenderState) in LivingEntityRenderer
public class RenderCosmaw extends MobRenderer<EntityCosmaw, LivingEntityRenderState, ModelCosmaw> {
       ^
C:\Users\justi\Documents\GitHub\AlexsMobs-26.2\src\main\java\com\github\alexthe666\alexsmobs\client\render\RenderCosmaw.java:27: error: incompatible types: RenderCosmaw.LayerHeldItem cannot be converted to RenderLayer<LivingEntityRenderState,ModelCosmaw>
        this.addLayer(new LayerHeldItem());
                      ^
C:\Users\justi\Documents\GitHub\AlexsMobs-26.2\src\main\java\com\github\alexthe666\alexsmobs\client\render\RenderCosmaw.java:39: error: type argument EntityCosmaw is not within bounds of type-variable S
    class LayerHeldItem extends RenderLayer<EntityCosmaw, ModelCosmaw> {
                                            ^
  where S is a type-variable:
    S extends EntityRenderState declared in class RenderLayer
C:\Users\justi\Documents\GitHub\AlexsMobs-26.2\src\main\java\com\github\alexthe666\alexsmobs\client\render\RenderCosmaw.java:39: error: RenderCosmaw.LayerHeldItem is not abstract and does not override abstract method submit(PoseStack,SubmitNodeCollector,int,EntityCosmaw,float,float) in RenderLayer
    class LayerHeldItem extends RenderLayer<EntityCosmaw, ModelCosmaw> {
    ^
C:\Users\justi\Documents\GitHub\AlexsMobs-26.2\src\main\java\com\github\alexthe666\alexsmobs\client\render\RenderCosmaw.java:42: error: incompatible types: RenderCosmaw cannot be converted to RenderLayerParent<EntityCosmaw,ModelCosmaw>
            super(RenderCosmaw.this);
                              ^
C:\Users\justi\Documents\GitHub\AlexsMobs-26.2\src\main\java\com\github\alexthe666\alexsmobs\client\render\RenderCosmaw.java:55: error: method renderItem in class ItemInHandRenderer cannot be applied to given types;
            renderer.renderItem(entitylivingbaseIn, itemstack, ItemDisplayContext.GROUND, false, matrixStackIn, bufferIn, packedLightIn);
                    ^
  required: LivingEntity,ItemStack,ItemDisplayContext,PoseStack,SubmitNodeCollector,int
  found:    EntityCosmaw,ItemStack,ItemDisplayContext,boolean,PoseStack,OrderedSubmitNodeCollector,int
  reason: actual and formal argument lists differ in length
C:\Users\justi\Documents\GitHub\AlexsMobs-26.2\src\main\java\com\github\alexthe666\alexsmobs\client\render\RenderCosmicCod.java:14: error: type argument EntityModel<EntityCosmicCod> is not within bounds of type-variable M
public class RenderCosmicCod extends MobRenderer<EntityCosmicCod, LivingEntityRenderState, EntityModel<EntityCosmicCod>> {
                                                                                                      ^
  where M,S are type-variables:
    M extends EntityModel<? super S> declared in class MobRenderer
    S extends LivingEntityRenderState declared in class MobRenderer
C:\Users\justi\Documents\GitHub\AlexsMobs-26.2\src\main\java\com\github\alexthe666\alexsmobs\client\render\RenderCosmicCod.java:14: error: type argument EntityCosmicCod is not within bounds of type-variable T
public class RenderCosmicCod extends MobRenderer<EntityCosmicCod, LivingEntityRenderState, EntityModel<EntityCosmicCod>> {
                                                                                                       ^
  where T is a type-variable:
    T extends EntityRenderState declared in class EntityModel
C:\Users\justi\Documents\GitHub\AlexsMobs-26.2\src\main\java\com\github\alexthe666\alexsmobs\client\render\RenderCosmicCod.java:14: error: RenderCosmicCod is not abstract and does not override abstract method getTextureLocation(LivingEntityRenderState) in LivingEntityRenderer
public class RenderCosmicCod extends MobRenderer<EntityCosmicCod, LivingEntityRenderState, EntityModel<EntityCosmicCod>> {
       ^
C:\Users\justi\Documents\GitHub\AlexsMobs-26.2\src\main\java\com\github\alexthe666\alexsmobs\client\render\RenderCosmicCod.java:19: error: incompatible types: ModelCosmicCod cannot be converted to EntityModel<EntityCosmicCod>
        super(renderManagerIn, new ModelCosmicCod(), 0.25F);
                               ^
C:\Users\justi\Documents\GitHub\AlexsMobs-26.2\src\main\java\com\github\alexthe666\alexsmobs\client\render\RenderCosmicCod.java:20: error: cannot infer type arguments for LayerBasicGlow<>
        this.addLayer(new LayerBasicGlow<>(this, TEXTURE_EYES));
                      ^
  reason: inference variable T has incompatible bounds
    equality constraints: EntityCosmicCod,LivingEntityRenderState
    upper bounds: LivingEntity
  where T is a type-variable:
    T extends LivingEntity declared in class LayerBasicGlow
C:\Users\justi\Documents\GitHub\AlexsMobs-26.2\src\main\java\com\github\alexthe666\alexsmobs\client\render\RenderCrocodile.java:17: error: type argument ModelCrocodile is not within bounds of type-variable M
public class RenderCrocodile extends MobRenderer<EntityCrocodile, LivingEntityRenderState, ModelCrocodile> {
                                                                                           ^
  where M,S are type-variables:
    M extends EntityModel<? super S> declared in class MobRenderer
    S extends LivingEntityRenderState declared in class MobRenderer
C:\Users\justi\Documents\GitHub\AlexsMobs-26.2\src\main\java\com\github\alexthe666\alexsmobs\client\render\RenderCrocodile.java:17: error: RenderCrocodile is not abstract and does not override abstract method getTextureLocation(LivingEntityRenderState) in LivingEntityRenderer
public class RenderCrocodile extends MobRenderer<EntityCrocodile, LivingEntityRenderState, ModelCrocodile> {
       ^
C:\Users\justi\Documents\GitHub\AlexsMobs-26.2\src\main\java\com\github\alexthe666\alexsmobs\client\render\RenderCrocodile.java:24: error: incompatible types: CrownLayer cannot be converted to RenderLayer<LivingEntityRenderState,ModelCrocodile>
        this.addLayer(new CrownLayer(this));
                      ^
C:\Users\justi\Documents\GitHub\AlexsMobs-26.2\src\main\java\com\github\alexthe666\alexsmobs\client\render\RenderCrocodile.java:36: error: type argument EntityCrocodile is not within bounds of type-variable S
    static class CrownLayer extends RenderLayer<EntityCrocodile, ModelCrocodile> {
                                                ^
  where S is a type-variable:
    S extends EntityRenderState declared in class RenderLayer
C:\Users\justi\Documents\GitHub\AlexsMobs-26.2\src\main\java\com\github\alexthe666\alexsmobs\client\render\RenderCrocodile.java:36: error: CrownLayer is not abstract and does not override abstract method submit(PoseStack,SubmitNodeCollector,int,EntityCrocodile,float,float) in RenderLayer
    static class CrownLayer extends RenderLayer<EntityCrocodile, ModelCrocodile> {
           ^
C:\Users\justi\Documents\GitHub\AlexsMobs-26.2\src\main\java\com\github\alexthe666\alexsmobs\client\render\RenderCrocodile.java:39: error: incompatible types: RenderCrocodile cannot be converted to RenderLayerParent<EntityCrocodile,ModelCrocodile>
            super(p_i50928_1_);
                  ^
C:\Users\justi\Documents\GitHub\AlexsMobs-26.2\src\main\java\com\github\alexthe666\alexsmobs\client\render\RenderCrocodile.java:44: error: cannot find symbol
                VertexConsumer shoeBuffer = bufferIn.getBuffer(AMRenderTypes.entityCutoutNoCull(TEXTURE_CROWN));
                                                    ^
  symbol:   method getBuffer(RenderType)
  location: variable bufferIn of type OrderedSubmitNodeCollector
C:\Users\justi\Documents\GitHub\AlexsMobs-26.2\src\main\java\com\github\alexthe666\alexsmobs\client\render\RenderDevilsHolePupfish.java:13: error: type argument ModelDevilsHolePupfish is not within bounds of type-variable M
public class RenderDevilsHolePupfish extends MobRenderer<EntityDevilsHolePupfish, LivingEntityRenderState, ModelDevilsHolePupfish> {
                                                                                                           ^
  where M,S are type-variables:
    M extends EntityModel<? super S> declared in class MobRenderer
    S extends LivingEntityRenderState declared in class MobRenderer
C:\Users\justi\Documents\GitHub\AlexsMobs-26.2\src\main\java\com\github\alexthe666\alexsmobs\client\render\RenderDevilsHolePupfish.java:13: error: RenderDevilsHolePupfish is not abstract and does not override abstract method getTextureLocation(LivingEntityRenderState) in LivingEntityRenderer
public class RenderDevilsHolePupfish extends MobRenderer<EntityDevilsHolePupfish, LivingEntityRenderState, ModelDevilsHolePupfish> {
       ^
C:\Users\justi\Documents\GitHub\AlexsMobs-26.2\src\main\java\com\github\alexthe666\alexsmobs\client\render\RenderDropBear.java:18: error: type argument ModelDropBear is not within bounds of type-variable M
public class RenderDropBear extends MobRenderer<EntityDropBear, LivingEntityRenderState, ModelDropBear> {
                                                                                         ^
  where M,S are type-variables:
    M extends EntityModel<? super S> declared in class MobRenderer
    S extends LivingEntityRenderState declared in class MobRenderer
C:\Users\justi\Documents\GitHub\AlexsMobs-26.2\src\main\java\com\github\alexthe666\alexsmobs\client\render\RenderDropBear.java:18: error: RenderDropBear is not abstract and does not override abstract method getTextureLocation(LivingEntityRenderState) in LivingEntityRenderer
public class RenderDropBear extends MobRenderer<EntityDropBear, LivingEntityRenderState, ModelDropBear> {
       ^
C:\Users\justi\Documents\GitHub\AlexsMobs-26.2\src\main\java\com\github\alexthe666\alexsmobs\client\render\RenderDropBear.java:24: error: incompatible types: EyeLayer cannot be converted to RenderLayer<LivingEntityRenderState,ModelDropBear>
        this.addLayer(new EyeLayer(this));
                      ^
C:\Users\justi\Documents\GitHub\AlexsMobs-26.2\src\main\java\com\github\alexthe666\alexsmobs\client\render\RenderDropBear.java:35: error: type argument EntityDropBear is not within bounds of type-variable S
    static class EyeLayer extends RenderLayer<EntityDropBear, ModelDropBear> {
                                              ^
  where S is a type-variable:
    S extends EntityRenderState declared in class RenderLayer
C:\Users\justi\Documents\GitHub\AlexsMobs-26.2\src\main\java\com\github\alexthe666\alexsmobs\client\render\RenderDropBear.java:35: error: EyeLayer is not abstract and does not override abstract method submit(PoseStack,SubmitNodeCollector,int,EntityDropBear,float,float) in RenderLayer
    static class EyeLayer extends RenderLayer<EntityDropBear, ModelDropBear> {
           ^
C:\Users\justi\Documents\GitHub\AlexsMobs-26.2\src\main\java\com\github\alexthe666\alexsmobs\client\render\RenderDropBear.java:38: error: incompatible types: RenderDropBear cannot be converted to RenderLayerParent<EntityDropBear,ModelDropBear>
            super(render);
                  ^
C:\Users\justi\Documents\GitHub\AlexsMobs-26.2\src\main\java\com\github\alexthe666\alexsmobs\client\render\RenderDropBear.java:42: error: cannot find symbol
            VertexConsumer ivertexbuilder = bufferIn.getBuffer(RenderType.eyes(TEXTURE_EYES));
                                                                         ^
  symbol:   method eyes(Identifier)
  location: class RenderType
C:\Users\justi\Documents\GitHub\AlexsMobs-26.2\src\main\java\com\github\alexthe666\alexsmobs\client\render\RenderDropBear.java:43: error: incompatible types: EntityDropBear cannot be converted to LivingEntityRenderState
            this.getParentModel().renderToBuffer(matrixStackIn, ivertexbuilder, packedLightIn, LivingEntityRenderer.getOverlayCoords(entitylivingbaseIn, 0.0F), 1.0F, 1.0F, 1.0F, 1.0F);
                                                                                                                                     ^
C:\Users\justi\Documents\GitHub\AlexsMobs-26.2\src\main\java\com\github\alexthe666\alexsmobs\client\render\RenderEmu.java:13: error: type argument ModelEmu is not within bounds of type-variable M
public class RenderEmu extends MobRenderer<EntityEmu, LivingEntityRenderState, ModelEmu> {
                                                                               ^
  where M,S are type-variables:
    M extends EntityModel<? super S> declared in class MobRenderer
    S extends LivingEntityRenderState declared in class MobRenderer
C:\Users\justi\Documents\GitHub\AlexsMobs-26.2\src\main\java\com\github\alexthe666\alexsmobs\client\render\RenderEmu.java:13: error: RenderEmu is not abstract and does not override abstract method getTextureLocation(LivingEntityRenderState) in LivingEntityRenderer
public class RenderEmu extends MobRenderer<EntityEmu, LivingEntityRenderState, ModelEmu> {
       ^
C:\Users\justi\Documents\GitHub\AlexsMobs-26.2\src\main\java\com\github\alexthe666\alexsmobs\client\render\RenderEnderiophage.java:20: error: type argument ModelEnderiophage is not within bounds of type-variable M
public class RenderEnderiophage extends MobRenderer<EntityEnderiophage, LivingEntityRenderState, ModelEnderiophage> {
                                                                                                 ^
  where M,S are type-variables:
    M extends EntityModel<? super S> declared in class MobRenderer
    S extends LivingEntityRenderState declared in class MobRenderer
C:\Users\justi\Documents\GitHub\AlexsMobs-26.2\src\main\java\com\github\alexthe666\alexsmobs\client\render\RenderEnderiophage.java:20: error: RenderEnderiophage is not abstract and does not override abstract method getTextureLocation(LivingEntityRenderState) in LivingEntityRenderer
public class RenderEnderiophage extends MobRenderer<EntityEnderiophage, LivingEntityRenderState, ModelEnderiophage> {
       ^
C:\Users\justi\Documents\GitHub\AlexsMobs-26.2\src\main\java\com\github\alexthe666\alexsmobs\client\render\RenderEnderiophage.java:30: error: incompatible types: EnderiophageEyesLayer cannot be converted to RenderLayer<LivingEntityRenderState,ModelEnderiophage>
        this.addLayer(new EnderiophageEyesLayer(this));
                      ^
C:\Users\justi\Documents\GitHub\AlexsMobs-26.2\src\main\java\com\github\alexthe666\alexsmobs\client\render\RenderEnderiophage.java:34: error: method does not override or implement a method from a supertype
    @Override
    ^
C:\Users\justi\Documents\GitHub\AlexsMobs-26.2\src\main\java\com\github\alexthe666\alexsmobs\client\render\RenderEnderiophage.java:38: error: cannot find symbol
            return RenderType.itemEntityTranslucentCull(Identifier);
                             ^
  symbol:   method itemEntityTranslucentCull(Identifier)
  location: class RenderType
C:\Users\justi\Documents\GitHub\AlexsMobs-26.2\src\main\java\com\github\alexthe666\alexsmobs\client\render\RenderEnderiophage.java:40: error: cannot find symbol
            return RenderType.entityTranslucent(Identifier);
                             ^
  symbol:   method entityTranslucent(Identifier)
  location: class RenderType
C:\Users\justi\Documents\GitHub\AlexsMobs-26.2\src\main\java\com\github\alexthe666\alexsmobs\client\render\RenderEnderiophage.java:42: error: method outline in class RenderType cannot be applied to given types;
            return p_230496_4_ ? RenderType.outline(Identifier) : null;
                                           ^
  required: no arguments
  found:    Identifier
  reason: actual and formal argument lists differ in length
C:\Users\justi\Documents\GitHub\AlexsMobs-26.2\src\main\java\com\github\alexthe666\alexsmobs\client\render\RenderEnderiophage.java:56: error: type argument EntityEnderiophage is not within bounds of type-variable S
    static class EnderiophageEyesLayer extends EyesLayer<EntityEnderiophage, ModelEnderiophage> {
                                                         ^
  where S is a type-variable:
    S extends EntityRenderState declared in class EyesLayer
C:\Users\justi\Documents\GitHub\AlexsMobs-26.2\src\main\java\com\github\alexthe666\alexsmobs\client\render\RenderEnderiophage.java:59: error: incompatible types: RenderEnderiophage cannot be converted to RenderLayerParent<EntityEnderiophage,ModelEnderiophage>
            super(p_i50928_1_);
                  ^
C:\Users\justi\Documents\GitHub\AlexsMobs-26.2\src\main\java\com\github\alexthe666\alexsmobs\client\render\RenderEnderiophage.java:64: error: cannot find symbol
            VertexConsumer ivertexbuilder = bufferIn.getBuffer(this.getRenderType(entitylivingbaseIn));
                                                    ^
  symbol:   method getBuffer(RenderType)
  location: variable bufferIn of type OrderedSubmitNodeCollector
C:\Users\justi\Documents\GitHub\AlexsMobs-26.2\src\main\java\com\github\alexthe666\alexsmobs\client\render\RenderFarseer.java:36: error: type argument ModelFarseer is not within bounds of type-variable M
public class RenderFarseer extends MobRenderer<EntityFarseer, LivingEntityRenderState, ModelFarseer> {
                                                                                       ^
  where M,S are type-variables:
    M extends EntityModel<? super S> declared in class MobRenderer
    S extends LivingEntityRenderState declared in class MobRenderer
C:\Users\justi\Documents\GitHub\AlexsMobs-26.2\src\main\java\com\github\alexthe666\alexsmobs\client\render\RenderFarseer.java:36: error: RenderFarseer is not abstract and does not override abstract method getTextureLocation(LivingEntityRenderState) in LivingEntityRenderer
public class RenderFarseer extends MobRenderer<EntityFarseer, LivingEntityRenderState, ModelFarseer> {
       ^
C:\Users\justi\Documents\GitHub\AlexsMobs-26.2\src\main\java\com\github\alexthe666\alexsmobs\client\render\RenderFarseer.java:54: error: incompatible types: RenderFarseer.LayerOverlay cannot be converted to RenderLayer<LivingEntityRenderState,ModelFarseer>
        this.addLayer(new LayerOverlay());
                      ^
C:\Users\justi\Documents\GitHub\AlexsMobs-26.2\src\main\java\com\github\alexthe666\alexsmobs\client\render\RenderFarseer.java:82: error: wrong number of type arguments; required 3
        if (net.neoforged.neoforge.common.NeoForge.EVENT_BUS.post(new net.neoforged.neoforge.client.event.RenderLivingEvent.Pre<EntityFarseer, ModelFarseer>(entityIn, this, partialTicks, matrixStackIn, bufferIn, packedLightIn)))
                                                                                                                               ^
C:\Users\justi\Documents\GitHub\AlexsMobs-26.2\src\main\java\com\github\alexthe666\alexsmobs\client\render\RenderFarseer.java:82: error: incompatible types: inference variable T has incompatible upper bounds Boolean,Event
        if (net.neoforged.neoforge.common.NeoForge.EVENT_BUS.post(new net.neoforged.neoforge.client.event.RenderLivingEvent.Pre<EntityFarseer, ModelFarseer>(entityIn, this, partialTicks, matrixStackIn, bufferIn, packedLightIn)))
                                                                 ^
  where T is a type-variable:
    T extends Event declared in method <T>post(T)
C:\Users\justi\Documents\GitHub\AlexsMobs-26.2\src\main\java\com\github\alexthe666\alexsmobs\client\render\RenderFarseer.java:86: error: cannot find symbol
        Quaternionf camera = this.entityRenderDispatcher.cameraOrientation();
                                                        ^
  symbol:   method cameraOrientation()
  location: variable entityRenderDispatcher of type EntityRenderDispatcher
C:\Users\justi\Documents\GitHub\AlexsMobs-26.2\src\main\java\com\github\alexthe666\alexsmobs\client\render\RenderFarseer.java:89: error: cannot find symbol
        this.model.attackTime = this.getAttackAnim(entityIn, partialTicks);
                  ^
  symbol:   variable attackTime
  location: variable model of type M
  where M,S are type-variables:
    M extends EntityModel<? super S> declared in class LivingEntityRenderer
    S extends LivingEntityRenderState declared in class LivingEntityRenderer
C:\Users\justi\Documents\GitHub\AlexsMobs-26.2\src\main\java\com\github\alexthe666\alexsmobs\client\render\RenderFarseer.java:89: error: cannot find symbol
        this.model.attackTime = this.getAttackAnim(entityIn, partialTicks);
                                    ^
  symbol: method getAttackAnim(EntityFarseer,float)
C:\Users\justi\Documents\GitHub\AlexsMobs-26.2\src\main\java\com\github\alexthe666\alexsmobs\client\render\RenderFarseer.java:92: error: cannot find symbol
        this.model.riding = shouldSit;
                  ^
  symbol:   variable riding
  location: variable model of type M
  where M,S are type-variables:
    M extends EntityModel<? super S> declared in class LivingEntityRenderer
    S extends LivingEntityRenderState declared in class LivingEntityRenderer
C:\Users\justi\Documents\GitHub\AlexsMobs-26.2\src\main\java\com\github\alexthe666\alexsmobs\client\render\RenderFarseer.java:93: error: cannot find symbol
        this.model.young = entityIn.isBaby();
                  ^
  symbol:   variable young
  location: variable model of type M
  where M,S are type-variables:
    M extends EntityModel<? super S> declared in class LivingEntityRenderer
    S extends LivingEntityRenderState declared in class LivingEntityRenderer
C:\Users\justi\Documents\GitHub\AlexsMobs-26.2\src\main\java\com\github\alexthe666\alexsmobs\client\render\RenderFarseer.java:127: error: cannot find symbol
        float f7 = this.getBob(entityIn, partialTicks);
                       ^
  symbol: method getBob(EntityFarseer,float)
C:\Users\justi\Documents\GitHub\AlexsMobs-26.2\src\main\java\com\github\alexthe666\alexsmobs\client\render\RenderFarseer.java:134: error: method scale in class LivingEntityRenderer<T,S,M> cannot be applied to given types;
        this.scale(entityIn, matrixStackIn, partialTicks);
            ^
  required: LivingEntityRenderState,PoseStack
  found:    EntityFarseer,PoseStack,float
  reason: actual and formal argument lists differ in length
  where T,S,M are type-variables:
    T extends LivingEntity declared in class LivingEntityRenderer
    S extends LivingEntityRenderState declared in class LivingEntityRenderer
    M extends EntityModel<? super S> declared in class LivingEntityRenderer
C:\Users\justi\Documents\GitHub\AlexsMobs-26.2\src\main\java\com\github\alexthe666\alexsmobs\client\render\RenderFarseer.java:153: error: incompatible types: EntityFarseer cannot be converted to LivingEntityRenderState
        boolean flag = this.isBodyVisible(entityIn);
                                          ^
C:\Users\justi\Documents\GitHub\AlexsMobs-26.2\src\main\java\com\github\alexthe666\alexsmobs\client\render\RenderFarseer.java:163: error: method getWhiteOverlayProgress in class LivingEntityRenderer<T,S,M> cannot be applied to given types;
            int i = getOverlayCoords(entityIn, this.getWhiteOverlayProgress(entityIn, partialTicks));
                                                   ^
  required: LivingEntityRenderState
  found:    EntityFarseer,float
  reason: actual and formal argument lists differ in length
  where T,S,M are type-variables:
    T extends LivingEntity declared in class LivingEntityRenderer
    S extends LivingEntityRenderState declared in class LivingEntityRenderer
    M extends EntityModel<? super S> declared in class LivingEntityRenderer
C:\Users\justi\Documents\GitHub\AlexsMobs-26.2\src\main\java\com\github\alexthe666\alexsmobs\client\render\RenderFarseer.java:168: error: cannot find symbol
                layerrenderer.render(matrixStackIn, bufferIn, packedLightIn, entityIn, f5, f8, partialTicks, f7, f2, f6);
                             ^
  symbol:   method render(PoseStack,OrderedSubmitNodeCollector,int,EntityFarseer,float,float,float,float,float,float)
  location: variable layerrenderer of type RenderLayer
C:\Users\justi\Documents\GitHub\AlexsMobs-26.2\src\main\java\com\github\alexthe666\alexsmobs\client\render\RenderFarseer.java:173: error: RenderNameTagEvent is abstract; cannot be instantiated
        RenderNameTagEvent renderNameplateEvent = new RenderNameTagEvent(entityIn, entityIn.getDisplayName(), this, matrixStackIn, bufferIn, packedLightIn, partialTicks);
                                                  ^
C:\Users\justi\Documents\GitHub\AlexsMobs-26.2\src\main\java\com\github\alexthe666\alexsmobs\client\render\RenderFarseer.java:175: error: cannot find symbol
        if (renderNameplateEvent.getResult() != net.neoforged.bus.api.Event.Result.DENY && (renderNameplateEvent.getResult() == net.neoforged.bus.api.Event.Result.ALLOW || this.shouldShowName(entityIn))) {
                                ^
  symbol:   method getResult()
  location: variable renderNameplateEvent of type RenderNameTagEvent
C:\Users\justi\Documents\GitHub\AlexsMobs-26.2\src\main\java\com\github\alexthe666\alexsmobs\client\render\RenderFarseer.java:175: error: cannot find symbol
        if (renderNameplateEvent.getResult() != net.neoforged.bus.api.Event.Result.DENY && (renderNameplateEvent.getResult() == net.neoforged.bus.api.Event.Result.ALLOW || this.shouldShowName(entityIn))) {
                                                                           ^
  symbol:   variable Result
  location: class Event
C:\Users\justi\Documents\GitHub\AlexsMobs-26.2\src\main\java\com\github\alexthe666\alexsmobs\client\render\RenderFarseer.java:175: error: cannot find symbol
        if (renderNameplateEvent.getResult() != net.neoforged.bus.api.Event.Result.DENY && (renderNameplateEvent.getResult() == net.neoforged.bus.api.Event.Result.ALLOW || this.shouldShowName(entityIn))) {
                                                                                                                ^
  symbol:   method getResult()
  location: variable renderNameplateEvent of type RenderNameTagEvent
C:\Users\justi\Documents\GitHub\AlexsMobs-26.2\src\main\java\com\github\alexthe666\alexsmobs\client\render\RenderFarseer.java:175: error: cannot find symbol
        if (renderNameplateEvent.getResult() != net.neoforged.bus.api.Event.Result.DENY && (renderNameplateEvent.getResult() == net.neoforged.bus.api.Event.Result.ALLOW || this.shouldShowName(entityIn))) {
                                                                                                                                                           ^
  symbol:   variable Result
  location: class Event
C:\Users\justi\Documents\GitHub\AlexsMobs-26.2\src\main\java\com\github\alexthe666\alexsmobs\client\render\RenderFarseer.java:175: error: method shouldShowName in class MobRenderer<T,S,M> cannot be applied to given types;
        if (renderNameplateEvent.getResult() != net.neoforged.bus.api.Event.Result.DENY && (renderNameplateEvent.getResult() == net.neoforged.bus.api.Event.Result.ALLOW || this.shouldShowName(entityIn))) {
                                                                                                                                                                                ^
  required: EntityFarseer,double
  found:    EntityFarseer
  reason: actual and formal argument lists differ in length
  where T,S,M are type-variables:
    T extends Mob declared in class MobRenderer
    S extends LivingEntityRenderState declared in class MobRenderer
    M extends EntityModel<? super S> declared in class MobRenderer
C:\Users\justi\Documents\GitHub\AlexsMobs-26.2\src\main\java\com\github\alexthe666\alexsmobs\client\render\RenderFarseer.java:176: error: cannot find symbol
            this.renderNameTag(entityIn, renderNameplateEvent.getContent(), matrixStackIn, bufferIn, packedLightIn);
                                                             ^
  symbol:   method getContent()
  location: variable renderNameplateEvent of type RenderNameTagEvent
C:\Users\justi\Documents\GitHub\AlexsMobs-26.2\src\main\java\com\github\alexthe666\alexsmobs\client\render\RenderFarseer.java:178: error: wrong number of type arguments; required 3
        net.neoforged.neoforge.common.NeoForge.EVENT_BUS.post(new net.neoforged.neoforge.client.event.RenderLivingEvent.Post<EntityFarseer, ModelFarseer>(entityIn, this, partialTicks, matrixStackIn, bufferIn, packedLightIn));
                                                                                                                            ^
C:\Users\justi\Documents\GitHub\AlexsMobs-26.2\src\main\java\com\github\alexthe666\alexsmobs\client\render\RenderFarseer.java:190: error: cannot find symbol
            VertexConsumer portalStatic = AMRenderTypes.createMergedVertexConsumer(bufferIn.getBuffer(AMRenderTypes.STATIC_PORTAL), bufferIn.getBuffer(RenderType.entityTranslucent(PORTAL_TEXTURES[portalTexture])));
                                                                                           ^
  symbol:   method getBuffer(RenderType)
  location: variable bufferIn of type OrderedSubmitNodeCollector
C:\Users\justi\Documents\GitHub\AlexsMobs-26.2\src\main\java\com\github\alexthe666\alexsmobs\client\render\RenderFarseer.java:190: error: cannot find symbol
            VertexConsumer portalStatic = AMRenderTypes.createMergedVertexConsumer(bufferIn.getBuffer(AMRenderTypes.STATIC_PORTAL), bufferIn.getBuffer(RenderType.entityTranslucent(PORTAL_TEXTURES[portalTexture])));
                                                                                                                                                                 ^
  symbol:   method entityTranslucent(Identifier)
  location: class RenderType
C:\Users\justi\Documents\GitHub\AlexsMobs-26.2\src\main\java\com\github\alexthe666\alexsmobs\client\render\RenderFarseer.java:210: error: cannot find symbol
            VertexConsumer beamStatic = bufferIn.getBuffer(AMRenderTypes.getFarseerBeam());
                                                                        ^
  symbol:   method getFarseerBeam()
  location: class AMRenderTypes
C:\Users\justi\Documents\GitHub\AlexsMobs-26.2\src\main\java\com\github\alexthe666\alexsmobs\client\render\RenderFarseer.java:239: error: cannot find symbol
            VertexConsumer staticyInsides = AMRenderTypes.createMergedVertexConsumer(source.getBuffer(AMRenderTypes.STATIC_ENTITY), source.getBuffer(RenderType.entityTranslucent(TEXTURE_EYE)));
                                                                                                                   ^
  symbol:   variable STATIC_ENTITY
  location: class AMRenderTypes
C:\Users\justi\Documents\GitHub\AlexsMobs-26.2\src\main\java\com\github\alexthe666\alexsmobs\client\render\RenderFarseer.java:239: error: cannot find symbol
            VertexConsumer staticyInsides = AMRenderTypes.createMergedVertexConsumer(source.getBuffer(AMRenderTypes.STATIC_ENTITY), source.getBuffer(RenderType.entityTranslucent(TEXTURE_EYE)));
                                                                                                                                                               ^
  symbol:   method entityTranslucent(Identifier)
  location: class RenderType
C:\Users\justi\Documents\GitHub\AlexsMobs-26.2\src\main\java\com\github\alexthe666\alexsmobs\client\render\RenderFarseer.java:248: error: cannot find symbol
            VertexConsumer staticyScars = AMRenderTypes.createMergedVertexConsumer(source.getBuffer(AMRenderTypes.STATIC_ENTITY), source.getBuffer(RenderType.entityTranslucent(TEXTURE_SCARS)));
                                                                                                                 ^
  symbol:   variable STATIC_ENTITY
  location: class AMRenderTypes
C:\Users\justi\Documents\GitHub\AlexsMobs-26.2\src\main\java\com\github\alexthe666\alexsmobs\client\render\RenderFarseer.java:248: error: cannot find symbol
            VertexConsumer staticyScars = AMRenderTypes.createMergedVertexConsumer(source.getBuffer(AMRenderTypes.STATIC_ENTITY), source.getBuffer(RenderType.entityTranslucent(TEXTURE_SCARS)));
                                                                                                                                                             ^
  symbol:   method entityTranslucent(Identifier)
  location: class RenderType
C:\Users\justi\Documents\GitHub\AlexsMobs-26.2\src\main\java\com\github\alexthe666\alexsmobs\client\render\RenderFarseer.java:251: error: cannot find symbol
        this.model.renderToBuffer(matrixStackIn, source.getBuffer(defRenderType), packedLightIn, overlayColors, net.minecraft.util.ARGB.color((int)((alphaIn) * 255F), (int)((1.0F) * 255F), (int)((1.0F) * 255F), (int)((1.0F) * 255F)));
                                                       ^
  symbol:   method getBuffer(RenderType)
  location: variable source of type OrderedSubmitNodeCollector
C:\Users\justi\Documents\GitHub\AlexsMobs-26.2\src\main\java\com\github\alexthe666\alexsmobs\client\render\RenderFarseer.java:257: error: cannot find symbol
        RenderType afterimage = RenderType.entityTranslucentEmissive(this.getTextureLocation(entityIn));
                                          ^
  symbol:   method entityTranslucentEmissive(Identifier)
  location: class RenderType
C:\Users\justi\Documents\GitHub\AlexsMobs-26.2\src\main\java\com\github\alexthe666\alexsmobs\client\render\RenderFarseer.java:270: error: cannot find symbol
        AFTERIMAGE_MODEL.renderToBuffer(matrixStackIn, source.getBuffer(afterimage), 240, overlayColors, net.minecraft.util.ARGB.color((int)((afterimageAlpha1) * 255F), (int)((1.0F) * 255F), (int)((0F) * 255F), (int)((0F) * 255F)));
                                                             ^
  symbol:   method getBuffer(RenderType)
  location: variable source of type OrderedSubmitNodeCollector
C:\Users\justi\Documents\GitHub\AlexsMobs-26.2\src\main\java\com\github\alexthe666\alexsmobs\client\render\RenderFarseer.java:274: error: cannot find symbol
        AFTERIMAGE_MODEL.renderToBuffer(matrixStackIn, source.getBuffer(afterimage), 240, overlayColors, net.minecraft.util.ARGB.color((int)((afterimageAlpha2) * 255F), (int)((0F) * 255F), (int)((0F) * 255F), (int)((1.0F) * 255F)));
                                                             ^
  symbol:   method getBuffer(RenderType)
  location: variable source of type OrderedSubmitNodeCollector
C:\Users\justi\Documents\GitHub\AlexsMobs-26.2\src\main\java\com\github\alexthe666\alexsmobs\client\render\RenderFarseer.java:281: error: cannot find symbol
        p_114220_.vertex(p_114221_, 0.0F, 0.0F, 0.0F).color(255, 255, 255, 255).uv(xOffset + 0.5F, yOffset).overlayCoords(NO_OVERLAY).uv2(240).normal(p_114092_, 0.0F, 1.0F, 0.0F).endVertex();
                 ^
  symbol:   method vertex(Matrix4f,float,float,float)
  location: variable p_114220_ of type VertexConsumer
C:\Users\justi\Documents\GitHub\AlexsMobs-26.2\src\main\java\com\github\alexthe666\alexsmobs\client\render\RenderFarseer.java:285: error: cannot find symbol
        p_114215_.vertex(p_114216_, -HALF_SQRT_3 * p_114218_, p_114217_, 0).color(255, 255, 255, 0).uv(xOffset, yOffset + 1).overlayCoords(NO_OVERLAY).uv2(240).normal(p_114092_, 0.0F, -1.0F, 0.0F).endVertex();
                 ^
  symbol:   method vertex(Matrix4f,float,float,int)
  location: variable p_114215_ of type VertexConsumer
C:\Users\justi\Documents\GitHub\AlexsMobs-26.2\src\main\java\com\github\alexthe666\alexsmobs\client\render\RenderFarseer.java:289: error: cannot find symbol
        p_114224_.vertex(p_114225_, HALF_SQRT_3 * p_114227_, p_114226_, 0).color(255, 255, 255, 0).uv(xOffset + 1, yOffset + 1).overlayCoords(NO_OVERLAY).uv2(240).normal(p_114092_, 0.0F, -1.0F, 0.0F).endVertex();
                 ^
  symbol:   method vertex(Matrix4f,float,float,int)
  location: variable p_114224_ of type VertexConsumer
C:\Users\justi\Documents\GitHub\AlexsMobs-26.2\src\main\java\com\github\alexthe666\alexsmobs\client\render\RenderFarseer.java:293: error: cannot find symbol
        p_114090_.vertex(p_114091_, p_114094_ - 0.5F, (float)p_114095_ - 0.25F, 0.0F).color(1F, 1F, 1F,  alpha).uv((float)p_114096_, (float)p_114097_).overlayCoords(NO_OVERLAY).uv2(240).normal(p_114092_, 0.0F, -1.0F, 0.0F).endVertex();
                 ^
  symbol:   method vertex(Matrix4f,float,float,float)
  location: variable p_114090_ of type VertexConsumer
C:\Users\justi\Documents\GitHub\AlexsMobs-26.2\src\main\java\com\github\alexthe666\alexsmobs\client\render\RenderFarseer.java:295: error: method does not override or implement a method from a supertype
    @Override
    ^
C:\Users\justi\Documents\GitHub\AlexsMobs-26.2\src\main\java\com\github\alexthe666\alexsmobs\client\render\RenderFarseer.java:299: error: incompatible types: EntityFarseer cannot be converted to LivingEntityRenderState
        if (this.isShaking(farseer)) {
                           ^
C:\Users\justi\Documents\GitHub\AlexsMobs-26.2\src\main\java\com\github\alexthe666\alexsmobs\client\render\RenderFarseer.java:314: error: method getFlipDegrees in class LivingEntityRenderer<T,S,M> cannot be applied to given types;
            matrixStackIn.mulPose(Axis.YP.rotationDegrees(f * this.getFlipDegrees(farseer) * invCameraAmount) );
                                                                  ^
  required: no arguments
  found:    EntityFarseer
  reason: actual and formal argument lists differ in length
  where T,S,M are type-variables:
    T extends LivingEntity declared in class LivingEntityRenderer
    S extends LivingEntityRenderState declared in class LivingEntityRenderer
    M extends EntityModel<? super S> declared in class LivingEntityRenderer
C:\Users\justi\Documents\GitHub\AlexsMobs-26.2\src\main\java\com\github\alexthe666\alexsmobs\client\render\RenderFarseer.java:327: error: cannot find symbol
            return RenderType.itemEntityTranslucentCull(Identifier);
                             ^
  symbol:   method itemEntityTranslucentCull(Identifier)
  location: class RenderType
C:\Users\justi\Documents\GitHub\AlexsMobs-26.2\src\main\java\com\github\alexthe666\alexsmobs\client\render\RenderFarseer.java:331: error: method outline in class RenderType cannot be applied to given types;
            return outline ? RenderType.outline(Identifier) : null;
                                       ^
  required: no arguments
  found:    Identifier
  reason: actual and formal argument lists differ in length
C:\Users\justi\Documents\GitHub\AlexsMobs-26.2\src\main\java\com\github\alexthe666\alexsmobs\client\render\RenderFarseer.java:339: error: type argument EntityFarseer is not within bounds of type-variable S
    class LayerOverlay extends RenderLayer<EntityFarseer, ModelFarseer> {
                                           ^
  where S is a type-variable:
    S extends EntityRenderState declared in class RenderLayer
C:\Users\justi\Documents\GitHub\AlexsMobs-26.2\src\main\java\com\github\alexthe666\alexsmobs\client\render\RenderFarseer.java:339: error: RenderFarseer.LayerOverlay is not abstract and does not override abstract method submit(PoseStack,SubmitNodeCollector,int,EntityFarseer,float,float) in RenderLayer
    class LayerOverlay extends RenderLayer<EntityFarseer, ModelFarseer> {
    ^
C:\Users\justi\Documents\GitHub\AlexsMobs-26.2\src\main\java\com\github\alexthe666\alexsmobs\client\render\RenderFarseer.java:342: error: incompatible types: RenderFarseer cannot be converted to RenderLayerParent<EntityFarseer,ModelFarseer>
            super(RenderFarseer.this);
                               ^
C:\Users\justi\Documents\GitHub\AlexsMobs-26.2\src\main\java\com\github\alexthe666\alexsmobs\client\render\RenderFarseer.java:347: error: cannot find symbol
                VertexConsumer ivertexbuilder = bufferIn.getBuffer(RenderType.entityCutout(TEXTURE_CLAWS));
                                                                             ^
  symbol:   method entityCutout(Identifier)
  location: class RenderType
C:\Users\justi\Documents\GitHub\AlexsMobs-26.2\src\main\java\com\github\alexthe666\alexsmobs\client\render\RenderFarseer.java:348: error: incompatible types: EntityFarseer cannot be converted to LivingEntityRenderState
                this.getParentModel().renderToBuffer(matrixStackIn, ivertexbuilder, packedLightIn, LivingEntityRenderer.getOverlayCoords(entitylivingbaseIn, 0.0F), 1.0F, 1.0F, 1.0F, 1.0F);
                                                                                                                                         ^
C:\Users\justi\Documents\GitHub\AlexsMobs-26.2\src\main\java\com\github\alexthe666\alexsmobs\client\render\RenderFart.java:18: error: RenderFart is not abstract and does not override abstract method createRenderState() in EntityRenderer
public class RenderFart extends EntityRenderer<EntityFart, EntityRenderState> {
       ^
C:\Users\justi\Documents\GitHub\AlexsMobs-26.2\src\main\java\com\github\alexthe666\alexsmobs\client\render\RenderFart.java:33: error: cannot find symbol
        VertexConsumer ivertexbuilder = bufferIn.getBuffer(RenderType.entityTranslucent(FART_TEXTURE));
                                                                     ^
  symbol:   method entityTranslucent(Identifier)
  location: class RenderType
C:\Users\justi\Documents\GitHub\AlexsMobs-26.2\src\main\java\com\github\alexthe666\alexsmobs\client\render\RenderFart.java:37: error: cannot find symbol
        super.render(entityIn, entityYaw, partialTicks, matrixStackIn, bufferIn, packedLightIn);
             ^
  symbol: method render(EntityFart,float,float,PoseStack,OrderedSubmitNodeCollector,int)
C:\Users\justi\Documents\GitHub\AlexsMobs-26.2\src\main\java\com\github\alexthe666\alexsmobs\client\render\RenderFlutter.java:16: error: type argument EntityModel<EntityFlutter> is not within bounds of type-variable M
public class RenderFlutter extends MobRenderer<EntityFlutter, LivingEntityRenderState, EntityModel<EntityFlutter>> {
                                                                                                  ^
  where M,S are type-variables:
    M extends EntityModel<? super S> declared in class MobRenderer
    S extends LivingEntityRenderState declared in class MobRenderer
C:\Users\justi\Documents\GitHub\AlexsMobs-26.2\src\main\java\com\github\alexthe666\alexsmobs\client\render\RenderFlutter.java:16: error: type argument EntityFlutter is not within bounds of type-variable T
public class RenderFlutter extends MobRenderer<EntityFlutter, LivingEntityRenderState, EntityModel<EntityFlutter>> {
                                                                                                   ^
  where T is a type-variable:
    T extends EntityRenderState declared in class EntityModel
C:\Users\justi\Documents\GitHub\AlexsMobs-26.2\src\main\java\com\github\alexthe666\alexsmobs\client\render\RenderFlutter.java:16: error: RenderFlutter is not abstract and does not override abstract method getTextureLocation(LivingEntityRenderState) in LivingEntityRenderer
public class RenderFlutter extends MobRenderer<EntityFlutter, LivingEntityRenderState, EntityModel<EntityFlutter>> {
       ^
C:\Users\justi\Documents\GitHub\AlexsMobs-26.2\src\main\java\com\github\alexthe666\alexsmobs\client\render\RenderFlutter.java:23: error: incompatible types: ModelFlutter cannot be converted to EntityModel<EntityFlutter>
        super(renderManagerIn, new ModelFlutter(), 0.25F);
                               ^
C:\Users\justi\Documents\GitHub\AlexsMobs-26.2\src\main\java\com\github\alexthe666\alexsmobs\client\render\RenderFlutter.java:24: error: cannot infer type arguments for LayerBasicGlow<>
        this.addLayer(new LayerBasicGlow<>(this, TEXTURE_EYES));
                      ^
  reason: inference variable T has incompatible bounds
    equality constraints: EntityFlutter,LivingEntityRenderState
    upper bounds: LivingEntity
  where T is a type-variable:
    T extends LivingEntity declared in class LayerBasicGlow
C:\Users\justi\Documents\GitHub\AlexsMobs-26.2\src\main\java\com\github\alexthe666\alexsmobs\client\render\RenderFlutter.java:29: error: incompatible types: ModelFlutterPotted cannot be converted to EntityModel<EntityFlutter>
            model = modelPotted;
                    ^
C:\Users\justi\Documents\GitHub\AlexsMobs-26.2\src\main\java\com\github\alexthe666\alexsmobs\client\render\RenderFlutter.java:31: error: incompatible types: ModelFlutter cannot be converted to EntityModel<EntityFlutter>
            model = modelFlutter;
                    ^
C:\Users\justi\Documents\GitHub\AlexsMobs-26.2\src\main\java\com\github\alexthe666\alexsmobs\client\render\RenderFly.java:13: error: type argument ModelFly is not within bounds of type-variable M
public class RenderFly extends MobRenderer<EntityFly, LivingEntityRenderState, ModelFly> {
                                                                               ^
  where M,S are type-variables:
    M extends EntityModel<? super S> declared in class MobRenderer
    S extends LivingEntityRenderState declared in class MobRenderer
C:\Users\justi\Documents\GitHub\AlexsMobs-26.2\src\main\java\com\github\alexthe666\alexsmobs\client\render\RenderFly.java:13: error: RenderFly is not abstract and does not override abstract method getTextureLocation(LivingEntityRenderState) in LivingEntityRenderer
public class RenderFly extends MobRenderer<EntityFly, LivingEntityRenderState, ModelFly> {
       ^
C:\Users\justi\Documents\GitHub\AlexsMobs-26.2\src\main\java\com\github\alexthe666\alexsmobs\client\render\RenderFly.java:33: error: method setupRotations in class LivingEntityRenderer<T,S,M> cannot be applied to given types;
        super.setupRotations(entityLiving, matrixStackIn, ageInTicks, rotationYaw, partialTicks);
             ^
  required: LivingEntityRenderState,PoseStack,float,float
  found:    EntityFly,PoseStack,float,float,float
  reason: actual and formal argument lists differ in length
  where T,S,M are type-variables:
    T extends LivingEntity declared in class LivingEntityRenderer
    S extends LivingEntityRenderState declared in class LivingEntityRenderer
    M extends EntityModel<? super S> declared in class LivingEntityRenderer
C:\Users\justi\Documents\GitHub\AlexsMobs-26.2\src\main\java\com\github\alexthe666\alexsmobs\client\render\RenderFlyingFish.java:13: error: type argument ModelFlyingFish is not within bounds of type-variable M
public class RenderFlyingFish extends MobRenderer<EntityFlyingFish, LivingEntityRenderState, ModelFlyingFish> {
                                                                                             ^
  where M,S are type-variables:
    M extends EntityModel<? super S> declared in class MobRenderer
    S extends LivingEntityRenderState declared in class MobRenderer
C:\Users\justi\Documents\GitHub\AlexsMobs-26.2\src\main\java\com\github\alexthe666\alexsmobs\client\render\RenderFlyingFish.java:13: error: RenderFlyingFish is not abstract and does not override abstract method getTextureLocation(LivingEntityRenderState) in LivingEntityRenderer
public class RenderFlyingFish extends MobRenderer<EntityFlyingFish, LivingEntityRenderState, ModelFlyingFish> {
       ^
C:\Users\justi\Documents\GitHub\AlexsMobs-26.2\src\main\java\com\github\alexthe666\alexsmobs\client\render\RenderFrilledShark.java:18: error: type argument ModelFrilledShark is not within bounds of type-variable M
public class RenderFrilledShark extends MobRenderer<EntityFrilledShark, LivingEntityRenderState, ModelFrilledShark> {
                                                                                                 ^
  where M,S are type-variables:
    M extends EntityModel<? super S> declared in class MobRenderer
    S extends LivingEntityRenderState declared in class MobRenderer
C:\Users\justi\Documents\GitHub\AlexsMobs-26.2\src\main\java\com\github\alexthe666\alexsmobs\client\render\RenderFrilledShark.java:18: error: RenderFrilledShark is not abstract and does not override abstract method getTextureLocation(LivingEntityRenderState) in LivingEntityRenderer
public class RenderFrilledShark extends MobRenderer<EntityFrilledShark, LivingEntityRenderState, ModelFrilledShark> {
       ^
C:\Users\justi\Documents\GitHub\AlexsMobs-26.2\src\main\java\com\github\alexthe666\alexsmobs\client\render\RenderFrilledShark.java:27: error: incompatible types: TeethLayer cannot be converted to RenderLayer<LivingEntityRenderState,ModelFrilledShark>
        this.addLayer(new TeethLayer(this));
                      ^
C:\Users\justi\Documents\GitHub\AlexsMobs-26.2\src\main\java\com\github\alexthe666\alexsmobs\client\render\RenderFrilledShark.java:38: error: type argument EntityFrilledShark is not within bounds of type-variable S
    static class TeethLayer extends RenderLayer<EntityFrilledShark, ModelFrilledShark> {
                                                ^
  where S is a type-variable:
    S extends EntityRenderState declared in class RenderLayer
C:\Users\justi\Documents\GitHub\AlexsMobs-26.2\src\main\java\com\github\alexthe666\alexsmobs\client\render\RenderFrilledShark.java:38: error: TeethLayer is not abstract and does not override abstract method submit(PoseStack,SubmitNodeCollector,int,EntityFrilledShark,float,float) in RenderLayer
    static class TeethLayer extends RenderLayer<EntityFrilledShark, ModelFrilledShark> {
           ^
C:\Users\justi\Documents\GitHub\AlexsMobs-26.2\src\main\java\com\github\alexthe666\alexsmobs\client\render\RenderFrilledShark.java:42: error: incompatible types: RenderFrilledShark cannot be converted to RenderLayerParent<EntityFrilledShark,ModelFrilledShark>
            super(render);
                  ^
C:\Users\justi\Documents\GitHub\AlexsMobs-26.2\src\main\java\com\github\alexthe666\alexsmobs\client\render\RenderFrilledShark.java:46: error: cannot find symbol
            VertexConsumer glintBuilder = buffer.getBuffer(AMRenderTypes.getEyesFlickering(TEXTURE_TEETH, 240));
                                                ^
  symbol:   method getBuffer(RenderType)
  location: variable buffer of type OrderedSubmitNodeCollector
C:\Users\justi\Documents\GitHub\AlexsMobs-26.2\src\main\java\com\github\alexthe666\alexsmobs\client\render\RenderFroststalker.java:13: error: type argument ModelFroststalker is not within bounds of type-variable M
public class RenderFroststalker extends MobRenderer<EntityFroststalker, LivingEntityRenderState, ModelFroststalker> {
                                                                                                 ^
  where M,S are type-variables:
    M extends EntityModel<? super S> declared in class MobRenderer
    S extends LivingEntityRenderState declared in class MobRenderer
C:\Users\justi\Documents\GitHub\AlexsMobs-26.2\src\main\java\com\github\alexthe666\alexsmobs\client\render\RenderFroststalker.java:13: error: RenderFroststalker is not abstract and does not override abstract method getTextureLocation(LivingEntityRenderState) in LivingEntityRenderer
public class RenderFroststalker extends MobRenderer<EntityFroststalker, LivingEntityRenderState, ModelFroststalker> {
       ^
C:\Users\justi\Documents\GitHub\AlexsMobs-26.2\src\main\java\com\github\alexthe666\alexsmobs\client\render\RenderGazelle.java:13: error: type argument ModelGazelle is not within bounds of type-variable M
public class RenderGazelle extends MobRenderer<EntityGazelle, LivingEntityRenderState, ModelGazelle> {
                                                                                       ^
  where M,S are type-variables:
    M extends EntityModel<? super S> declared in class MobRenderer
    S extends LivingEntityRenderState declared in class MobRenderer
C:\Users\justi\Documents\GitHub\AlexsMobs-26.2\src\main\java\com\github\alexthe666\alexsmobs\client\render\RenderGazelle.java:13: error: RenderGazelle is not abstract and does not override abstract method getTextureLocation(LivingEntityRenderState) in LivingEntityRenderer
public class RenderGazelle extends MobRenderer<EntityGazelle, LivingEntityRenderState, ModelGazelle> {
       ^
C:\Users\justi\Documents\GitHub\AlexsMobs-26.2\src\main\java\com\github\alexthe666\alexsmobs\client\render\RenderGeladaMonkey.java:13: error: type argument ModelGeladaMonkey is not within bounds of type-variable M
public class RenderGeladaMonkey extends MobRenderer<EntityGeladaMonkey, LivingEntityRenderState, ModelGeladaMonkey> {
                                                                                                 ^
  where M,S are type-variables:
    M extends EntityModel<? super S> declared in class MobRenderer
    S extends LivingEntityRenderState declared in class MobRenderer
C:\Users\justi\Documents\GitHub\AlexsMobs-26.2\src\main\java\com\github\alexthe666\alexsmobs\client\render\RenderGeladaMonkey.java:13: error: RenderGeladaMonkey is not abstract and does not override abstract method getTextureLocation(LivingEntityRenderState) in LivingEntityRenderer
public class RenderGeladaMonkey extends MobRenderer<EntityGeladaMonkey, LivingEntityRenderState, ModelGeladaMonkey> {
       ^
C:\Users\justi\Documents\GitHub\AlexsMobs-26.2\src\main\java\com\github\alexthe666\alexsmobs\client\render\RenderGiantSquid.java:20: error: type argument ModelGiantSquid is not within bounds of type-variable M
public class RenderGiantSquid extends MobRenderer<EntityGiantSquid, LivingEntityRenderState, ModelGiantSquid> {
                                                                                             ^
  where M,S are type-variables:
    M extends EntityModel<? super S> declared in class MobRenderer
    S extends LivingEntityRenderState declared in class MobRenderer
C:\Users\justi\Documents\GitHub\AlexsMobs-26.2\src\main\java\com\github\alexthe666\alexsmobs\client\render\RenderGiantSquid.java:20: error: RenderGiantSquid is not abstract and does not override abstract method getTextureLocation(LivingEntityRenderState) in LivingEntityRenderer
public class RenderGiantSquid extends MobRenderer<EntityGiantSquid, LivingEntityRenderState, ModelGiantSquid> {
       ^
C:\Users\justi\Documents\GitHub\AlexsMobs-26.2\src\main\java\com\github\alexthe666\alexsmobs\client\render\RenderGiantSquid.java:27: error: incompatible types: LayerDepressurization cannot be converted to RenderLayer<LivingEntityRenderState,ModelGiantSquid>
        this.addLayer(new LayerDepressurization(this));
                      ^
C:\Users\justi\Documents\GitHub\AlexsMobs-26.2\src\main\java\com\github\alexthe666\alexsmobs\client\render\RenderGiantSquid.java:57: error: type argument EntityGiantSquid is not within bounds of type-variable S
    static class LayerDepressurization extends RenderLayer<EntityGiantSquid, ModelGiantSquid> {
                                                           ^
  where S is a type-variable:
    S extends EntityRenderState declared in class RenderLayer
C:\Users\justi\Documents\GitHub\AlexsMobs-26.2\src\main\java\com\github\alexthe666\alexsmobs\client\render\RenderGiantSquid.java:57: error: LayerDepressurization is not abstract and does not override abstract method submit(PoseStack,SubmitNodeCollector,int,EntityGiantSquid,float,float) in RenderLayer
    static class LayerDepressurization extends RenderLayer<EntityGiantSquid, ModelGiantSquid> {
           ^
C:\Users\justi\Documents\GitHub\AlexsMobs-26.2\src\main\java\com\github\alexthe666\alexsmobs\client\render\RenderGiantSquid.java:60: error: incompatible types: RenderGiantSquid cannot be converted to RenderLayerParent<EntityGiantSquid,ModelGiantSquid>
            super(render);
                  ^
C:\Users\justi\Documents\GitHub\AlexsMobs-26.2\src\main\java\com\github\alexthe666\alexsmobs\client\render\RenderGiantSquid.java:64: error: cannot find symbol
            VertexConsumer ivertexbuilder = bufferIn.getBuffer(RenderType.entityTranslucent(TEXTURE_DEPRESSURIZED));
                                                                         ^
  symbol:   method entityTranslucent(Identifier)
  location: class RenderType
C:\Users\justi\Documents\GitHub\AlexsMobs-26.2\src\main\java\com\github\alexthe666\alexsmobs\client\render\RenderGiantSquid.java:66: error: incompatible types: EntityGiantSquid cannot be converted to LivingEntityRenderState
            this.getParentModel().renderToBuffer(matrixStackIn, ivertexbuilder, packedLightIn, LivingEntityRenderer.getOverlayCoords(squid, 0.0F), 1.0F, 1.0F, 1.0F, alpha);
                                                                                                                                     ^
C:\Users\justi\Documents\GitHub\AlexsMobs-26.2\src\main\java\com\github\alexthe666\alexsmobs\client\render\RenderGust.java:18: error: RenderGust is not abstract and does not override abstract method createRenderState() in EntityRenderer
public class RenderGust extends EntityRenderer<EntityGust, EntityRenderState> {
       ^
C:\Users\justi\Documents\GitHub\AlexsMobs-26.2\src\main\java\com\github\alexthe666\alexsmobs\client\render\RenderGust.java:37: error: cannot find symbol
        VertexConsumer ivertexbuilder = bufferIn.getBuffer(RenderType.entityTranslucent(TEXTURE));
                                                                     ^
  symbol:   method entityTranslucent(Identifier)
  location: class RenderType
C:\Users\justi\Documents\GitHub\AlexsMobs-26.2\src\main\java\com\github\alexthe666\alexsmobs\client\render\RenderGust.java:43: error: cannot find symbol
        super.render(entityIn, entityYaw, partialTicks, matrixStackIn, bufferIn, packedLightIn);
             ^
  symbol: method render(EntityGust,float,float,PoseStack,OrderedSubmitNodeCollector,int)
C:\Users\justi\Documents\GitHub\AlexsMobs-26.2\src\main\java\com\github\alexthe666\alexsmobs\client\render\RenderGuster.java:20: error: type argument ModelGuster is not within bounds of type-variable M
public class RenderGuster extends MobRenderer<EntityGuster, LivingEntityRenderState, ModelGuster> {
                                                                                     ^
  where M,S are type-variables:
    M extends EntityModel<? super S> declared in class MobRenderer
    S extends LivingEntityRenderState declared in class MobRenderer
C:\Users\justi\Documents\GitHub\AlexsMobs-26.2\src\main\java\com\github\alexthe666\alexsmobs\client\render\RenderGuster.java:20: error: RenderGuster is not abstract and does not override abstract method getTextureLocation(LivingEntityRenderState) in LivingEntityRenderer
public class RenderGuster extends MobRenderer<EntityGuster, LivingEntityRenderState, ModelGuster> {
       ^
C:\Users\justi\Documents\GitHub\AlexsMobs-26.2\src\main\java\com\github\alexthe666\alexsmobs\client\render\RenderGuster.java:30: error: incompatible types: GusterEyesLayer cannot be converted to RenderLayer<LivingEntityRenderState,ModelGuster>
        this.addLayer(new GusterEyesLayer(this));
                      ^
C:\Users\justi\Documents\GitHub\AlexsMobs-26.2\src\main\java\com\github\alexthe666\alexsmobs\client\render\RenderGuster.java:37: error: cannot find symbol
            return RenderType.entityTranslucent(Identifier);
                             ^
  symbol:   method entityTranslucent(Identifier)
  location: class RenderType
C:\Users\justi\Documents\GitHub\AlexsMobs-26.2\src\main\java\com\github\alexthe666\alexsmobs\client\render\RenderGuster.java:39: error: cannot find symbol
            return RenderType.entityTranslucent(Identifier);
                             ^
  symbol:   method entityTranslucent(Identifier)
  location: class RenderType
C:\Users\justi\Documents\GitHub\AlexsMobs-26.2\src\main\java\com\github\alexthe666\alexsmobs\client\render\RenderGuster.java:41: error: method outline in class RenderType cannot be applied to given types;
            return p_230496_4_ ? RenderType.outline(Identifier) : null;
                                           ^
  required: no arguments
  found:    Identifier
  reason: actual and formal argument lists differ in length
C:\Users\justi\Documents\GitHub\AlexsMobs-26.2\src\main\java\com\github\alexthe666\alexsmobs\client\render\RenderGuster.java:50: error: type argument EntityGuster is not within bounds of type-variable S
    static class GusterEyesLayer extends EyesLayer<EntityGuster, ModelGuster> {
                                                   ^
  where S is a type-variable:
    S extends EntityRenderState declared in class EyesLayer
C:\Users\justi\Documents\GitHub\AlexsMobs-26.2\src\main\java\com\github\alexthe666\alexsmobs\client\render\RenderGuster.java:53: error: incompatible types: RenderGuster cannot be converted to RenderLayerParent<EntityGuster,ModelGuster>
            super(p_i50928_1_);
                  ^
C:\Users\justi\Documents\GitHub\AlexsMobs-26.2\src\main\java\com\github\alexthe666\alexsmobs\client\render\RenderGuster.java:58: error: cannot find symbol
                VertexConsumer ivertexbuilder = bufferIn.getBuffer(entitylivingbaseIn.getVariant() == 2 ? AMRenderTypes.getEyesNoCull(TEXTURE_SOUL_EYES) : AMRenderTypes.getEyesNoCull(TEXTURE_EYES));
                                                        ^
  symbol:   method getBuffer(entitylivi[...]EYES))
  location: variable bufferIn of type OrderedSubmitNodeCollector
C:\Users\justi\Documents\GitHub\AlexsMobs-26.2\src\main\java\com\github\alexthe666\alexsmobs\client\render\RenderHammerheadShark.java:13: error: type argument ModelHammerheadShark is not within bounds of type-variable M
public class RenderHammerheadShark extends MobRenderer<EntityHammerheadShark, LivingEntityRenderState, ModelHammerheadShark> {
                                                                                                       ^
  where M,S are type-variables:
    M extends EntityModel<? super S> declared in class MobRenderer
    S extends LivingEntityRenderState declared in class MobRenderer
C:\Users\justi\Documents\GitHub\AlexsMobs-26.2\src\main\java\com\github\alexthe666\alexsmobs\client\render\RenderHammerheadShark.java:13: error: RenderHammerheadShark is not abstract and does not override abstract method getTextureLocation(LivingEntityRenderState) in LivingEntityRenderer
public class RenderHammerheadShark extends MobRenderer<EntityHammerheadShark, LivingEntityRenderState, ModelHammerheadShark> {
       ^
C:\Users\justi\Documents\GitHub\AlexsMobs-26.2\src\main\java\com\github\alexthe666\alexsmobs\client\render\RenderHemolymph.java:19: error: RenderHemolymph is not abstract and does not override abstract method createRenderState() in EntityRenderer
public class RenderHemolymph extends EntityRenderer<EntityHemolymph, EntityRenderState> {
       ^
C:\Users\justi\Documents\GitHub\AlexsMobs-26.2\src\main\java\com\github\alexthe666\alexsmobs\client\render\RenderHemolymph.java:39: error: cannot find symbol
        VertexConsumer lvt_18_2_ = p_225623_5_.getBuffer(RenderType.entityCutout(this.getTextureLocation(p_225623_1_)));
                                                                   ^
  symbol:   method entityCutout(Identifier)
  location: class RenderType
C:\Users\justi\Documents\GitHub\AlexsMobs-26.2\src\main\java\com\github\alexthe666\alexsmobs\client\render\RenderHemolymph.java:61: error: cannot find symbol
        super.render(p_225623_1_, p_225623_2_, p_225623_3_, p_225623_4_, p_225623_5_, p_225623_6_);
             ^
  symbol: method render(EntityHemolymph,float,float,PoseStack,OrderedSubmitNodeCollector,int)
C:\Users\justi\Documents\GitHub\AlexsMobs-26.2\src\main\java\com\github\alexthe666\alexsmobs\client\render\RenderHemolymph.java:65: error: cannot find symbol
        p_229039_3_.vertex(p_229039_1_, (float)p_229039_4_, (float)p_229039_5_, (float)p_229039_6_).color(255, 255, 255, 255).uv(p_229039_7_, p_229039_8_).overlayCoords(OverlayTexture.NO_OVERLAY).uv2(p_229039_12_).normal(p_229039_2_, (float)p_229039_9_, (float)p_229039_11_, (float)p_229039_10_).endVertex();
                   ^
  symbol:   method vertex(Matrix4f,float,float,float)
  location: variable p_229039_3_ of type VertexConsumer
C:\Users\justi\Documents\GitHub\AlexsMobs-26.2\src\main\java\com\github\alexthe666\alexsmobs\client\render\RenderHemolymph.java:68: error: method does not override or implement a method from a supertype
    @Override
    ^
C:\Users\justi\Documents\GitHub\AlexsMobs-26.2\src\main\java\com\github\alexthe666\alexsmobs\entity\EntityHemolymph.java:28: error: EntityHemolymph is not abstract and does not override abstract method hurtServer(ServerLevel,DamageSource,float) in Entity
public class EntityHemolymph extends Entity {
       ^
C:\Users\justi\Documents\GitHub\AlexsMobs-26.2\src\main\java\com\github\alexthe666\alexsmobs\entity\EntityHemolymph.java:222: error: cannot find symbol
            this.moveTo(this.getX(), this.getY(), this.getZ(), this.getYRot(), this.getXRot());
                ^
  symbol: method moveTo(double,double,double,float,float)
C:\Users\justi\Documents\GitHub\AlexsMobs-26.2\src\main\java\com\github\alexthe666\alexsmobs\client\render\RenderHummingbird.java:13: error: type argument ModelHummingbird is not within bounds of type-variable M
public class RenderHummingbird extends MobRenderer<EntityHummingbird, LivingEntityRenderState, ModelHummingbird> {
                                                                                               ^
  where M,S are type-variables:
    M extends EntityModel<? super S> declared in class MobRenderer
    S extends LivingEntityRenderState declared in class MobRenderer
C:\Users\justi\Documents\GitHub\AlexsMobs-26.2\src\main\java\com\github\alexthe666\alexsmobs\client\render\RenderHummingbird.java:13: error: RenderHummingbird is not abstract and does not override abstract method getTextureLocation(LivingEntityRenderState) in LivingEntityRenderer
public class RenderHummingbird extends MobRenderer<EntityHummingbird, LivingEntityRenderState, ModelHummingbird> {
       ^
C:\Users\justi\Documents\GitHub\AlexsMobs-26.2\src\main\java\com\github\alexthe666\alexsmobs\client\render\RenderIceShard.java:19: error: RenderIceShard is not abstract and does not override abstract method createRenderState() in EntityRenderer
public class RenderIceShard extends EntityRenderer<EntityIceShard, EntityRenderState> {
       ^
C:\Users\justi\Documents\GitHub\AlexsMobs-26.2\src\main\java\com\github\alexthe666\alexsmobs\client\render\RenderIceShard.java:39: error: cannot find symbol
        VertexConsumer lvt_18_2_ = p_225623_5_.getBuffer(RenderType.entityCutout(this.getTextureLocation(p_225623_1_)));
                                                                   ^
  symbol:   method entityCutout(Identifier)
  location: class RenderType
C:\Users\justi\Documents\GitHub\AlexsMobs-26.2\src\main\java\com\github\alexthe666\alexsmobs\client\render\RenderIceShard.java:61: error: cannot find symbol
        super.render(p_225623_1_, p_225623_2_, p_225623_3_, p_225623_4_, p_225623_5_, p_225623_6_);
             ^
  symbol: method render(EntityIceShard,float,float,PoseStack,OrderedSubmitNodeCollector,int)
C:\Users\justi\Documents\GitHub\AlexsMobs-26.2\src\main\java\com\github\alexthe666\alexsmobs\client\render\RenderIceShard.java:65: error: cannot find symbol
        p_229039_3_.vertex(p_229039_1_, (float)p_229039_4_, (float)p_229039_5_, (float)p_229039_6_).color(255, 255, 255, 255).uv(p_229039_7_, p_229039_8_).overlayCoords(OverlayTexture.NO_OVERLAY).uv2(p_229039_12_).normal(p_229039_2_, (float)p_229039_9_, (float)p_229039_11_, (float)p_229039_10_).endVertex();
                   ^
  symbol:   method vertex(Matrix4f,float,float,float)
  location: variable p_229039_3_ of type VertexConsumer
C:\Users\justi\Documents\GitHub\AlexsMobs-26.2\src\main\java\com\github\alexthe666\alexsmobs\client\render\RenderIceShard.java:68: error: method does not override or implement a method from a supertype
    @Override
    ^
C:\Users\justi\Documents\GitHub\AlexsMobs-26.2\src\main\java\com\github\alexthe666\alexsmobs\entity\EntityIceShard.java:28: error: EntityIceShard is not abstract and does not override abstract method hurtServer(ServerLevel,DamageSource,float) in Entity
public class EntityIceShard extends Entity {
       ^
C:\Users\justi\Documents\GitHub\AlexsMobs-26.2\src\main\java\com\github\alexthe666\alexsmobs\entity\EntityIceShard.java:216: error: cannot find symbol
            this.moveTo(this.getX(), this.getY(), this.getZ(), this.getYRot(), this.getXRot());
                ^
  symbol: method moveTo(double,double,double,float,float)
C:\Users\justi\Documents\GitHub\AlexsMobs-26.2\src\main\java\com\github\alexthe666\alexsmobs\client\render\RenderJerboa.java:13: error: type argument ModelJerboa is not within bounds of type-variable M
public class RenderJerboa extends MobRenderer<EntityJerboa, LivingEntityRenderState, ModelJerboa> {
                                                                                     ^
  where M,S are type-variables:
    M extends EntityModel<? super S> declared in class MobRenderer
    S extends LivingEntityRenderState declared in class MobRenderer
C:\Users\justi\Documents\GitHub\AlexsMobs-26.2\src\main\java\com\github\alexthe666\alexsmobs\client\render\RenderJerboa.java:13: error: RenderJerboa is not abstract and does not override abstract method getTextureLocation(LivingEntityRenderState) in LivingEntityRenderer
public class RenderJerboa extends MobRenderer<EntityJerboa, LivingEntityRenderState, ModelJerboa> {
       ^
C:\Users\justi\Documents\GitHub\AlexsMobs-26.2\src\main\java\com\github\alexthe666\alexsmobs\client\render\RenderKomodoDragon.java:17: error: type argument ModelKomodoDragon is not within bounds of type-variable M
public class RenderKomodoDragon extends MobRenderer<EntityKomodoDragon, LivingEntityRenderState, ModelKomodoDragon> {
                                                                                                 ^
  where M,S are type-variables:
    M extends EntityModel<? super S> declared in class MobRenderer
    S extends LivingEntityRenderState declared in class MobRenderer
C:\Users\justi\Documents\GitHub\AlexsMobs-26.2\src\main\java\com\github\alexthe666\alexsmobs\client\render\RenderKomodoDragon.java:17: error: RenderKomodoDragon is not abstract and does not override abstract method getTextureLocation(LivingEntityRenderState) in LivingEntityRenderer
public class RenderKomodoDragon extends MobRenderer<EntityKomodoDragon, LivingEntityRenderState, ModelKomodoDragon> {
       ^
C:\Users\justi\Documents\GitHub\AlexsMobs-26.2\src\main\java\com\github\alexthe666\alexsmobs\client\render\RenderKomodoDragon.java:24: error: incompatible types: LayerSaddle cannot be converted to RenderLayer<LivingEntityRenderState,ModelKomodoDragon>
        this.addLayer(new LayerSaddle(this));
                      ^
C:\Users\justi\Documents\GitHub\AlexsMobs-26.2\src\main\java\com\github\alexthe666\alexsmobs\client\render\RenderKomodoDragon.java:34: error: type argument EntityKomodoDragon is not within bounds of type-variable S
    static class LayerSaddle extends RenderLayer<EntityKomodoDragon, ModelKomodoDragon> {
                                                 ^
  where S is a type-variable:
    S extends EntityRenderState declared in class RenderLayer
C:\Users\justi\Documents\GitHub\AlexsMobs-26.2\src\main\java\com\github\alexthe666\alexsmobs\client\render\RenderKomodoDragon.java:34: error: LayerSaddle is not abstract and does not override abstract method submit(PoseStack,SubmitNodeCollector,int,EntityKomodoDragon,float,float) in RenderLayer
    static class LayerSaddle extends RenderLayer<EntityKomodoDragon, ModelKomodoDragon> {
           ^
C:\Users\justi\Documents\GitHub\AlexsMobs-26.2\src\main\java\com\github\alexthe666\alexsmobs\client\render\RenderKomodoDragon.java:40: error: incompatible types: RenderKomodoDragon cannot be converted to RenderLayerParent<EntityKomodoDragon,ModelKomodoDragon>
            super(render);
                  ^
C:\Users\justi\Documents\GitHub\AlexsMobs-26.2\src\main\java\com\github\alexthe666\alexsmobs\client\render\RenderKomodoDragon.java:45: error: cannot find symbol
                VertexConsumer maid = bufferIn.getBuffer(AMRenderTypes.entityCutoutNoCull(TEXTURE_MAID));
                                              ^
  symbol:   method getBuffer(RenderType)
  location: variable bufferIn of type OrderedSubmitNodeCollector
C:\Users\justi\Documents\GitHub\AlexsMobs-26.2\src\main\java\com\github\alexthe666\alexsmobs\client\render\RenderKomodoDragon.java:46: error: cannot find symbol
                this.getParentModel().copyPropertiesTo(MAID_MODEL);
                                     ^
  symbol:   method copyPropertiesTo(ModelKomodoDragon)
  location: class ModelKomodoDragon
C:\Users\justi\Documents\GitHub\AlexsMobs-26.2\src\main\java\com\github\alexthe666\alexsmobs\client\render\RenderKomodoDragon.java:49: error: incompatible types: EntityKomodoDragon cannot be converted to LivingEntityRenderState
                MAID_MODEL.renderToBuffer(matrixStackIn, maid, packedLightIn, LivingEntityRenderer.getOverlayCoords(entitylivingbaseIn, 0), 1.0F, 1.0F, 1.0F, 1.0F);
                                                                                                                    ^
C:\Users\justi\Documents\GitHub\AlexsMobs-26.2\src\main\java\com\github\alexthe666\alexsmobs\client\render\RenderKomodoDragon.java:52: error: cannot find symbol
                VertexConsumer saddle = bufferIn.getBuffer(AMRenderTypes.entityCutoutNoCull(TEXTURE_SADDLE));
                                                ^
  symbol:   method getBuffer(RenderType)
  location: variable bufferIn of type OrderedSubmitNodeCollector
C:\Users\justi\Documents\GitHub\AlexsMobs-26.2\src\main\java\com\github\alexthe666\alexsmobs\client\render\RenderKomodoDragon.java:53: error: cannot find symbol
                this.getParentModel().copyPropertiesTo(SADDLE_MODEL);
                                     ^
  symbol:   method copyPropertiesTo(ModelKomodoDragon)
  location: class ModelKomodoDragon
C:\Users\justi\Documents\GitHub\AlexsMobs-26.2\src\main\java\com\github\alexthe666\alexsmobs\client\render\RenderKomodoDragon.java:56: error: incompatible types: EntityKomodoDragon cannot be converted to LivingEntityRenderState
                SADDLE_MODEL.renderToBuffer(matrixStackIn, saddle, packedLightIn, LivingEntityRenderer.getOverlayCoords(entitylivingbaseIn, 0), 1.0F, 1.0F, 1.0F, 1.0F);
                                                                                                                        ^
C:\Users\justi\Documents\GitHub\AlexsMobs-26.2\src\main\java\com\github\alexthe666\alexsmobs\client\render\RenderLaviathan.java:29: error: type argument ModelLaviathan is not within bounds of type-variable M
public class RenderLaviathan extends MobRenderer<EntityLaviathan, LivingEntityRenderState, ModelLaviathan> {
                                                                                           ^
  where M,S are type-variables:
    M extends EntityModel<? super S> declared in class MobRenderer
    S extends LivingEntityRenderState declared in class MobRenderer
C:\Users\justi\Documents\GitHub\AlexsMobs-26.2\src\main\java\com\github\alexthe666\alexsmobs\client\render\RenderLaviathan.java:29: error: RenderLaviathan is not abstract and does not override abstract method getTextureLocation(LivingEntityRenderState) in LivingEntityRenderer
public class RenderLaviathan extends MobRenderer<EntityLaviathan, LivingEntityRenderState, ModelLaviathan> {
       ^
C:\Users\justi\Documents\GitHub\AlexsMobs-26.2\src\main\java\com\github\alexthe666\alexsmobs\client\render\RenderLaviathan.java:45: error: incompatible types: LayerOverlays cannot be converted to RenderLayer<LivingEntityRenderState,ModelLaviathan>
        this.addLayer(new LayerOverlays(this));
                      ^
C:\Users\justi\Documents\GitHub\AlexsMobs-26.2\src\main\java\com\github\alexthe666\alexsmobs\client\render\RenderLaviathan.java:52: error: cannot find symbol
        int k = LightTexture.pack(i, j);
                ^
  symbol:   variable LightTexture
  location: class RenderLaviathan
C:\Users\justi\Documents\GitHub\AlexsMobs-26.2\src\main\java\com\github\alexthe666\alexsmobs\client\render\RenderLaviathan.java:64: error: cannot find symbol
        p_174308_.vertex(p_174309_, f5 - p_174319_, f6 + p_174318_, f7 + p_174320_).color(f2, f3, f4, 1.0F).uv2(k).endVertex();
                 ^
  symbol:   method vertex(Matrix4f,float,float,float)
  location: variable p_174308_ of type VertexConsumer
C:\Users\justi\Documents\GitHub\AlexsMobs-26.2\src\main\java\com\github\alexthe666\alexsmobs\client\render\RenderLaviathan.java:65: error: cannot find symbol
        p_174308_.vertex(p_174309_, f5 + p_174319_, f6 + p_174317_ - p_174318_, f7 - p_174320_).color(f2, f3, f4, 1.0F).uv2(k).endVertex();
                 ^
  symbol:   method vertex(Matrix4f,float,float,float)
  location: variable p_174308_ of type VertexConsumer
C:\Users\justi\Documents\GitHub\AlexsMobs-26.2\src\main\java\com\github\alexthe666\alexsmobs\client\render\RenderLaviathan.java:82: error: cannot find symbol
        super.render(mob, p_115456_, partialTick, ms, p_115459_, p_115460_);
             ^
  symbol: method render(EntityLaviathan,float,float,PoseStack,OrderedSubmitNodeCollector,int)
C:\Users\justi\Documents\GitHub\AlexsMobs-26.2\src\main\java\com\github\alexthe666\alexsmobs\client\render\RenderLaviathan.java:158: error: cannot find symbol
        VertexConsumer vertexconsumer = p_115465_.getBuffer(RenderType.leash());
                                                                      ^
  symbol:   method leash()
  location: class RenderType
C:\Users\justi\Documents\GitHub\AlexsMobs-26.2\src\main\java\com\github\alexthe666\alexsmobs\client\render\RenderLaviathan.java:209: error: type argument EntityLaviathan is not within bounds of type-variable S
    static class LayerOverlays extends RenderLayer<EntityLaviathan, ModelLaviathan> {
                                                   ^
  where S is a type-variable:
    S extends EntityRenderState declared in class RenderLayer
C:\Users\justi\Documents\GitHub\AlexsMobs-26.2\src\main\java\com\github\alexthe666\alexsmobs\client\render\RenderLaviathan.java:209: error: LayerOverlays is not abstract and does not override abstract method submit(PoseStack,SubmitNodeCollector,int,EntityLaviathan,float,float) in RenderLayer
    static class LayerOverlays extends RenderLayer<EntityLaviathan, ModelLaviathan> {
           ^
C:\Users\justi\Documents\GitHub\AlexsMobs-26.2\src\main\java\com\github\alexthe666\alexsmobs\client\render\RenderLaviathan.java:212: error: incompatible types: RenderLaviathan cannot be converted to RenderLayerParent<EntityLaviathan,ModelLaviathan>
            super(render);
                  ^
C:\Users\justi\Documents\GitHub\AlexsMobs-26.2\src\main\java\com\github\alexthe666\alexsmobs\client\render\RenderLaviathan.java:217: error: cannot find symbol
                VertexConsumer ivertexbuilder = bufferIn.getBuffer(RenderType.eyes(TEXTURE_GLOW));
                                                                             ^
  symbol:   method eyes(Identifier)
  location: class RenderType
C:\Users\justi\Documents\GitHub\AlexsMobs-26.2\src\main\java\com\github\alexthe666\alexsmobs\client\render\RenderLaviathan.java:221: error: cannot find symbol
                VertexConsumer ivertexbuilder = bufferIn.getBuffer(RenderType.entityCutout(TEXTURE_GEAR));
                                                                             ^
  symbol:   method entityCutout(Identifier)
  location: class RenderType
C:\Users\justi\Documents\GitHub\AlexsMobs-26.2\src\main\java\com\github\alexthe666\alexsmobs\client\render\RenderLaviathan.java:225: error: cannot find symbol
                VertexConsumer ivertexbuilder = bufferIn.getBuffer(RenderType.entityCutout(TEXTURE_HELMET));
                                                                             ^
  symbol:   method entityCutout(Identifier)
  location: class RenderType
C:\Users\justi\Documents\GitHub\AlexsMobs-26.2\src\main\java\com\github\alexthe666\alexsmobs\client\render\RenderLobster.java:13: error: type argument ModelLobster is not within bounds of type-variable M
public class RenderLobster extends MobRenderer<EntityLobster, LivingEntityRenderState, ModelLobster> {
                                                                                       ^
  where M,S are type-variables:
    M extends EntityModel<? super S> declared in class MobRenderer
    S extends LivingEntityRenderState declared in class MobRenderer
C:\Users\justi\Documents\GitHub\AlexsMobs-26.2\src\main\java\com\github\alexthe666\alexsmobs\client\render\RenderLobster.java:13: error: RenderLobster is not abstract and does not override abstract method getTextureLocation(LivingEntityRenderState) in LivingEntityRenderer
public class RenderLobster extends MobRenderer<EntityLobster, LivingEntityRenderState, ModelLobster> {
       ^
C:\Users\justi\Documents\GitHub\AlexsMobs-26.2\src\main\java\com\github\alexthe666\alexsmobs\client\render\RenderManedWolf.java:13: error: type argument ModelManedWolf is not within bounds of type-variable M
public class RenderManedWolf extends MobRenderer<EntityManedWolf, LivingEntityRenderState, ModelManedWolf> {
                                                                                           ^
  where M,S are type-variables:
    M extends EntityModel<? super S> declared in class MobRenderer
    S extends LivingEntityRenderState declared in class MobRenderer
C:\Users\justi\Documents\GitHub\AlexsMobs-26.2\src\main\java\com\github\alexthe666\alexsmobs\client\render\RenderManedWolf.java:13: error: RenderManedWolf is not abstract and does not override abstract method getTextureLocation(LivingEntityRenderState) in LivingEntityRenderer
public class RenderManedWolf extends MobRenderer<EntityManedWolf, LivingEntityRenderState, ModelManedWolf> {
       ^
C:\Users\justi\Documents\GitHub\AlexsMobs-26.2\src\main\java\com\github\alexthe666\alexsmobs\client\render\RenderMimicOctopus.java:27: error: type argument ModelMimicOctopus is not within bounds of type-variable M
public class RenderMimicOctopus extends MobRenderer<EntityMimicOctopus, LivingEntityRenderState, ModelMimicOctopus> {
                                                                                                 ^
  where M,S are type-variables:
    M extends EntityModel<? super S> declared in class MobRenderer
    S extends LivingEntityRenderState declared in class MobRenderer
C:\Users\justi\Documents\GitHub\AlexsMobs-26.2\src\main\java\com\github\alexthe666\alexsmobs\client\render\RenderMimicOctopus.java:27: error: RenderMimicOctopus is not abstract and does not override abstract method getTextureLocation(LivingEntityRenderState) in LivingEntityRenderer
public class RenderMimicOctopus extends MobRenderer<EntityMimicOctopus, LivingEntityRenderState, ModelMimicOctopus> {
       ^
C:\Users\justi\Documents\GitHub\AlexsMobs-26.2\src\main\java\com\github\alexthe666\alexsmobs\client\render\RenderMimicOctopus.java:36: error: cannot find symbol
    private static final RenderType BEAM_RENDER_TYPE = RenderType.entityCutout(GUARDIAN_BEAM_TEXTURE);
                                                                 ^
  symbol:   method entityCutout(Identifier)
  location: class RenderType
C:\Users\justi\Documents\GitHub\AlexsMobs-26.2\src\main\java\com\github\alexthe666\alexsmobs\client\render\RenderMimicOctopus.java:40: error: incompatible types: OverlayLayer cannot be converted to RenderLayer<LivingEntityRenderState,ModelMimicOctopus>
        this.addLayer(new OverlayLayer(this));
                      ^
C:\Users\justi\Documents\GitHub\AlexsMobs-26.2\src\main\java\com\github\alexthe666\alexsmobs\client\render\RenderMimicOctopus.java:44: error: cannot find symbol
        p_229108_0_.vertex(p_229108_1_, p_229108_3_, p_229108_4_, p_229108_5_).color(p_229108_6_, p_229108_7_, p_229108_8_, 255).uv(p_229108_9_, p_229108_10_).overlayCoords(OverlayTexture.NO_OVERLAY).uv2(15728880).normal(p_229108_2_, 0.0F, 1.0F, 0.0F).endVertex();
                   ^
  symbol:   method vertex(Matrix4f,float,float,float)
  location: variable p_229108_0_ of type VertexConsumer
C:\Users\justi\Documents\GitHub\AlexsMobs-26.2\src\main\java\com\github\alexthe666\alexsmobs\client\render\RenderMimicOctopus.java:93: error: cannot find symbol
            VertexConsumer ivertexbuilder = bufferIn.getBuffer(BEAM_RENDER_TYPE);
                                                    ^
  symbol:   method getBuffer(RenderType)
  location: variable bufferIn of type OrderedSubmitNodeCollector
C:\Users\justi\Documents\GitHub\AlexsMobs-26.2\src\main\java\com\github\alexthe666\alexsmobs\client\render\RenderMimicOctopus.java:116: error: cannot find symbol
        super.render(entityIn, entityYaw, partialTicks, matrixStackIn, bufferIn, packedLightIn);
             ^
  symbol: method render(EntityMimicOctopus,float,float,PoseStack,OrderedSubmitNodeCollector,int)
C:\Users\justi\Documents\GitHub\AlexsMobs-26.2\src\main\java\com\github\alexthe666\alexsmobs\client\render\RenderMimicOctopus.java:154: error: type argument EntityMimicOctopus is not within bounds of type-variable S
    static class OverlayLayer extends RenderLayer<EntityMimicOctopus, ModelMimicOctopus> {
                                                  ^
  where S is a type-variable:
    S extends EntityRenderState declared in class RenderLayer
C:\Users\justi\Documents\GitHub\AlexsMobs-26.2\src\main\java\com\github\alexthe666\alexsmobs\client\render\RenderMimicOctopus.java:154: error: OverlayLayer is not abstract and does not override abstract method submit(PoseStack,SubmitNodeCollector,int,EntityMimicOctopus,float,float) in RenderLayer
    static class OverlayLayer extends RenderLayer<EntityMimicOctopus, ModelMimicOctopus> {
           ^
C:\Users\justi\Documents\GitHub\AlexsMobs-26.2\src\main\java\com\github\alexthe666\alexsmobs\client\render\RenderMimicOctopus.java:158: error: incompatible types: RenderMimicOctopus cannot be converted to RenderLayerParent<EntityMimicOctopus,ModelMimicOctopus>
            super(render);
                  ^
C:\Users\justi\Documents\GitHub\AlexsMobs-26.2\src\main\java\com\github\alexthe666\alexsmobs\client\render\RenderMimicOctopus.java:205: error: cannot find symbol
                VertexConsumer prev = buffer.getBuffer(AMRenderTypes.entityTranslucent(getFor(entitylivingbaseIn.getPrevMimicState())));
                                            ^
  symbol:   method getBuffer(RenderType)
  location: variable buffer of type OrderedSubmitNodeCollector
C:\Users\justi\Documents\GitHub\AlexsMobs-26.2\src\main\java\com\github\alexthe666\alexsmobs\client\render\RenderMimicOctopus.java:209: error: incompatible types: EntityMimicOctopus cannot be converted to LivingEntityRenderState
                this.getParentModel().renderToBuffer(matrixStackIn, prev, packedLightIn, getOverlayCoords(entitylivingbaseIn, 0), r, g, b, alphaPrev);
                                                                                                          ^
C:\Users\justi\Documents\GitHub\AlexsMobs-26.2\src\main\java\com\github\alexthe666\alexsmobs\client\render\RenderMimicOctopus.java:212: error: cannot find symbol
            VertexConsumer current = buffer.getBuffer(AMRenderTypes.entityTranslucent(getFor(entitylivingbaseIn.getMimicState())));
                                           ^
  symbol:   method getBuffer(RenderType)
  location: variable buffer of type OrderedSubmitNodeCollector
C:\Users\justi\Documents\GitHub\AlexsMobs-26.2\src\main\java\com\github\alexthe666\alexsmobs\client\render\RenderMimicOctopus.java:213: error: incompatible types: EntityMimicOctopus cannot be converted to LivingEntityRenderState
            this.getParentModel().renderToBuffer(matrixStackIn, current, packedLightIn, getOverlayCoords(entitylivingbaseIn, 0), r, g, b, a * alphaCurrent);
                                                                                                         ^
C:\Users\justi\Documents\GitHub\AlexsMobs-26.2\src\main\java\com\github\alexthe666\alexsmobs\client\render\RenderMimicOctopus.java:214: error: cannot find symbol
            VertexConsumer eyes = buffer.getBuffer(AMRenderTypes.entityTranslucent(TEXTURE_EYES));
                                        ^
  symbol:   method getBuffer(RenderType)
  location: variable buffer of type OrderedSubmitNodeCollector
C:\Users\justi\Documents\GitHub\AlexsMobs-26.2\src\main\java\com\github\alexthe666\alexsmobs\client\render\RenderMimicOctopus.java:215: error: incompatible types: EntityMimicOctopus cannot be converted to LivingEntityRenderState
            this.getParentModel().renderToBuffer(matrixStackIn, eyes, packedLightIn, getOverlayCoords(entitylivingbaseIn, 0), 1.0F, 1.0F, 1.0F, 1.0F);
                                                                                                      ^
C:\Users\justi\Documents\GitHub\AlexsMobs-26.2\src\main\java\com\github\alexthe666\alexsmobs\client\render\RenderMoose.java:18: error: type argument ModelMoose is not within bounds of type-variable M
public class RenderMoose extends MobRenderer<EntityMoose, LivingEntityRenderState, ModelMoose> {
                                                                                   ^
  where M,S are type-variables:
    M extends EntityModel<? super S> declared in class MobRenderer
    S extends LivingEntityRenderState declared in class MobRenderer
C:\Users\justi\Documents\GitHub\AlexsMobs-26.2\src\main\java\com\github\alexthe666\alexsmobs\client\render\RenderMoose.java:18: error: RenderMoose is not abstract and does not override abstract method getTextureLocation(LivingEntityRenderState) in LivingEntityRenderer
public class RenderMoose extends MobRenderer<EntityMoose, LivingEntityRenderState, ModelMoose> {
       ^
C:\Users\justi\Documents\GitHub\AlexsMobs-26.2\src\main\java\com\github\alexthe666\alexsmobs\client\render\RenderMoose.java:26: error: incompatible types: RenderMoose.LayerSnow cannot be converted to RenderLayer<LivingEntityRenderState,ModelMoose>
        this.addLayer(new LayerSnow());
                      ^
C:\Users\justi\Documents\GitHub\AlexsMobs-26.2\src\main\java\com\github\alexthe666\alexsmobs\client\render\RenderMoose.java:38: error: type argument EntityMoose is not within bounds of type-variable S
    class LayerSnow extends RenderLayer<EntityMoose, ModelMoose> {
                                        ^
  where S is a type-variable:
    S extends EntityRenderState declared in class RenderLayer
C:\Users\justi\Documents\GitHub\AlexsMobs-26.2\src\main\java\com\github\alexthe666\alexsmobs\client\render\RenderMoose.java:38: error: RenderMoose.LayerSnow is not abstract and does not override abstract method submit(PoseStack,SubmitNodeCollector,int,EntityMoose,float,float) in RenderLayer
    class LayerSnow extends RenderLayer<EntityMoose, ModelMoose> {
    ^
C:\Users\justi\Documents\GitHub\AlexsMobs-26.2\src\main\java\com\github\alexthe666\alexsmobs\client\render\RenderMoose.java:41: error: incompatible types: RenderMoose cannot be converted to RenderLayerParent<EntityMoose,ModelMoose>
            super(RenderMoose.this);
                             ^
C:\Users\justi\Documents\GitHub\AlexsMobs-26.2\src\main\java\com\github\alexthe666\alexsmobs\client\render\RenderMoose.java:46: error: cannot find symbol
                VertexConsumer ivertexbuilder = bufferIn.getBuffer(RenderType.entityCutout(entitylivingbaseIn.isAntlered() && !entitylivingbaseIn.isBaby() ? TEXTURE_SNOWY_ANTLERED : TEXTURE_SNOWY));
                                                                             ^
  symbol:   method entityCutout(entitylivi[...]SNOWY)
  location: class RenderType
C:\Users\justi\Documents\GitHub\AlexsMobs-26.2\src\main\java\com\github\alexthe666\alexsmobs\client\render\RenderMoose.java:47: error: incompatible types: EntityMoose cannot be converted to LivingEntityRenderState
                this.getParentModel().renderToBuffer(matrixStackIn, ivertexbuilder, packedLightIn, LivingEntityRenderer.getOverlayCoords(entitylivingbaseIn, 0.0F), 1.0F, 1.0F, 1.0F, 1.0F);
                                                                                                                                         ^
C:\Users\justi\Documents\GitHub\AlexsMobs-26.2\src\main\java\com\github\alexthe666\alexsmobs\client\render\RenderMosquitoSpit.java:19: error: RenderMosquitoSpit is not abstract and does not override abstract method createRenderState() in EntityRenderer
public class RenderMosquitoSpit extends EntityRenderer<EntityMosquitoSpit, EntityRenderState> {
       ^
C:\Users\justi\Documents\GitHub\AlexsMobs-26.2\src\main\java\com\github\alexthe666\alexsmobs\client\render\RenderMosquitoSpit.java:25: error: cannot infer type arguments for LlamaSpitModel
        this.model = new LlamaSpitModel<>(renderManagerIn.bakeLayer(ModelLayers.LLAMA_SPIT));
                                       ^
  reason: cannot use '<>' with non-generic class LlamaSpitModel
C:\Users\justi\Documents\GitHub\AlexsMobs-26.2\src\main\java\com\github\alexthe666\alexsmobs\client\render\RenderMosquitoSpit.java:33: error: cannot find symbol
        VertexConsumer ivertexbuilder = bufferIn.getBuffer(this.model.renderType(SPIT_TEXTURE));
                                                ^
  symbol:   method getBuffer(RenderType)
  location: variable bufferIn of type OrderedSubmitNodeCollector
C:\Users\justi\Documents\GitHub\AlexsMobs-26.2\src\main\java\com\github\alexthe666\alexsmobs\client\render\RenderMosquitoSpit.java:36: error: cannot find symbol
        super.render(entityIn, entityYaw, partialTicks, matrixStackIn, bufferIn, packedLightIn);
             ^
  symbol: method render(EntityMosquitoSpit,float,float,PoseStack,OrderedSubmitNodeCollector,int)
C:\Users\justi\Documents\GitHub\AlexsMobs-26.2\src\main\java\com\github\alexthe666\alexsmobs\entity\EntityMosquitoSpit.java:27: error: EntityMosquitoSpit is not abstract and does not override abstract method hurtServer(ServerLevel,DamageSource,float) in Entity
public class EntityMosquitoSpit extends Entity {
       ^
C:\Users\justi\Documents\GitHub\AlexsMobs-26.2\src\main\java\com\github\alexthe666\alexsmobs\entity\EntityMosquitoSpit.java:208: error: cannot find symbol
            this.moveTo(this.getX(), this.getY(), this.getZ(), this.getYRot(), this.getXRot());
                ^
  symbol: method moveTo(double,double,double,float,float)
C:\Users\justi\Documents\GitHub\AlexsMobs-26.2\src\main\java\com\github\alexthe666\alexsmobs\client\render\RenderMudBall.java:18: error: RenderMudBall is not abstract and does not override abstract method createRenderState() in EntityRenderer
public class RenderMudBall extends EntityRenderer<EntityMudBall, EntityRenderState> {
       ^
C:\Users\justi\Documents\GitHub\AlexsMobs-26.2\src\main\java\com\github\alexthe666\alexsmobs\client\render\RenderMudBall.java:28: error: cannot find symbol
        p_114083_.mulPose(this.entityRenderDispatcher.cameraOrientation());
                                                     ^
  symbol:   method cameraOrientation()
  location: variable entityRenderDispatcher of type EntityRenderDispatcher
C:\Users\justi\Documents\GitHub\AlexsMobs-26.2\src\main\java\com\github\alexthe666\alexsmobs\client\render\RenderMudBall.java:33: error: cannot find symbol
        VertexConsumer $$9 = p_114084_.getBuffer(RenderType.entityCutout(TEXTURE));
                                                           ^
  symbol:   method entityCutout(Identifier)
  location: class RenderType
C:\Users\justi\Documents\GitHub\AlexsMobs-26.2\src\main\java\com\github\alexthe666\alexsmobs\client\render\RenderMudBall.java:39: error: cannot find symbol
        super.render(entityMudBall, f, f2, p_114083_, p_114084_, p_114085_);
             ^
  symbol: method render(EntityMudBall,float,float,PoseStack,OrderedSubmitNodeCollector,int)
C:\Users\justi\Documents\GitHub\AlexsMobs-26.2\src\main\java\com\github\alexthe666\alexsmobs\client\render\RenderMudBall.java:43: error: cannot find symbol
        p_114090_.vertex(p_114091_, p_114094_ - 0.5F, (float)p_114095_ - 0.25F, 0.0F).color(255, 255, 255, 255).uv((float)p_114096_, (float)p_114097_).overlayCoords(OverlayTexture.NO_OVERLAY).uv2(p_114093_).normal(p_114092_, 0.0F, 1.0F, 0.0F).endVertex();
                 ^
  symbol:   method vertex(Matrix4f,float,float,float)
  location: variable p_114090_ of type VertexConsumer
C:\Users\justi\Documents\GitHub\AlexsMobs-26.2\src\main\java\com\github\alexthe666\alexsmobs\entity\EntityMobProjectile.java:98: error: incompatible types: void cannot be converted to boolean
            boolean b = result.getEntity().hurt(damageSources().mobProjectile(this, (LivingEntity) entity), this.getDamage());
                                               ^
C:\Users\justi\Documents\GitHub\AlexsMobs-26.2\src\main\java\com\github\alexthe666\alexsmobs\entity\EntityMobProjectile.java:204: error: cannot find symbol
            this.moveTo(this.getX(), this.getY(), this.getZ(), this.getYRot(), this.getXRot());
                ^
  symbol: method moveTo(double,double,double,float,float)
C:\Users\justi\Documents\GitHub\AlexsMobs-26.2\src\main\java\com\github\alexthe666\alexsmobs\entity\EntityMobProjectile.java:221: error: cannot find symbol
                if(alsoTameable.getOwnerUUID() != null && tamableAnimal.getOwnerUUID() != null && tamableAnimal.getOwnerUUID().equals(alsoTameable.getOwnerUUID())){
                               ^
  symbol:   method getOwnerUUID()
  location: variable alsoTameable of type TamableAnimal
C:\Users\justi\Documents\GitHub\AlexsMobs-26.2\src\main\java\com\github\alexthe666\alexsmobs\entity\EntityMobProjectile.java:221: error: cannot find symbol
                if(alsoTameable.getOwnerUUID() != null && tamableAnimal.getOwnerUUID() != null && tamableAnimal.getOwnerUUID().equals(alsoTameable.getOwnerUUID())){
                                                                       ^
  symbol:   method getOwnerUUID()
  location: variable tamableAnimal of type TamableAnimal
C:\Users\justi\Documents\GitHub\AlexsMobs-26.2\src\main\java\com\github\alexthe666\alexsmobs\entity\EntityMobProjectile.java:221: error: cannot find symbol
                if(alsoTameable.getOwnerUUID() != null && tamableAnimal.getOwnerUUID() != null && tamableAnimal.getOwnerUUID().equals(alsoTameable.getOwnerUUID())){
                                                                                                               ^
  symbol:   method getOwnerUUID()
  location: variable tamableAnimal of type TamableAnimal
C:\Users\justi\Documents\GitHub\AlexsMobs-26.2\src\main\java\com\github\alexthe666\alexsmobs\entity\EntityMobProjectile.java:221: error: cannot find symbol
                if(alsoTameable.getOwnerUUID() != null && tamableAnimal.getOwnerUUID() != null && tamableAnimal.getOwnerUUID().equals(alsoTameable.getOwnerUUID())){
                                                                                                                                                  ^
  symbol:   method getOwnerUUID()
  location: variable alsoTameable of type TamableAnimal
C:\Users\justi\Documents\GitHub\AlexsMobs-26.2\src\main\java\com\github\alexthe666\alexsmobs\entity\EntityMobProjectile.java:225: error: cannot find symbol
            return tamableAnimal.getOwnerUUID() != null && tamableAnimal.getOwnerUUID().equals(entity.getUUID()) || shooter.isAlliedTo(entity);
                                ^
  symbol:   method getOwnerUUID()
  location: variable tamableAnimal of type TamableAnimal
C:\Users\justi\Documents\GitHub\AlexsMobs-26.2\src\main\java\com\github\alexthe666\alexsmobs\entity\EntityMobProjectile.java:225: error: cannot find symbol
            return tamableAnimal.getOwnerUUID() != null && tamableAnimal.getOwnerUUID().equals(entity.getUUID()) || shooter.isAlliedTo(entity);
                                                                        ^
  symbol:   method getOwnerUUID()
  location: variable tamableAnimal of type TamableAnimal
C:\Users\justi\Documents\GitHub\AlexsMobs-26.2\src\main\java\com\github\alexthe666\alexsmobs\entity\EntityMudBall.java:17: error: EntityMudBall is not abstract and does not override abstract method hurtServer(ServerLevel,DamageSource,float) in Entity
public class EntityMudBall extends EntityMobProjectile {
       ^
C:\Users\justi\Documents\GitHub\AlexsMobs-26.2\src\main\java\com\github\alexthe666\alexsmobs\entity\EntityMudBall.java:51: error: cannot find symbol
            hurt.addEffect(new MobEffectInstance(MobEffects.MOVEMENT_SLOWDOWN, 60));
                                                           ^
  symbol:   variable MOVEMENT_SLOWDOWN
  location: class MobEffects
C:\Users\justi\Documents\GitHub\AlexsMobs-26.2\src\main\java\com\github\alexthe666\alexsmobs\client\render\RenderMudskipper.java:13: error: type argument ModelMudskipper is not within bounds of type-variable M
public class RenderMudskipper extends MobRenderer<EntityMudskipper, LivingEntityRenderState, ModelMudskipper> {
                                                                                             ^
  where M,S are type-variables:
    M extends EntityModel<? super S> declared in class MobRenderer
    S extends LivingEntityRenderState declared in class MobRenderer
C:\Users\justi\Documents\GitHub\AlexsMobs-26.2\src\main\java\com\github\alexthe666\alexsmobs\client\render\RenderMudskipper.java:13: error: RenderMudskipper is not abstract and does not override abstract method getTextureLocation(LivingEntityRenderState) in LivingEntityRenderer
public class RenderMudskipper extends MobRenderer<EntityMudskipper, LivingEntityRenderState, ModelMudskipper> {
       ^
C:\Users\justi\Documents\GitHub\AlexsMobs-26.2\src\main\java\com\github\alexthe666\alexsmobs\client\render\RenderMungus.java:33: error: type argument ModelMungus is not within bounds of type-variable M
public class RenderMungus extends MobRenderer<EntityMungus, LivingEntityRenderState, ModelMungus> {
                                                                                     ^
  where M,S are type-variables:
    M extends EntityModel<? super S> declared in class MobRenderer
    S extends LivingEntityRenderState declared in class MobRenderer
C:\Users\justi\Documents\GitHub\AlexsMobs-26.2\src\main\java\com\github\alexthe666\alexsmobs\client\render\RenderMungus.java:33: error: RenderMungus is not abstract and does not override abstract method getTextureLocation(LivingEntityRenderState) in LivingEntityRenderer
public class RenderMungus extends MobRenderer<EntityMungus, LivingEntityRenderState, ModelMungus> {
       ^
C:\Users\justi\Documents\GitHub\AlexsMobs-26.2\src\main\java\com\github\alexthe666\alexsmobs\client\render\RenderMungus.java:43: error: incompatible types: MungusSackLayer cannot be converted to RenderLayer<LivingEntityRenderState,ModelMungus>
        this.addLayer(new MungusSackLayer(this));
                      ^
C:\Users\justi\Documents\GitHub\AlexsMobs-26.2\src\main\java\com\github\alexthe666\alexsmobs\client\render\RenderMungus.java:44: error: incompatible types: MungusMushroomLayer cannot be converted to RenderLayer<LivingEntityRenderState,ModelMungus>
        this.addLayer(new MungusMushroomLayer(this));
                      ^
C:\Users\justi\Documents\GitHub\AlexsMobs-26.2\src\main\java\com\github\alexthe666\alexsmobs\client\render\RenderMungus.java:52: error: cannot find symbol
        p_229108_0_.vertex(p_229108_1_, p_229108_3_, p_229108_4_, p_229108_5_).color(p_229108_6_, p_229108_7_, p_229108_8_, 255).uv(p_229108_9_, p_229108_10_).overlayCoords(OverlayTexture.NO_OVERLAY).uv2(240).normal(p_229108_2_, 0.0F, 1.0F, 0.0F).endVertex();
                   ^
  symbol:   method vertex(Matrix4f,float,float,float)
  location: variable p_229108_0_ of type VertexConsumer
C:\Users\justi\Documents\GitHub\AlexsMobs-26.2\src\main\java\com\github\alexthe666\alexsmobs\client\render\RenderMungus.java:65: error: method setupRotations in class LivingEntityRenderer<T,S,M> cannot be applied to given types;
            super.setupRotations(entityLiving, matrixStackIn, ageInTicks, rotationYaw, partialTicks);
                 ^
  required: LivingEntityRenderState,PoseStack,float,float
  found:    EntityMungus,PoseStack,float,float,float
  reason: actual and formal argument lists differ in length
  where T,S,M are type-variables:
    T extends LivingEntity declared in class LivingEntityRenderer
    S extends LivingEntityRenderState declared in class LivingEntityRenderer
    M extends EntityModel<? super S> declared in class LivingEntityRenderer
C:\Users\justi\Documents\GitHub\AlexsMobs-26.2\src\main\java\com\github\alexthe666\alexsmobs\client\render\RenderMungus.java:107: error: cannot find symbol
        super.render(entityIn, entityYaw, partialTicks, matrixStackIn, bufferIn, packedLightIn);
             ^
  symbol: method render(EntityMungus,float,float,PoseStack,OrderedSubmitNodeCollector,int)
C:\Users\justi\Documents\GitHub\AlexsMobs-26.2\src\main\java\com\github\alexthe666\alexsmobs\client\render\RenderMungus.java:156: error: cannot find symbol
            VertexConsumer ivertexbuilder = bufferIn.getBuffer(beamType);
                                                    ^
  symbol:   method getBuffer(RenderType)
  location: variable bufferIn of type OrderedSubmitNodeCollector
C:\Users\justi\Documents\GitHub\AlexsMobs-26.2\src\main\java\com\github\alexthe666\alexsmobs\client\render\RenderMungus.java:186: error: type argument EntityMungus is not within bounds of type-variable S
    static class MungusSackLayer extends RenderLayer<EntityMungus, ModelMungus> {
                                                     ^
  where S is a type-variable:
    S extends EntityRenderState declared in class RenderLayer
C:\Users\justi\Documents\GitHub\AlexsMobs-26.2\src\main\java\com\github\alexthe666\alexsmobs\client\render\RenderMungus.java:186: error: MungusSackLayer is not abstract and does not override abstract method submit(PoseStack,SubmitNodeCollector,int,EntityMungus,float,float) in RenderLayer
    static class MungusSackLayer extends RenderLayer<EntityMungus, ModelMungus> {
           ^
C:\Users\justi\Documents\GitHub\AlexsMobs-26.2\src\main\java\com\github\alexthe666\alexsmobs\client\render\RenderMungus.java:189: error: incompatible types: RenderMungus cannot be converted to RenderLayerParent<EntityMungus,ModelMungus>
            super(p_i50928_1_);
                  ^
C:\Users\justi\Documents\GitHub\AlexsMobs-26.2\src\main\java\com\github\alexthe666\alexsmobs\client\render\RenderMungus.java:193: error: cannot find symbol
            VertexConsumer lead = bufferIn.getBuffer(AMRenderTypes.getEyesFlickering(TEXTURE_SACK_OVERLAY, 0));
                                          ^
  symbol:   method getBuffer(RenderType)
  location: variable bufferIn of type OrderedSubmitNodeCollector
C:\Users\justi\Documents\GitHub\AlexsMobs-26.2\src\main\java\com\github\alexthe666\alexsmobs\client\render\RenderMungus.java:197: error: cannot find symbol
                VertexConsumer beam = bufferIn.getBuffer(AMRenderTypes.getGhost(TEXTURE_BEAM_OVERLAY));
                                              ^
  symbol:   method getBuffer(RenderType)
  location: variable bufferIn of type OrderedSubmitNodeCollector
C:\Users\justi\Documents\GitHub\AlexsMobs-26.2\src\main\java\com\github\alexthe666\alexsmobs\client\render\RenderMungus.java:199: error: incompatible types: EntityMungus cannot be converted to LivingEntityRenderState
                this.getParentModel().renderToBuffer(matrixStackIn, beam, 240, LivingEntityRenderer.getOverlayCoords(entitylivingbaseIn, 0), 1.0F, 1.0F, 1.0F, beamAlpha);
                                                                                                                     ^
C:\Users\justi\Documents\GitHub\AlexsMobs-26.2\src\main\java\com\github\alexthe666\alexsmobs\client\render\RenderMungus.java:203: error: cannot find symbol
                VertexConsumer shoeBuffer = bufferIn.getBuffer(AMRenderTypes.entityCutoutNoCull(TEXTURE_SHOES));
                                                    ^
  symbol:   method getBuffer(RenderType)
  location: variable bufferIn of type OrderedSubmitNodeCollector
C:\Users\justi\Documents\GitHub\AlexsMobs-26.2\src\main\java\com\github\alexthe666\alexsmobs\client\render\RenderMungus.java:213: error: type argument EntityMungus is not within bounds of type-variable S
    static class MungusMushroomLayer extends RenderLayer<EntityMungus, ModelMungus> {
                                                         ^
  where S is a type-variable:
    S extends EntityRenderState declared in class RenderLayer
C:\Users\justi\Documents\GitHub\AlexsMobs-26.2\src\main\java\com\github\alexthe666\alexsmobs\client\render\RenderMungus.java:213: error: MungusMushroomLayer is not abstract and does not override abstract method submit(PoseStack,SubmitNodeCollector,int,EntityMungus,float,float) in RenderLayer
    static class MungusMushroomLayer extends RenderLayer<EntityMungus, ModelMungus> {
           ^
C:\Users\justi\Documents\GitHub\AlexsMobs-26.2\src\main\java\com\github\alexthe666\alexsmobs\client\render\RenderMungus.java:216: error: incompatible types: RenderMungus cannot be converted to RenderLayerParent<EntityMungus,ModelMungus>
            super(p_i50928_1_);
                  ^
C:\Users\justi\Documents\GitHub\AlexsMobs-26.2\src\main\java\com\github\alexthe666\alexsmobs\client\render\RenderMungus.java:220: error: cannot find symbol
            BlockRenderDispatcher blockrendererdispatcher = Minecraft.getInstance().getBlockRenderer();
            ^
  symbol:   class BlockRenderDispatcher
  location: class MungusMushroomLayer
C:\Users\justi\Documents\GitHub\AlexsMobs-26.2\src\main\java\com\github\alexthe666\alexsmobs\client\render\RenderMungus.java:220: error: cannot find symbol
            BlockRenderDispatcher blockrendererdispatcher = Minecraft.getInstance().getBlockRenderer();
                                                                                   ^
  symbol:   method getBlockRenderer()
  location: class Minecraft
C:\Users\justi\Documents\GitHub\AlexsMobs-26.2\src\main\java\com\github\alexthe666\alexsmobs\client\render\RenderMungus.java:225: error: incompatible types: EntityMungus cannot be converted to LivingEntityRenderState
            int i = LivingEntityRenderer.getOverlayCoords(entitylivingbaseIn, 0.0F);
                                                          ^
C:\Users\justi\Documents\GitHub\AlexsMobs-26.2\src\main\java\com\github\alexthe666\alexsmobs\client\render\RenderMurmurBody.java:18: error: type argument ModelMurmurBody is not within bounds of type-variable M
public class RenderMurmurBody extends MobRenderer<EntityMurmur, LivingEntityRenderState, ModelMurmurBody> {
                                                                                         ^
  where M,S are type-variables:
    M extends EntityModel<? super S> declared in class MobRenderer
    S extends LivingEntityRenderState declared in class MobRenderer
C:\Users\justi\Documents\GitHub\AlexsMobs-26.2\src\main\java\com\github\alexthe666\alexsmobs\client\render\RenderMurmurBody.java:18: error: RenderMurmurBody is not abstract and does not override abstract method getTextureLocation(LivingEntityRenderState) in LivingEntityRenderer
public class RenderMurmurBody extends MobRenderer<EntityMurmur, LivingEntityRenderState, ModelMurmurBody> {
       ^
C:\Users\justi\Documents\GitHub\AlexsMobs-26.2\src\main\java\com\github\alexthe666\alexsmobs\client\render\RenderMurmurBody.java:34: error: cannot find symbol
        super.render(body, entityYaw, partialTicks, matrixStackIn, bufferIn, packedLightIn);
             ^
  symbol: method render(EntityMurmur,float,float,PoseStack,OrderedSubmitNodeCollector,int)
C:\Users\justi\Documents\GitHub\AlexsMobs-26.2\src\main\java\com\github\alexthe666\alexsmobs\client\render\RenderMurmurBody.java:37: error: cannot find symbol
            float f7 = this.getBob(body, partialTicks);
                           ^
  symbol: method getBob(EntityMurmur,float)
C:\Users\justi\Documents\GitHub\AlexsMobs-26.2\src\main\java\com\github\alexthe666\alexsmobs\client\render\RenderMurmurBody.java:39: error: method getWhiteOverlayProgress in class LivingEntityRenderer<T,S,M> cannot be applied to given types;
            int overlayCoords = getOverlayCoords(body, this.getWhiteOverlayProgress(body, partialTicks));
                                                           ^
  required: LivingEntityRenderState
  found:    EntityMurmur,float
  reason: actual and formal argument lists differ in length
  where T,S,M are type-variables:
    T extends LivingEntity declared in class LivingEntityRenderer
    S extends LivingEntityRenderState declared in class LivingEntityRenderer
    M extends EntityModel<? super S> declared in class LivingEntityRenderer
C:\Users\justi\Documents\GitHub\AlexsMobs-26.2\src\main\java\com\github\alexthe666\alexsmobs\client\render\RenderMurmurBody.java:41: error: method setupRotations in class LivingEntityRenderer<T,S,M> cannot be applied to given types;
            this.setupRotations(body, matrixStackIn, f7, f, partialTicks);
                ^
  required: LivingEntityRenderState,PoseStack,float,float
  found:    EntityMurmur,PoseStack,float,float,float
  reason: actual and formal argument lists differ in length
  where T,S,M are type-variables:
    T extends LivingEntity declared in class LivingEntityRenderer
    S extends LivingEntityRenderState declared in class LivingEntityRenderer
    M extends EntityModel<? super S> declared in class LivingEntityRenderer
C:\Users\justi\Documents\GitHub\AlexsMobs-26.2\src\main\java\com\github\alexthe666\alexsmobs\client\render\RenderMurmurBody.java:48: error: cannot find symbol
            HEAD_MODEL.renderToBuffer(matrixStackIn, bufferIn.getBuffer(RenderType.entityCutout(loc)), packedLightIn, overlayCoords, net.minecraft.util.ARGB.color((int)((1) * 255F), (int)((1) * 255F), (int)((1F) * 255F), (int)((1) * 255F)));
                                                                                  ^
  symbol:   method entityCutout(Identifier)
  location: class RenderType
C:\Users\justi\Documents\GitHub\AlexsMobs-26.2\src\main\java\com\github\alexthe666\alexsmobs\client\render\RenderMurmurBody.java:52: error: cannot find symbol
            NECK_MODEL.renderToBuffer(matrixStackIn, bufferIn.getBuffer(RenderType.entityCutout(loc)), packedLightIn, overlayCoords, net.minecraft.util.ARGB.color((int)((1) * 255F), (int)((1) * 255F), (int)((1F) * 255F), (int)((1) * 255F)));
                                                                                  ^
  symbol:   method entityCutout(Identifier)
  location: class RenderType
C:\Users\justi\Documents\GitHub\AlexsMobs-26.2\src\main\java\com\github\alexthe666\alexsmobs\client\render\RenderMurmurHead.java:24: error: type argument ModelMurmurHead is not within bounds of type-variable M
public class RenderMurmurHead extends MobRenderer<EntityMurmurHead, LivingEntityRenderState, ModelMurmurHead> {
                                                                                             ^
  where M,S are type-variables:
    M extends EntityModel<? super S> declared in class MobRenderer
    S extends LivingEntityRenderState declared in class MobRenderer
C:\Users\justi\Documents\GitHub\AlexsMobs-26.2\src\main\java\com\github\alexthe666\alexsmobs\client\render\RenderMurmurHead.java:24: error: RenderMurmurHead is not abstract and does not override abstract method getTextureLocation(LivingEntityRenderState) in LivingEntityRenderer
public class RenderMurmurHead extends MobRenderer<EntityMurmurHead, LivingEntityRenderState, ModelMurmurHead> {
       ^
C:\Users\justi\Documents\GitHub\AlexsMobs-26.2\src\main\java\com\github\alexthe666\alexsmobs\client\render\RenderMurmurHead.java:54: error: cannot find symbol
        super.render(head, entityYaw, partialTicks, matrixStackIn, bufferIn, packedLightIn);
             ^
  symbol: method render(EntityMurmurHead,float,float,PoseStack,OrderedSubmitNodeCollector,int)
C:\Users\justi\Documents\GitHub\AlexsMobs-26.2\src\main\java\com\github\alexthe666\alexsmobs\client\render\RenderMurmurHead.java:63: error: cannot find symbol
            RenderType renderType = RenderType.entityCutout(getTextureLocation(head));
                                              ^
  symbol:   method entityCutout(Identifier)
  location: class RenderType
C:\Users\justi\Documents\GitHub\AlexsMobs-26.2\src\main\java\com\github\alexthe666\alexsmobs\client\render\RenderMurmurHead.java:64: error: method getWhiteOverlayProgress in class LivingEntityRenderer<T,S,M> cannot be applied to given types;
            int overlayCoords = getOverlayCoords(head, this.getWhiteOverlayProgress(head, partialTicks));
                                                           ^
  required: LivingEntityRenderState
  found:    EntityMurmurHead,float
  reason: actual and formal argument lists differ in length
  where T,S,M are type-variables:
    T extends LivingEntity declared in class LivingEntityRenderer
    S extends LivingEntityRenderState declared in class LivingEntityRenderer
    M extends EntityModel<? super S> declared in class LivingEntityRenderer
C:\Users\justi\Documents\GitHub\AlexsMobs-26.2\src\main\java\com\github\alexthe666\alexsmobs\client\render\RenderMurmurHead.java:75: error: cannot find symbol
                renderNeckCube(currentNeckButt, next, matrixStackIn, bufferIn.getBuffer(renderType), neckLight, overlayCoords, headYaw);
                                                                             ^
  symbol:   method getBuffer(RenderType)
  location: variable bufferIn of type OrderedSubmitNodeCollector
C:\Users\justi\Documents\GitHub\AlexsMobs-26.2\src\main\java\com\github\alexthe666\alexsmobs\client\render\RenderMurmurHead.java:105: error: cannot find symbol
            int i = LevelRenderer.getLightColor(head.level(), blockpos);
                                 ^
  symbol:   method getLightColor(Level,BlockPos)
  location: class LevelRenderer
C:\Users\justi\Documents\GitHub\AlexsMobs-26.2\src\main\java\com\github\alexthe666\alexsmobs\client\render\RenderMurmurHead.java:106: error: cannot find symbol
            int j = LevelRenderer.getLightColor(head.level(), blockpos.above());
                                 ^
  symbol:   method getLightColor(Level,BlockPos)
  location: class LevelRenderer
C:\Users\justi\Documents\GitHub\AlexsMobs-26.2\src\main\java\com\github\alexthe666\alexsmobs\client\render\RenderNothing.java:11: error: RenderNothing is not abstract and does not override abstract method getTextureLocation(LivingEntityRenderState) in LivingEntityRenderer
public class RenderNothing extends LivingEntityRenderer {
       ^
C:\Users\justi\Documents\GitHub\AlexsMobs-26.2\src\main\java\com\github\alexthe666\alexsmobs\client\render\RenderNothing.java:18: error: method does not override or implement a method from a supertype
    @Override
    ^
C:\Users\justi\Documents\GitHub\AlexsMobs-26.2\src\main\java\com\github\alexthe666\alexsmobs\client\render\RenderNothing.java:24: error: method shouldShowName in class LivingEntityRenderer<T,S,M> cannot be applied to given types;
        return super.shouldShowName(entity) && (entity.shouldShowName() || entity.hasCustomName() && entity == this.entityRenderDispatcher.crosshairPickEntity);
                    ^
  required: LivingEntity,double
  found:    LivingEntity
  reason: actual and formal argument lists differ in length
  where T,S,M are type-variables:
    T extends LivingEntity declared in class LivingEntityRenderer
    S extends LivingEntityRenderState declared in class LivingEntityRenderer
    M extends EntityModel<? super S> declared in class LivingEntityRenderer
C:\Users\justi\Documents\GitHub\AlexsMobs-26.2\src\main\java\com\github\alexthe666\alexsmobs\client\render\RenderNothing.java:26: error: method does not override or implement a method from a supertype
    @Override
    ^
C:\Users\justi\Documents\GitHub\AlexsMobs-26.2\src\main\java\com\github\alexthe666\alexsmobs\client\render\RenderOrca.java:13: error: type argument ModelOrca is not within bounds of type-variable M
public class RenderOrca extends MobRenderer<EntityOrca, LivingEntityRenderState, ModelOrca> {
                                                                                 ^
  where M,S are type-variables:
    M extends EntityModel<? super S> declared in class MobRenderer
    S extends LivingEntityRenderState declared in class MobRenderer
C:\Users\justi\Documents\GitHub\AlexsMobs-26.2\src\main\java\com\github\alexthe666\alexsmobs\client\render\RenderOrca.java:13: error: RenderOrca is not abstract and does not override abstract method getTextureLocation(LivingEntityRenderState) in LivingEntityRenderer
public class RenderOrca extends MobRenderer<EntityOrca, LivingEntityRenderState, ModelOrca> {
       ^
C:\Users\justi\Documents\GitHub\AlexsMobs-26.2\src\main\java\com\github\alexthe666\alexsmobs\client\render\RenderPlatypus.java:18: error: type argument ModelPlatypus is not within bounds of type-variable M
public class RenderPlatypus extends MobRenderer<EntityPlatypus, LivingEntityRenderState, ModelPlatypus> {
                                                                                         ^
  where M,S are type-variables:
    M extends EntityModel<? super S> declared in class MobRenderer
    S extends LivingEntityRenderState declared in class MobRenderer
C:\Users\justi\Documents\GitHub\AlexsMobs-26.2\src\main\java\com\github\alexthe666\alexsmobs\client\render\RenderPlatypus.java:18: error: RenderPlatypus is not abstract and does not override abstract method getTextureLocation(LivingEntityRenderState) in LivingEntityRenderer
public class RenderPlatypus extends MobRenderer<EntityPlatypus, LivingEntityRenderState, ModelPlatypus> {
       ^
C:\Users\justi\Documents\GitHub\AlexsMobs-26.2\src\main\java\com\github\alexthe666\alexsmobs\client\render\RenderPlatypus.java:24: error: incompatible types: FedoraLayer cannot be converted to RenderLayer<LivingEntityRenderState,ModelPlatypus>
        this.addLayer(new FedoraLayer(this));
                      ^
C:\Users\justi\Documents\GitHub\AlexsMobs-26.2\src\main\java\com\github\alexthe666\alexsmobs\client\render\RenderPlatypus.java:35: error: type argument EntityPlatypus is not within bounds of type-variable S
    static class FedoraLayer extends RenderLayer<EntityPlatypus, ModelPlatypus> {
                                                 ^
  where S is a type-variable:
    S extends EntityRenderState declared in class RenderLayer
C:\Users\justi\Documents\GitHub\AlexsMobs-26.2\src\main\java\com\github\alexthe666\alexsmobs\client\render\RenderPlatypus.java:35: error: FedoraLayer is not abstract and does not override abstract method submit(PoseStack,SubmitNodeCollector,int,EntityPlatypus,float,float) in RenderLayer
    static class FedoraLayer extends RenderLayer<EntityPlatypus, ModelPlatypus> {
           ^
C:\Users\justi\Documents\GitHub\AlexsMobs-26.2\src\main\java\com\github\alexthe666\alexsmobs\client\render\RenderPlatypus.java:39: error: incompatible types: RenderPlatypus cannot be converted to RenderLayerParent<EntityPlatypus,ModelPlatypus>
            super(renderGrizzlyBear);
                  ^
C:\Users\justi\Documents\GitHub\AlexsMobs-26.2\src\main\java\com\github\alexthe666\alexsmobs\client\render\RenderPlatypus.java:44: error: cannot find symbol
                VertexConsumer ivertexbuilder = bufferIn.getBuffer(RenderType.entityCutout(TEXTURE));
                                                                             ^
  symbol:   method entityCutout(Identifier)
  location: class RenderType
C:\Users\justi\Documents\GitHub\AlexsMobs-26.2\src\main\java\com\github\alexthe666\alexsmobs\client\render\RenderPlatypus.java:45: error: incompatible types: EntityPlatypus cannot be converted to LivingEntityRenderState
                this.getParentModel().renderToBuffer(matrixStackIn, ivertexbuilder, packedLightIn, LivingEntityRenderer.getOverlayCoords(entitylivingbaseIn, 0.0F), 1.0F, 1.0F, 1.0F, 1.0F);
                                                                                                                                         ^
C:\Users\justi\Documents\GitHub\AlexsMobs-26.2\src\main\java\com\github\alexthe666\alexsmobs\client\render\RenderPollenBall.java:17: error: RenderPollenBall is not abstract and does not override abstract method createRenderState() in EntityRenderer
public class RenderPollenBall extends EntityRenderer<EntityPollenBall, EntityRenderState> {
       ^
C:\Users\justi\Documents\GitHub\AlexsMobs-26.2\src\main\java\com\github\alexthe666\alexsmobs\client\render\RenderPollenBall.java:24: error: method does not override or implement a method from a supertype
    @Override
    ^
C:\Users\justi\Documents\GitHub\AlexsMobs-26.2\src\main\java\com\github\alexthe666\alexsmobs\client\render\RenderPollenBall.java:29: error: method does not override or implement a method from a supertype
    @Override
    ^
C:\Users\justi\Documents\GitHub\AlexsMobs-26.2\src\main\java\com\github\alexthe666\alexsmobs\client\render\RenderPollenBall.java:38: error: cannot find symbol
        VertexConsumer ivertexbuilder = bufferIn.getBuffer(AMRenderTypes.getFullBright(getTextureLocation(entityIn)));
                                                ^
  symbol:   method getBuffer(RenderType)
  location: variable bufferIn of type OrderedSubmitNodeCollector
C:\Users\justi\Documents\GitHub\AlexsMobs-26.2\src\main\java\com\github\alexthe666\alexsmobs\entity\EntityPollenBall.java:13: error: EntityPollenBall is not abstract and does not override abstract method hurtServer(ServerLevel,DamageSource,float) in Entity
public class EntityPollenBall extends EntityMobProjectile {
       ^
C:\Users\justi\Documents\GitHub\AlexsMobs-26.2\src\main\java\com\github\alexthe666\alexsmobs\entity\EntityPollenBall.java:35: error: method kill in class Entity cannot be applied to given types;
                this.kill();
                    ^
  required: ServerLevel
  found:    no arguments
  reason: actual and formal argument lists differ in length
C:\Users\justi\Documents\GitHub\AlexsMobs-26.2\src\main\java\com\github\alexthe666\alexsmobs\client\render\RenderPotoo.java:24: error: type argument ModelPotoo is not within bounds of type-variable M
public class RenderPotoo extends MobRenderer<EntityPotoo, LivingEntityRenderState, ModelPotoo> {
                                                                                   ^
  where M,S are type-variables:
    M extends EntityModel<? super S> declared in class MobRenderer
    S extends LivingEntityRenderState declared in class MobRenderer
C:\Users\justi\Documents\GitHub\AlexsMobs-26.2\src\main\java\com\github\alexthe666\alexsmobs\client\render\RenderPotoo.java:24: error: RenderPotoo is not abstract and does not override abstract method getTextureLocation(LivingEntityRenderState) in LivingEntityRenderer
public class RenderPotoo extends MobRenderer<EntityPotoo, LivingEntityRenderState, ModelPotoo> {
       ^
C:\Users\justi\Documents\GitHub\AlexsMobs-26.2\src\main\java\com\github\alexthe666\alexsmobs\client\render\RenderRainFrog.java:13: error: type argument ModelRainFrog is not within bounds of type-variable M
public class RenderRainFrog extends MobRenderer<EntityRainFrog, LivingEntityRenderState, ModelRainFrog> {
                                                                                         ^
  where M,S are type-variables:
    M extends EntityModel<? super S> declared in class MobRenderer
    S extends LivingEntityRenderState declared in class MobRenderer
C:\Users\justi\Documents\GitHub\AlexsMobs-26.2\src\main\java\com\github\alexthe666\alexsmobs\client\render\RenderRainFrog.java:13: error: RenderRainFrog is not abstract and does not override abstract method getTextureLocation(LivingEntityRenderState) in LivingEntityRenderer
public class RenderRainFrog extends MobRenderer<EntityRainFrog, LivingEntityRenderState, ModelRainFrog> {
       ^
C:\Users\justi\Documents\GitHub\AlexsMobs-26.2\src\main\java\com\github\alexthe666\alexsmobs\client\render\RenderRattlesnake.java:13: error: type argument ModelRattlesnake is not within bounds of type-variable M
public class RenderRattlesnake extends MobRenderer<EntityRattlesnake, LivingEntityRenderState, ModelRattlesnake> {
                                                                                               ^
  where M,S are type-variables:
    M extends EntityModel<? super S> declared in class MobRenderer
    S extends LivingEntityRenderState declared in class MobRenderer
C:\Users\justi\Documents\GitHub\AlexsMobs-26.2\src\main\java\com\github\alexthe666\alexsmobs\client\render\RenderRattlesnake.java:13: error: RenderRattlesnake is not abstract and does not override abstract method getTextureLocation(LivingEntityRenderState) in LivingEntityRenderer
public class RenderRattlesnake extends MobRenderer<EntityRattlesnake, LivingEntityRenderState, ModelRattlesnake> {
       ^
C:\Users\justi\Documents\GitHub\AlexsMobs-26.2\src\main\java\com\github\alexthe666\alexsmobs\client\render\RenderRhinoceros.java:16: error: type argument ModelRhinoceros is not within bounds of type-variable M
public class RenderRhinoceros extends MobRenderer<EntityRhinoceros, LivingEntityRenderState, ModelRhinoceros> {
                                                                                             ^
  where M,S are type-variables:
    M extends EntityModel<? super S> declared in class MobRenderer
    S extends LivingEntityRenderState declared in class MobRenderer
C:\Users\justi\Documents\GitHub\AlexsMobs-26.2\src\main\java\com\github\alexthe666\alexsmobs\client\render\RenderRhinoceros.java:16: error: RenderRhinoceros is not abstract and does not override abstract method getTextureLocation(LivingEntityRenderState) in LivingEntityRenderer
public class RenderRhinoceros extends MobRenderer<EntityRhinoceros, LivingEntityRenderState, ModelRhinoceros> {
       ^
C:\Users\justi\Documents\GitHub\AlexsMobs-26.2\src\main\java\com\github\alexthe666\alexsmobs\client\render\RenderRhinoceros.java:23: error: incompatible types: PotionLayer cannot be converted to RenderLayer<LivingEntityRenderState,ModelRhinoceros>
        this.addLayer(new PotionLayer(this));
                      ^
C:\Users\justi\Documents\GitHub\AlexsMobs-26.2\src\main\java\com\github\alexthe666\alexsmobs\client\render\RenderRhinoceros.java:35: error: type argument EntityRhinoceros is not within bounds of type-variable S
    private static class PotionLayer extends RenderLayer<EntityRhinoceros, ModelRhinoceros> {
                                                         ^
  where S is a type-variable:
    S extends EntityRenderState declared in class RenderLayer
C:\Users\justi\Documents\GitHub\AlexsMobs-26.2\src\main\java\com\github\alexthe666\alexsmobs\client\render\RenderRhinoceros.java:35: error: PotionLayer is not abstract and does not override abstract method submit(PoseStack,SubmitNodeCollector,int,EntityRhinoceros,float,float) in RenderLayer
    private static class PotionLayer extends RenderLayer<EntityRhinoceros, ModelRhinoceros> {
                   ^
C:\Users\justi\Documents\GitHub\AlexsMobs-26.2\src\main\java\com\github\alexthe666\alexsmobs\client\render\RenderRhinoceros.java:37: error: incompatible types: RenderRhinoceros cannot be converted to RenderLayerParent<EntityRhinoceros,ModelRhinoceros>
            super(parent);
                  ^
C:\Users\justi\Documents\GitHub\AlexsMobs-26.2\src\main\java\com\github\alexthe666\alexsmobs\client\render\RenderRhinoceros.java:46: error: cannot find symbol
                this.getParentModel().renderToBuffer(p_225628_1_, p_225628_2_.getBuffer(AMRenderTypes.entityCutoutNoCull(TEXTURE_POTION)), p_225628_3_, OverlayTexture.NO_OVERLAY, net.minecraft.util.ARGB.color((int)((1.0F) * 255F), (int)((r) * 255F), (int)((g) * 255F), (int)((b) * 255F)));
                                                                             ^
  symbol:   method getBuffer(RenderType)
  location: variable p_225628_2_ of type OrderedSubmitNodeCollector
C:\Users\justi\Documents\GitHub\AlexsMobs-26.2\src\main\java\com\github\alexthe666\alexsmobs\client\render\RenderRoadrunner.java:12: error: type argument ModelRoadrunner is not within bounds of type-variable M
public class RenderRoadrunner extends MobRenderer<EntityRoadrunner, LivingEntityRenderState, ModelRoadrunner> {
                                                                                             ^
  where M,S are type-variables:
    M extends EntityModel<? super S> declared in class MobRenderer
    S extends LivingEntityRenderState declared in class MobRenderer
C:\Users\justi\Documents\GitHub\AlexsMobs-26.2\src\main\java\com\github\alexthe666\alexsmobs\client\render\RenderRoadrunner.java:12: error: RenderRoadrunner is not abstract and does not override abstract method getTextureLocation(LivingEntityRenderState) in LivingEntityRenderer
public class RenderRoadrunner extends MobRenderer<EntityRoadrunner, LivingEntityRenderState, ModelRoadrunner> {
       ^
C:\Users\justi\Documents\GitHub\AlexsMobs-26.2\src\main\java\com\github\alexthe666\alexsmobs\client\render\RenderRockyRoller.java:13: error: type argument ModelRockyRoller is not within bounds of type-variable M
public class RenderRockyRoller extends MobRenderer<EntityRockyRoller, LivingEntityRenderState, ModelRockyRoller> {
                                                                                               ^
  where M,S are type-variables:
    M extends EntityModel<? super S> declared in class MobRenderer
    S extends LivingEntityRenderState declared in class MobRenderer
C:\Users\justi\Documents\GitHub\AlexsMobs-26.2\src\main\java\com\github\alexthe666\alexsmobs\client\render\RenderRockyRoller.java:13: error: RenderRockyRoller is not abstract and does not override abstract method getTextureLocation(LivingEntityRenderState) in LivingEntityRenderer
public class RenderRockyRoller extends MobRenderer<EntityRockyRoller, LivingEntityRenderState, ModelRockyRoller> {
       ^
C:\Users\justi\Documents\GitHub\AlexsMobs-26.2\src\main\java\com\github\alexthe666\alexsmobs\client\render\RenderSandShot.java:20: error: RenderSandShot is not abstract and does not override abstract method createRenderState() in EntityRenderer
public class RenderSandShot extends EntityRenderer<EntitySandShot, EntityRenderState> {
       ^
C:\Users\justi\Documents\GitHub\AlexsMobs-26.2\src\main\java\com\github\alexthe666\alexsmobs\client\render\RenderSandShot.java:26: error: cannot infer type arguments for LlamaSpitModel
        model = new LlamaSpitModel<>(renderManagerIn.bakeLayer(ModelLayers.LLAMA_SPIT));
                                  ^
  reason: cannot use '<>' with non-generic class LlamaSpitModel
C:\Users\justi\Documents\GitHub\AlexsMobs-26.2\src\main\java\com\github\alexthe666\alexsmobs\client\render\RenderSandShot.java:39: error: cannot find symbol
        VertexConsumer ivertexbuilder = bufferIn.getBuffer(this.model.renderType(SAND_SHOT));
                                                ^
  symbol:   method getBuffer(RenderType)
  location: variable bufferIn of type OrderedSubmitNodeCollector
C:\Users\justi\Documents\GitHub\AlexsMobs-26.2\src\main\java\com\github\alexthe666\alexsmobs\client\render\RenderSandShot.java:42: error: cannot find symbol
        super.render(entityIn, entityYaw, partialTicks, matrixStackIn, bufferIn, packedLightIn);
             ^
  symbol: method render(EntitySandShot,float,float,PoseStack,OrderedSubmitNodeCollector,int)
C:\Users\justi\Documents\GitHub\AlexsMobs-26.2\src\main\java\com\github\alexthe666\alexsmobs\entity\EntitySandShot.java:35: error: EntitySandShot is not abstract and does not override abstract method hurtServer(ServerLevel,DamageSource,float) in Entity
public class EntitySandShot extends Entity {
       ^
C:\Users\justi\Documents\GitHub\AlexsMobs-26.2\src\main\java\com\github\alexthe666\alexsmobs\entity\EntitySandShot.java:241: error: cannot find symbol
            this.moveTo(this.getX(), this.getY(), this.getZ(), this.getYRot(), this.getXRot());
                ^
  symbol: method moveTo(double,double,double,float,float)
C:\Users\justi\Documents\GitHub\AlexsMobs-26.2\src\main\java\com\github\alexthe666\alexsmobs\client\render\RenderSeaBear.java:13: error: type argument ModelSeaBear is not within bounds of type-variable M
public class RenderSeaBear extends MobRenderer<EntitySeaBear, LivingEntityRenderState, ModelSeaBear> {
                                                                                       ^
  where M,S are type-variables:
    M extends EntityModel<? super S> declared in class MobRenderer
    S extends LivingEntityRenderState declared in class MobRenderer
C:\Users\justi\Documents\GitHub\AlexsMobs-26.2\src\main\java\com\github\alexthe666\alexsmobs\client\render\RenderSeaBear.java:13: error: RenderSeaBear is not abstract and does not override abstract method getTextureLocation(LivingEntityRenderState) in LivingEntityRenderer
public class RenderSeaBear extends MobRenderer<EntitySeaBear, LivingEntityRenderState, ModelSeaBear> {
       ^
C:\Users\justi\Documents\GitHub\AlexsMobs-26.2\src\main\java\com\github\alexthe666\alexsmobs\client\render\RenderSeagull.java:21: error: type argument ModelSeagull is not within bounds of type-variable M
public class RenderSeagull extends MobRenderer<EntitySeagull, LivingEntityRenderState, ModelSeagull> {
                                                                                       ^
  where M,S are type-variables:
    M extends EntityModel<? super S> declared in class MobRenderer
    S extends LivingEntityRenderState declared in class MobRenderer
C:\Users\justi\Documents\GitHub\AlexsMobs-26.2\src\main\java\com\github\alexthe666\alexsmobs\client\render\RenderSeagull.java:21: error: RenderSeagull is not abstract and does not override abstract method getTextureLocation(LivingEntityRenderState) in LivingEntityRenderer
public class RenderSeagull extends MobRenderer<EntitySeagull, LivingEntityRenderState, ModelSeagull> {
       ^
C:\Users\justi\Documents\GitHub\AlexsMobs-26.2\src\main\java\com\github\alexthe666\alexsmobs\client\render\RenderSeagull.java:27: error: incompatible types: LayerHeldItem cannot be converted to RenderLayer<LivingEntityRenderState,ModelSeagull>
        this.addLayer(new LayerHeldItem(this));
                      ^
C:\Users\justi\Documents\GitHub\AlexsMobs-26.2\src\main\java\com\github\alexthe666\alexsmobs\client\render\RenderSeagull.java:37: error: type argument EntitySeagull is not within bounds of type-variable S
    static class LayerHeldItem extends RenderLayer<EntitySeagull, ModelSeagull> {
                                                   ^
  where S is a type-variable:
    S extends EntityRenderState declared in class RenderLayer
C:\Users\justi\Documents\GitHub\AlexsMobs-26.2\src\main\java\com\github\alexthe666\alexsmobs\client\render\RenderSeagull.java:37: error: LayerHeldItem is not abstract and does not override abstract method submit(PoseStack,SubmitNodeCollector,int,EntitySeagull,float,float) in RenderLayer
    static class LayerHeldItem extends RenderLayer<EntitySeagull, ModelSeagull> {
           ^
C:\Users\justi\Documents\GitHub\AlexsMobs-26.2\src\main\java\com\github\alexthe666\alexsmobs\client\render\RenderSeagull.java:40: error: incompatible types: RenderSeagull cannot be converted to RenderLayerParent<EntitySeagull,ModelSeagull>
            super(render);
                  ^
C:\Users\justi\Documents\GitHub\AlexsMobs-26.2\src\main\java\com\github\alexthe666\alexsmobs\client\render\RenderSeagull.java:56: error: method renderItem in class ItemInHandRenderer cannot be applied to given types;
            renderer.renderItem(entitylivingbaseIn, itemstack, ItemDisplayContext.GROUND, false, matrixStackIn, bufferIn, packedLightIn);
                    ^
  required: LivingEntity,ItemStack,ItemDisplayContext,PoseStack,SubmitNodeCollector,int
  found:    EntitySeagull,ItemStack,ItemDisplayContext,boolean,PoseStack,OrderedSubmitNodeCollector,int
  reason: actual and formal argument lists differ in length
C:\Users\justi\Documents\GitHub\AlexsMobs-26.2\src\main\java\com\github\alexthe666\alexsmobs\entity\EntitySharkToothArrow.java:41: error: cannot find symbol
        if (damage >= 3.0F && player.getUseItem().getItem().canPerformAction(player.getUseItem(), ItemAbilities.SHIELD_BLOCK)) {
                                                                                                               ^
  symbol:   variable SHIELD_BLOCK
  location: class ItemAbilities
C:\Users\justi\Documents\GitHub\AlexsMobs-26.2\src\main\java\com\github\alexthe666\alexsmobs\entity\EntitySharkToothArrow.java:44: error: no suitable method found for hurtAndBreak(int,Player,(p_213360_[...]T); })
            player.getUseItem().hurtAndBreak(i, player, (p_213360_0_) -> {
                               ^
    method ItemStack.hurtAndBreak(int,LivingEntity,InteractionHand) is not applicable
      (argument mismatch; InteractionHand is not a functional interface)
    method ItemStack.hurtAndBreak(int,LivingEntity,EquipmentSlot) is not applicable
      (argument mismatch; EquipmentSlot is not a functional interface)
C:\Users\justi\Documents\GitHub\AlexsMobs-26.2\src\main\java\com\github\alexthe666\alexsmobs\entity\EntitySharkToothArrow.java:50: error: cannot find symbol
                net.neoforged.neoforge.event.ForgeEventFactory.onPlayerDestroyItem(player, copyBeforeUse, Hand);
                                            ^
  symbol:   class ForgeEventFactory
  location: package net.neoforged.neoforge.event
C:\Users\justi\Documents\GitHub\AlexsMobs-26.2\src\main\java\com\github\alexthe666\alexsmobs\entity\EntitySharkToothArrow.java:53: error: cannot find symbol
                    this.setItemSlot(EquipmentSlot.MAINHAND, ItemStack.EMPTY);
                        ^
  symbol: method setItemSlot(EquipmentSlot,ItemStack)
C:\Users\justi\Documents\GitHub\AlexsMobs-26.2\src\main\java\com\github\alexthe666\alexsmobs\entity\EntitySharkToothArrow.java:55: error: cannot find symbol
                    this.setItemSlot(EquipmentSlot.OFFHAND, ItemStack.EMPTY);
                        ^
  symbol: method setItemSlot(EquipmentSlot,ItemStack)
C:\Users\justi\Documents\GitHub\AlexsMobs-26.2\src\main\java\com\github\alexthe666\alexsmobs\entity\EntitySharkToothArrow.java:65: error: cannot find symbol
            this.damageShield((Player) living, (float) this.getBaseDamage());
                                                           ^
  symbol: method getBaseDamage()
C:\Users\justi\Documents\GitHub\AlexsMobs-26.2\src\main\java\com\github\alexthe666\alexsmobs\entity\EntitySharkToothArrow.java:68: error: cannot find symbol
        if(living.getMobType() == MobType.WATER || living instanceof Drowned || living.getMobType() != MobType.UNDEAD && living.canBreatheUnderwater()){
                 ^
  symbol:   method getMobType()
  location: variable living of type LivingEntity
C:\Users\justi\Documents\GitHub\AlexsMobs-26.2\src\main\java\com\github\alexthe666\alexsmobs\entity\EntitySharkToothArrow.java:68: error: cannot find symbol
        if(living.getMobType() == MobType.WATER || living instanceof Drowned || living.getMobType() != MobType.UNDEAD && living.canBreatheUnderwater()){
                                  ^
  symbol:   variable MobType
  location: class EntitySharkToothArrow
C:\Users\justi\Documents\GitHub\AlexsMobs-26.2\src\main\java\com\github\alexthe666\alexsmobs\entity\EntitySharkToothArrow.java:68: error: cannot find symbol
        if(living.getMobType() == MobType.WATER || living instanceof Drowned || living.getMobType() != MobType.UNDEAD && living.canBreatheUnderwater()){
                                                                                      ^
  symbol:   method getMobType()
  location: variable living of type LivingEntity
C:\Users\justi\Documents\GitHub\AlexsMobs-26.2\src\main\java\com\github\alexthe666\alexsmobs\entity\EntitySharkToothArrow.java:68: error: cannot find symbol
        if(living.getMobType() == MobType.WATER || living instanceof Drowned || living.getMobType() != MobType.UNDEAD && living.canBreatheUnderwater()){
                                                                                                       ^
  symbol:   variable MobType
  location: class EntitySharkToothArrow
C:\Users\justi\Documents\GitHub\AlexsMobs-26.2\src\main\java\com\github\alexthe666\alexsmobs\client\render\RenderShoebill.java:13: error: type argument ModelShoebill is not within bounds of type-variable M
public class RenderShoebill extends MobRenderer<EntityShoebill, LivingEntityRenderState, ModelShoebill> {
                                                                                         ^
  where M,S are type-variables:
    M extends EntityModel<? super S> declared in class MobRenderer
    S extends LivingEntityRenderState declared in class MobRenderer
C:\Users\justi\Documents\GitHub\AlexsMobs-26.2\src\main\java\com\github\alexthe666\alexsmobs\client\render\RenderShoebill.java:13: error: RenderShoebill is not abstract and does not override abstract method getTextureLocation(LivingEntityRenderState) in LivingEntityRenderer
public class RenderShoebill extends MobRenderer<EntityShoebill, LivingEntityRenderState, ModelShoebill> {
       ^
C:\Users\justi\Documents\GitHub\AlexsMobs-26.2\src\main\java\com\github\alexthe666\alexsmobs\client\render\RenderSkelewag.java:14: error: type argument ModelSkelewag is not within bounds of type-variable M
public class RenderSkelewag extends MobRenderer<EntitySkelewag, LivingEntityRenderState, ModelSkelewag> {
                                                                                         ^
  where M,S are type-variables:
    M extends EntityModel<? super S> declared in class MobRenderer
    S extends LivingEntityRenderState declared in class MobRenderer
C:\Users\justi\Documents\GitHub\AlexsMobs-26.2\src\main\java\com\github\alexthe666\alexsmobs\client\render\RenderSkelewag.java:14: error: RenderSkelewag is not abstract and does not override abstract method getTextureLocation(LivingEntityRenderState) in LivingEntityRenderer
public class RenderSkelewag extends MobRenderer<EntitySkelewag, LivingEntityRenderState, ModelSkelewag> {
       ^
C:\Users\justi\Documents\GitHub\AlexsMobs-26.2\src\main\java\com\github\alexthe666\alexsmobs\client\render\RenderSkreecher.java:17: error: type argument ModelSkreecher is not within bounds of type-variable M
public class RenderSkreecher extends MobRenderer<EntitySkreecher, LivingEntityRenderState, ModelSkreecher> {
                                                                                           ^
  where M,S are type-variables:
    M extends EntityModel<? super S> declared in class MobRenderer
    S extends LivingEntityRenderState declared in class MobRenderer
C:\Users\justi\Documents\GitHub\AlexsMobs-26.2\src\main\java\com\github\alexthe666\alexsmobs\client\render\RenderSkreecher.java:17: error: RenderSkreecher is not abstract and does not override abstract method getTextureLocation(LivingEntityRenderState) in LivingEntityRenderer
public class RenderSkreecher extends MobRenderer<EntitySkreecher, LivingEntityRenderState, ModelSkreecher> {
       ^
C:\Users\justi\Documents\GitHub\AlexsMobs-26.2\src\main\java\com\github\alexthe666\alexsmobs\client\render\RenderSkreecher.java:23: error: incompatible types: LayerScorch cannot be converted to RenderLayer<LivingEntityRenderState,ModelSkreecher>
        this.addLayer(new LayerScorch(this));
                      ^
C:\Users\justi\Documents\GitHub\AlexsMobs-26.2\src\main\java\com\github\alexthe666\alexsmobs\client\render\RenderSkreecher.java:33: error: type argument EntitySkreecher is not within bounds of type-variable S
    static class LayerScorch extends RenderLayer<EntitySkreecher, ModelSkreecher> {
                                                 ^
  where S is a type-variable:
    S extends EntityRenderState declared in class RenderLayer
C:\Users\justi\Documents\GitHub\AlexsMobs-26.2\src\main\java\com\github\alexthe666\alexsmobs\client\render\RenderSkreecher.java:33: error: LayerScorch is not abstract and does not override abstract method submit(PoseStack,SubmitNodeCollector,int,EntitySkreecher,float,float) in RenderLayer
    static class LayerScorch extends RenderLayer<EntitySkreecher, ModelSkreecher> {
           ^
C:\Users\justi\Documents\GitHub\AlexsMobs-26.2\src\main\java\com\github\alexthe666\alexsmobs\client\render\RenderSkreecher.java:36: error: incompatible types: RenderSkreecher cannot be converted to RenderLayerParent<EntitySkreecher,ModelSkreecher>
            super(render);
                  ^
C:\Users\justi\Documents\GitHub\AlexsMobs-26.2\src\main\java\com\github\alexthe666\alexsmobs\client\render\RenderSkreecher.java:40: error: cannot find symbol
            VertexConsumer scorch = bufferIn.getBuffer(AMRenderTypes.getEyesAlphaEnabled(TEXTURE_GLOW));
                                            ^
  symbol:   method getBuffer(RenderType)
  location: variable bufferIn of type OrderedSubmitNodeCollector
C:\Users\justi\Documents\GitHub\AlexsMobs-26.2\src\main\java\com\github\alexthe666\alexsmobs\client\render\RenderSkreecher.java:42: error: incompatible types: EntitySkreecher cannot be converted to LivingEntityRenderState
            this.getParentModel().renderToBuffer(matrixStackIn, scorch, 240, LivingEntityRenderer.getOverlayCoords(entitylivingbaseIn, 0), 1.0F, 1.0F, 1.0F, alpha);
                                                                                                                   ^
C:\Users\justi\Documents\GitHub\AlexsMobs-26.2\src\main\java\com\github\alexthe666\alexsmobs\client\render\RenderSkunk.java:12: error: type argument ModelSkunk is not within bounds of type-variable M
public class RenderSkunk extends MobRenderer<EntitySkunk, LivingEntityRenderState, ModelSkunk> {
                                                                                   ^
  where M,S are type-variables:
    M extends EntityModel<? super S> declared in class MobRenderer
    S extends LivingEntityRenderState declared in class MobRenderer
C:\Users\justi\Documents\GitHub\AlexsMobs-26.2\src\main\java\com\github\alexthe666\alexsmobs\client\render\RenderSkunk.java:12: error: RenderSkunk is not abstract and does not override abstract method getTextureLocation(LivingEntityRenderState) in LivingEntityRenderer
public class RenderSkunk extends MobRenderer<EntitySkunk, LivingEntityRenderState, ModelSkunk> {
       ^
C:\Users\justi\Documents\GitHub\AlexsMobs-26.2\src\main\java\com\github\alexthe666\alexsmobs\client\render\RenderSnowLeopard.java:13: error: type argument ModelSnowLeopard is not within bounds of type-variable M
public class RenderSnowLeopard extends MobRenderer<EntitySnowLeopard, LivingEntityRenderState, ModelSnowLeopard> {
                                                                                               ^
  where M,S are type-variables:
    M extends EntityModel<? super S> declared in class MobRenderer
    S extends LivingEntityRenderState declared in class MobRenderer
C:\Users\justi\Documents\GitHub\AlexsMobs-26.2\src\main\java\com\github\alexthe666\alexsmobs\client\render\RenderSnowLeopard.java:13: error: RenderSnowLeopard is not abstract and does not override abstract method getTextureLocation(LivingEntityRenderState) in LivingEntityRenderer
public class RenderSnowLeopard extends MobRenderer<EntitySnowLeopard, LivingEntityRenderState, ModelSnowLeopard> {
       ^
C:\Users\justi\Documents\GitHub\AlexsMobs-26.2\src\main\java\com\github\alexthe666\alexsmobs\client\render\RenderSpectre.java:20: error: type argument ModelSpectre is not within bounds of type-variable M
public class RenderSpectre extends MobRenderer<EntitySpectre, LivingEntityRenderState, ModelSpectre> {
                                                                                       ^
  where M,S are type-variables:
    M extends EntityModel<? super S> declared in class MobRenderer
    S extends LivingEntityRenderState declared in class MobRenderer
C:\Users\justi\Documents\GitHub\AlexsMobs-26.2\src\main\java\com\github\alexthe666\alexsmobs\client\render\RenderSpectre.java:20: error: RenderSpectre is not abstract and does not override abstract method getTextureLocation(LivingEntityRenderState) in LivingEntityRenderer
public class RenderSpectre extends MobRenderer<EntitySpectre, LivingEntityRenderState, ModelSpectre> {
       ^
C:\Users\justi\Documents\GitHub\AlexsMobs-26.2\src\main\java\com\github\alexthe666\alexsmobs\client\render\RenderSpectre.java:28: error: incompatible types: SpectreEyesLayer cannot be converted to RenderLayer<LivingEntityRenderState,ModelSpectre>
        this.addLayer(new SpectreEyesLayer(this));
                      ^
C:\Users\justi\Documents\GitHub\AlexsMobs-26.2\src\main\java\com\github\alexthe666\alexsmobs\client\render\RenderSpectre.java:29: error: incompatible types: RenderSpectre.SpectreMembraneLayer cannot be converted to RenderLayer<LivingEntityRenderState,ModelSpectre>
        this.addLayer(new SpectreMembraneLayer(this));
                      ^
C:\Users\justi\Documents\GitHub\AlexsMobs-26.2\src\main\java\com\github\alexthe666\alexsmobs\client\render\RenderSpectre.java:48: error: type argument EntitySpectre is not within bounds of type-variable S
    static class SpectreEyesLayer extends EyesLayer<EntitySpectre, ModelSpectre> {
                                                    ^
  where S is a type-variable:
    S extends EntityRenderState declared in class EyesLayer
C:\Users\justi\Documents\GitHub\AlexsMobs-26.2\src\main\java\com\github\alexthe666\alexsmobs\client\render\RenderSpectre.java:51: error: incompatible types: RenderSpectre cannot be converted to RenderLayerParent<EntitySpectre,ModelSpectre>
            super(p_i50928_1_);
                  ^
C:\Users\justi\Documents\GitHub\AlexsMobs-26.2\src\main\java\com\github\alexthe666\alexsmobs\client\render\RenderSpectre.java:55: error: cannot find symbol
            return RenderType.eyes(TEXTURE_EYES);
                             ^
  symbol:   method eyes(Identifier)
  location: class RenderType
C:\Users\justi\Documents\GitHub\AlexsMobs-26.2\src\main\java\com\github\alexthe666\alexsmobs\client\render\RenderSpectre.java:59: error: type argument EntitySpectre is not within bounds of type-variable S
    class SpectreMembraneLayer extends RenderLayer<EntitySpectre, ModelSpectre> {
                                                   ^
  where S is a type-variable:
    S extends EntityRenderState declared in class RenderLayer
C:\Users\justi\Documents\GitHub\AlexsMobs-26.2\src\main\java\com\github\alexthe666\alexsmobs\client\render\RenderSpectre.java:59: error: RenderSpectre.SpectreMembraneLayer is not abstract and does not override abstract method submit(PoseStack,SubmitNodeCollector,int,EntitySpectre,float,float) in RenderLayer
    class SpectreMembraneLayer extends RenderLayer<EntitySpectre, ModelSpectre> {
    ^
C:\Users\justi\Documents\GitHub\AlexsMobs-26.2\src\main\java\com\github\alexthe666\alexsmobs\client\render\RenderSpectre.java:62: error: incompatible types: RenderSpectre cannot be converted to RenderLayerParent<EntitySpectre,ModelSpectre>
            super(p_i50928_1_);
                  ^
C:\Users\justi\Documents\GitHub\AlexsMobs-26.2\src\main\java\com\github\alexthe666\alexsmobs\client\render\RenderSpectre.java:66: error: cannot find symbol
            VertexConsumer lvt_11_1_ = bufferIn.getBuffer(this.getRenderType());
                                               ^
  symbol:   method getBuffer(RenderType)
  location: variable bufferIn of type OrderedSubmitNodeCollector
C:\Users\justi\Documents\GitHub\AlexsMobs-26.2\src\main\java\com\github\alexthe666\alexsmobs\client\render\RenderSpectre.java:67: error: incompatible types: EntitySpectre cannot be converted to LivingEntityRenderState
            this.getParentModel().renderToBuffer(matrixStackIn, lvt_11_1_, 15728640, LivingEntityRenderer.getOverlayCoords(entitylivingbaseIn, 0), 1.0F, 1.0F, 1.0F, getAlphaForRender(entitylivingbaseIn, partialTicks));
                                                                                                                           ^
C:\Users\justi\Documents\GitHub\AlexsMobs-26.2\src\main\java\com\github\alexthe666\alexsmobs\client\render\RenderSpectre.java:69: error: cannot find symbol
                VertexConsumer lead = bufferIn.getBuffer(AMRenderTypes.entityCutoutNoCull(TEXTURE_LEAD));
                                              ^
  symbol:   method getBuffer(RenderType)
  location: variable bufferIn of type OrderedSubmitNodeCollector
C:\Users\justi\Documents\GitHub\AlexsMobs-26.2\src\main\java\com\github\alexthe666\alexsmobs\client\render\RenderSpectre.java:70: error: incompatible types: EntitySpectre cannot be converted to LivingEntityRenderState
                this.getParentModel().renderToBuffer(matrixStackIn, lead, 15728640, LivingEntityRenderer.getOverlayCoords(entitylivingbaseIn, 0), 1.0F, 1.0F, 1.0F, 1.0F);
                                                                                                                          ^
C:\Users\justi\Documents\GitHub\AlexsMobs-26.2\src\main\java\com\github\alexthe666\alexsmobs\client\render\RenderSquidGrapple.java:30: error: RenderSquidGrapple is not abstract and does not override abstract method createRenderState() in EntityRenderer
public class RenderSquidGrapple extends EntityRenderer<EntitySquidGrapple, EntityRenderState> {
       ^
C:\Users\justi\Documents\GitHub\AlexsMobs-26.2\src\main\java\com\github\alexthe666\alexsmobs\client\render\RenderSquidGrapple.java:48: error: cannot find symbol
        int k = LightTexture.pack(i, j);
                ^
  symbol:   variable LightTexture
  location: class RenderSquidGrapple
C:\Users\justi\Documents\GitHub\AlexsMobs-26.2\src\main\java\com\github\alexthe666\alexsmobs\client\render\RenderSquidGrapple.java:60: error: cannot find symbol
        p_174308_.vertex(p_174309_, f5 - p_174319_, f6 + p_174318_, f7 + p_174320_).color(f2, f3, f4, 1.0F).uv2(k).endVertex();
                 ^
  symbol:   method vertex(Matrix4f,float,float,float)
  location: variable p_174308_ of type VertexConsumer
C:\Users\justi\Documents\GitHub\AlexsMobs-26.2\src\main\java\com\github\alexthe666\alexsmobs\client\render\RenderSquidGrapple.java:61: error: cannot find symbol
        p_174308_.vertex(p_174309_, f5 + p_174319_, f6 + p_174317_ - p_174318_, f7 - p_174320_).color(f2, f3, f4, 1.0F).uv2(k).endVertex();
                 ^
  symbol:   method vertex(Matrix4f,float,float,float)
  location: variable p_174308_ of type VertexConsumer
C:\Users\justi\Documents\GitHub\AlexsMobs-26.2\src\main\java\com\github\alexthe666\alexsmobs\client\render\RenderSquidGrapple.java:80: error: cannot find symbol
        VertexConsumer vertexconsumer = p_115465_.getBuffer(RenderType.leash());
                                                                      ^
  symbol:   method leash()
  location: class RenderType
C:\Users\justi\Documents\GitHub\AlexsMobs-26.2\src\main\java\com\github\alexthe666\alexsmobs\client\render\RenderSquidGrapple.java:114: error: cannot find symbol
        VertexConsumer ivertexbuilder = bufferIn.getBuffer(RenderType.entityCutout(getTextureLocation(entityIn)));
                                                                     ^
  symbol:   method entityCutout(Identifier)
  location: class RenderType
C:\Users\justi\Documents\GitHub\AlexsMobs-26.2\src\main\java\com\github\alexthe666\alexsmobs\client\render\RenderSquidGrapple.java:117: error: cannot find symbol
        super.render(entityIn, entityYaw, partialTicks, matrixStackIn, bufferIn, packedLightIn);
             ^
  symbol: method render(EntitySquidGrapple,float,float,PoseStack,OrderedSubmitNodeCollector,int)
C:\Users\justi\Documents\GitHub\AlexsMobs-26.2\src\main\java\com\github\alexthe666\alexsmobs\client\render\RenderSquidGrapple.java:134: error: cannot find symbol
        p_229039_3_.vertex(p_229039_1_, (float) p_229039_4_, (float) p_229039_5_, (float) p_229039_6_).color(255, 255, 255, 255).uv(p_229039_7_, p_229039_8_).overlayCoords(OverlayTexture.NO_OVERLAY).uv2(p_229039_12_).normal(p_229039_2_, (float) p_229039_9_, (float) p_229039_11_, (float) p_229039_10_).endVertex();
                   ^
  symbol:   method vertex(Matrix4f,float,float,float)
  location: variable p_229039_3_ of type VertexConsumer
C:\Users\justi\Documents\GitHub\AlexsMobs-26.2\src\main\java\com\github\alexthe666\alexsmobs\entity\EntitySquidGrapple.java:31: error: EntitySquidGrapple is not abstract and does not override abstract method hurtServer(ServerLevel,DamageSource,float) in Entity
public class EntitySquidGrapple extends Entity {
       ^
C:\Users\justi\Documents\GitHub\AlexsMobs-26.2\src\main\java\com\github\alexthe666\alexsmobs\entity\EntitySquidGrapple.java:33: error: cannot find symbol
    private static final EntityDataAccessor<Optional<EntityReference<LivingEntity>>> OWNER_UUID = SynchedEntityData.defineId(EntitySquidGrapple.class, EntityDataSerializers.OPTIONAL_ENTITY_REFERENCE);
                                                                                                                                                                            ^
  symbol:   variable OPTIONAL_ENTITY_REFERENCE
  location: class EntityDataSerializers
C:\Users\justi\Documents\GitHub\AlexsMobs-26.2\src\main\java\com\github\alexthe666\alexsmobs\entity\EntitySquidGrapple.java:82: error: incompatible types: EntityReference<LivingEntity> cannot be converted to UUID
        return this.entityData.get(OWNER_UUID).orElse(null);
                                                     ^
C:\Users\justi\Documents\GitHub\AlexsMobs-26.2\src\main\java\com\github\alexthe666\alexsmobs\entity\EntitySquidGrapple.java:86: error: no suitable method found for set(EntityDataAccessor<Optional<EntityReference<LivingEntity>>>,Optional<UUID>)
        this.entityData.set(OWNER_UUID, Optional.ofNullable(uniqueId));
                       ^
    method SynchedEntityData.<T#1>set(EntityDataAccessor<T#1>,T#1) is not applicable
      (inference variable T#2 has incompatible bounds
        equality constraints: EntityReference<LivingEntity>
        lower bounds: UUID)
    method SynchedEntityData.<T#3>set(EntityDataAccessor<T#3>,T#3,boolean) is not applicable
      (cannot infer type-variable(s) T#3
        (actual and formal argument lists differ in length))
  where T#1,T#2,T#3 are type-variables:
    T#1 extends Object declared in method <T#1>set(EntityDataAccessor<T#1>,T#1)
    T#2 extends Object declared in method <T#2>ofNullable(T#2)
    T#3 extends Object declared in method <T#3>set(EntityDataAccessor<T#3>,T#3,boolean)
C:\Users\justi\Documents\GitHub\AlexsMobs-26.2\src\main\java\com\github\alexthe666\alexsmobs\entity\EntitySquidGrapple.java:166: error: cannot find symbol
                this.checkInsideBlocks();
                    ^
  symbol: method checkInsideBlocks()
C:\Users\justi\Documents\GitHub\AlexsMobs-26.2\src\main\java\com\github\alexthe666\alexsmobs\entity\EntitySquidGrapple.java:268: error: cannot find symbol
            compound.store("OwnerUUID", net.minecraft.core.UUIDUtil.CODEC, this.getOwnerId());
                    ^
  symbol:   method store(String,Codec<UUID>,UUID)
  location: variable compound of type ValueInput
C:\Users\justi\Documents\GitHub\AlexsMobs-26.2\src\main\java\com\github\alexthe666\alexsmobs\entity\EntitySquidGrapple.java:274: error: cannot find symbol
        if (compound.read("OwnerUUID", net.minecraft.core.UUIDUtil.CODEC).isPresent()) {
                    ^
  symbol:   method read(String,Codec<UUID>)
  location: variable compound of type ValueOutput
C:\Users\justi\Documents\GitHub\AlexsMobs-26.2\src\main\java\com\github\alexthe666\alexsmobs\entity\EntitySquidGrapple.java:275: error: cannot find symbol
            this.setOwnerId(compound.read("OwnerUUID", net.minecraft.core.UUIDUtil.CODEC).orElse(null));
                                    ^
  symbol:   method read(String,Codec<UUID>)
  location: variable compound of type ValueOutput
C:\Users\justi\Documents\GitHub\AlexsMobs-26.2\src\main\java\com\github\alexthe666\alexsmobs\client\render\RenderStraddleboard.java:20: error: RenderStraddleboard is not abstract and does not override abstract method createRenderState() in EntityRenderer
public class RenderStraddleboard extends EntityRenderer<EntityStraddleboard, EntityRenderState> {
       ^
C:\Users\justi\Documents\GitHub\AlexsMobs-26.2\src\main\java\com\github\alexthe666\alexsmobs\client\render\RenderStraddleboard.java:29: error: method does not override or implement a method from a supertype
    @Override
    ^
C:\Users\justi\Documents\GitHub\AlexsMobs-26.2\src\main\java\com\github\alexthe666\alexsmobs\client\render\RenderStraddleboard.java:34: error: method does not override or implement a method from a supertype
    @Override
    ^
C:\Users\justi\Documents\GitHub\AlexsMobs-26.2\src\main\java\com\github\alexthe666\alexsmobs\client\render\RenderStraddleboard.java:55: error: cannot find symbol
        VertexConsumer ivertexbuilder2 = bufferIn.getBuffer(RenderType.entityCutout(TEXTURE_OVERLAY));
                                                                      ^
  symbol:   method entityCutout(Identifier)
  location: class RenderType
C:\Users\justi\Documents\GitHub\AlexsMobs-26.2\src\main\java\com\github\alexthe666\alexsmobs\client\render\RenderStraddleboard.java:57: error: cannot find symbol
        VertexConsumer ivertexbuilder = bufferIn.getBuffer(RenderType.entityCutout(TEXTURE));
                                                                     ^
  symbol:   method entityCutout(Identifier)
  location: class RenderType
C:\Users\justi\Documents\GitHub\AlexsMobs-26.2\src\main\java\com\github\alexthe666\alexsmobs\client\render\RenderStraddler.java:19: error: type argument ModelStraddler is not within bounds of type-variable M
public class RenderStraddler extends MobRenderer<EntityStraddler, LivingEntityRenderState, ModelStraddler> {
                                                                                           ^
  where M,S are type-variables:
    M extends EntityModel<? super S> declared in class MobRenderer
    S extends LivingEntityRenderState declared in class MobRenderer
C:\Users\justi\Documents\GitHub\AlexsMobs-26.2\src\main\java\com\github\alexthe666\alexsmobs\client\render\RenderStraddler.java:19: error: RenderStraddler is not abstract and does not override abstract method getTextureLocation(LivingEntityRenderState) in LivingEntityRenderer
public class RenderStraddler extends MobRenderer<EntityStraddler, LivingEntityRenderState, ModelStraddler> {
       ^
C:\Users\justi\Documents\GitHub\AlexsMobs-26.2\src\main\java\com\github\alexthe666\alexsmobs\client\render\RenderStraddler.java:24: error: incompatible types: StradpoleLayer cannot be converted to RenderLayer<LivingEntityRenderState,ModelStraddler>
        this.addLayer(new StradpoleLayer(this));
                      ^
C:\Users\justi\Documents\GitHub\AlexsMobs-26.2\src\main\java\com\github\alexthe666\alexsmobs\client\render\RenderStraddler.java:36: error: type argument EntityStraddler is not within bounds of type-variable S
    static class StradpoleLayer extends RenderLayer<EntityStraddler, ModelStraddler> {
                                                    ^
  where S is a type-variable:
    S extends EntityRenderState declared in class RenderLayer
C:\Users\justi\Documents\GitHub\AlexsMobs-26.2\src\main\java\com\github\alexthe666\alexsmobs\client\render\RenderStraddler.java:36: error: StradpoleLayer is not abstract and does not override abstract method submit(PoseStack,SubmitNodeCollector,int,EntityStraddler,float,float) in RenderLayer
    static class StradpoleLayer extends RenderLayer<EntityStraddler, ModelStraddler> {
           ^
C:\Users\justi\Documents\GitHub\AlexsMobs-26.2\src\main\java\com\github\alexthe666\alexsmobs\client\render\RenderStraddler.java:39: error: incompatible types: RenderStraddler cannot be converted to RenderLayerParent<EntityStraddler,ModelStraddler>
            super(p_i50928_1_);
                  ^
C:\Users\justi\Documents\GitHub\AlexsMobs-26.2\src\main\java\com\github\alexthe666\alexsmobs\client\render\RenderStraddler.java:49: error: cannot find symbol
                VertexConsumer ivertexbuilder = bufferIn.getBuffer(RenderType.entityTranslucent(RenderStradpole.TEXTURE));
                                                                             ^
  symbol:   method entityTranslucent(Identifier)
  location: class RenderType
C:\Users\justi\Documents\GitHub\AlexsMobs-26.2\src\main\java\com\github\alexthe666\alexsmobs\client\render\RenderStraddler.java:50: error: incompatible types: EntityStraddler cannot be converted to LivingEntityRenderState
                STRADPOLE_MODEL.renderToBuffer(matrixStackIn, ivertexbuilder, packedLightIn, LivingEntityRenderer.getOverlayCoords(straddler, 0.0F), 1.0F, 1.0F, 1.0F, 1.0F);
                                                                                                                                   ^
C:\Users\justi\Documents\GitHub\AlexsMobs-26.2\src\main\java\com\github\alexthe666\alexsmobs\client\render\RenderStradpole.java:13: error: type argument ModelStradpole is not within bounds of type-variable M
public class RenderStradpole extends MobRenderer<EntityStradpole, LivingEntityRenderState, ModelStradpole> {
                                                                                           ^
  where M,S are type-variables:
    M extends EntityModel<? super S> declared in class MobRenderer
    S extends LivingEntityRenderState declared in class MobRenderer
C:\Users\justi\Documents\GitHub\AlexsMobs-26.2\src\main\java\com\github\alexthe666\alexsmobs\client\render\RenderStradpole.java:13: error: RenderStradpole is not abstract and does not override abstract method getTextureLocation(LivingEntityRenderState) in LivingEntityRenderer
public class RenderStradpole extends MobRenderer<EntityStradpole, LivingEntityRenderState, ModelStradpole> {
       ^
C:\Users\justi\Documents\GitHub\AlexsMobs-26.2\src\main\java\com\github\alexthe666\alexsmobs\client\render\RenderSugarGlider.java:25: error: type argument ModelSugarGlider is not within bounds of type-variable M
public class RenderSugarGlider extends MobRenderer<EntitySugarGlider, LivingEntityRenderState, ModelSugarGlider> {
                                                                                               ^
  where M,S are type-variables:
    M extends EntityModel<? super S> declared in class MobRenderer
    S extends LivingEntityRenderState declared in class MobRenderer
C:\Users\justi\Documents\GitHub\AlexsMobs-26.2\src\main\java\com\github\alexthe666\alexsmobs\client\render\RenderSugarGlider.java:25: error: RenderSugarGlider is not abstract and does not override abstract method getTextureLocation(LivingEntityRenderState) in LivingEntityRenderer
public class RenderSugarGlider extends MobRenderer<EntitySugarGlider, LivingEntityRenderState, ModelSugarGlider> {
       ^
C:\Users\justi\Documents\GitHub\AlexsMobs-26.2\src\main\java\com\github\alexthe666\alexsmobs\client\render\RenderSugarGlider.java:36: error: method does not override or implement a method from a supertype
    @Override
    ^
C:\Users\justi\Documents\GitHub\AlexsMobs-26.2\src\main\java\com\github\alexthe666\alexsmobs\client\render\RenderSugarGlider.java:39: error: method setupRotations in class LivingEntityRenderer<T,S,M> cannot be applied to given types;
            super.setupRotations(entityLiving, matrixStackIn, ageInTicks, rotationYaw, partialTicks);
                 ^
  required: LivingEntityRenderState,PoseStack,float,float
  found:    EntitySugarGlider,PoseStack,float,float,float
  reason: actual and formal argument lists differ in length
  where T,S,M are type-variables:
    T extends LivingEntity declared in class LivingEntityRenderer
    S extends LivingEntityRenderState declared in class LivingEntityRenderer
    M extends EntityModel<? super S> declared in class LivingEntityRenderer
C:\Users\justi\Documents\GitHub\AlexsMobs-26.2\src\main\java\com\github\alexthe666\alexsmobs\client\render\RenderSugarGlider.java:42: error: incompatible types: EntitySugarGlider cannot be converted to LivingEntityRenderState
        if (this.isShaking(entityLiving)) {
                           ^
C:\Users\justi\Documents\GitHub\AlexsMobs-26.2\src\main\java\com\github\alexthe666\alexsmobs\client\render\RenderSugarGlider.java:82: error: method getFlipDegrees in class LivingEntityRenderer<T,S,M> cannot be applied to given types;
            matrixStackIn.mulPose(Axis.ZP.rotationDegrees(f * this.getFlipDegrees(entityLiving)));
                                                                  ^
  required: no arguments
  found:    EntitySugarGlider
  reason: actual and formal argument lists differ in length
  where T,S,M are type-variables:
    T extends LivingEntity declared in class LivingEntityRenderer
    S extends LivingEntityRenderState declared in class LivingEntityRenderer
    M extends EntityModel<? super S> declared in class LivingEntityRenderer
C:\Users\justi\Documents\GitHub\AlexsMobs-26.2\src\main\java\com\github\alexthe666\alexsmobs\client\render\RenderSunbird.java:22: error: type argument ModelSunbird is not within bounds of type-variable M
public class RenderSunbird extends MobRenderer<EntitySunbird, LivingEntityRenderState, ModelSunbird> {
                                                                                       ^
  where M,S are type-variables:
    M extends EntityModel<? super S> declared in class MobRenderer
    S extends LivingEntityRenderState declared in class MobRenderer
C:\Users\justi\Documents\GitHub\AlexsMobs-26.2\src\main\java\com\github\alexthe666\alexsmobs\client\render\RenderSunbird.java:22: error: RenderSunbird is not abstract and does not override abstract method getTextureLocation(LivingEntityRenderState) in LivingEntityRenderer
public class RenderSunbird extends MobRenderer<EntitySunbird, LivingEntityRenderState, ModelSunbird> {
       ^
C:\Users\justi\Documents\GitHub\AlexsMobs-26.2\src\main\java\com\github\alexthe666\alexsmobs\client\render\RenderSunbird.java:28: error: incompatible types: LayerScorch cannot be converted to RenderLayer<LivingEntityRenderState,ModelSunbird>
        this.addLayer(new LayerScorch(this));
                      ^
C:\Users\justi\Documents\GitHub\AlexsMobs-26.2\src\main\java\com\github\alexthe666\alexsmobs\client\render\RenderSunbird.java:32: error: cannot find symbol
        p_114090_.vertex(p_114091_, p_114094_, p_114095_, 0.0F).color(255, 255, 255, 100).uv((float) p_114096_, (float) p_114097_).overlayCoords(OverlayTexture.NO_OVERLAY).uv2(p_114093_).normal(p_114092_, 0.0F, 1.0F, 0.0F).endVertex();
                 ^
  symbol:   method vertex(Matrix4f,float,float,float)
  location: variable p_114090_ of type VertexConsumer
C:\Users\justi\Documents\GitHub\AlexsMobs-26.2\src\main\java\com\github\alexthe666\alexsmobs\client\render\RenderSunbird.java:35: error: method does not override or implement a method from a supertype
    @Override
    ^
C:\Users\justi\Documents\GitHub\AlexsMobs-26.2\src\main\java\com\github\alexthe666\alexsmobs\client\render\RenderSunbird.java:37: error: cannot find symbol
        super.render(entity, yaw, partialTicks, poseStack, buffer, light);
             ^
  symbol: method render(EntitySunbird,float,float,PoseStack,OrderedSubmitNodeCollector,int)
C:\Users\justi\Documents\GitHub\AlexsMobs-26.2\src\main\java\com\github\alexthe666\alexsmobs\client\render\RenderSunbird.java:43: error: cannot find symbol
            poseStack.mulPose(this.entityRenderDispatcher.cameraOrientation());
                                                         ^
  symbol:   method cameraOrientation()
  location: variable entityRenderDispatcher of type EntityRenderDispatcher
C:\Users\justi\Documents\GitHub\AlexsMobs-26.2\src\main\java\com\github\alexthe666\alexsmobs\client\render\RenderSunbird.java:51: error: cannot find symbol
            VertexConsumer vertexconsumer = buffer.getBuffer(AMRenderTypes.getSunbirdShine());
                                                  ^
  symbol:   method getBuffer(RenderType)
  location: variable buffer of type OrderedSubmitNodeCollector
C:\Users\justi\Documents\GitHub\AlexsMobs-26.2\src\main\java\com\github\alexthe666\alexsmobs\client\render\RenderSunbird.java:72: error: type argument EntitySunbird is not within bounds of type-variable S
    static class LayerScorch extends RenderLayer<EntitySunbird, ModelSunbird> {
                                                 ^
  where S is a type-variable:
    S extends EntityRenderState declared in class RenderLayer
C:\Users\justi\Documents\GitHub\AlexsMobs-26.2\src\main\java\com\github\alexthe666\alexsmobs\client\render\RenderSunbird.java:72: error: LayerScorch is not abstract and does not override abstract method submit(PoseStack,SubmitNodeCollector,int,EntitySunbird,float,float) in RenderLayer
    static class LayerScorch extends RenderLayer<EntitySunbird, ModelSunbird> {
           ^
C:\Users\justi\Documents\GitHub\AlexsMobs-26.2\src\main\java\com\github\alexthe666\alexsmobs\client\render\RenderSunbird.java:75: error: incompatible types: RenderSunbird cannot be converted to RenderLayerParent<EntitySunbird,ModelSunbird>
            super(p_i50928_1_);
                  ^
C:\Users\justi\Documents\GitHub\AlexsMobs-26.2\src\main\java\com\github\alexthe666\alexsmobs\client\render\RenderSunbird.java:79: error: cannot find symbol
            VertexConsumer scorch = bufferIn.getBuffer(AMRenderTypes.getEyesAlphaEnabled(TEXTURE_GLOW));
                                            ^
  symbol:   method getBuffer(RenderType)
  location: variable bufferIn of type OrderedSubmitNodeCollector
C:\Users\justi\Documents\GitHub\AlexsMobs-26.2\src\main\java\com\github\alexthe666\alexsmobs\client\render\RenderSunbird.java:81: error: incompatible types: EntitySunbird cannot be converted to LivingEntityRenderState
            this.getParentModel().renderToBuffer(matrixStackIn, scorch, 240, LivingEntityRenderer.getOverlayCoords(entitylivingbaseIn, 0), 1.0F, 1.0F, 1.0F, alpha);
                                                                                                                   ^
C:\Users\justi\Documents\GitHub\AlexsMobs-26.2\src\main\java\com\github\alexthe666\alexsmobs\client\render\RenderTarantulaHawk.java:19: error: type argument EntityModel<EntityTarantulaHawk> is not within bounds of type-variable M
public class RenderTarantulaHawk extends MobRenderer<EntityTarantulaHawk, LivingEntityRenderState, EntityModel<EntityTarantulaHawk>> {
                                                                                                              ^
  where M,S are type-variables:
    M extends EntityModel<? super S> declared in class MobRenderer
    S extends LivingEntityRenderState declared in class MobRenderer
C:\Users\justi\Documents\GitHub\AlexsMobs-26.2\src\main\java\com\github\alexthe666\alexsmobs\client\render\RenderTarantulaHawk.java:19: error: type argument EntityTarantulaHawk is not within bounds of type-variable T
public class RenderTarantulaHawk extends MobRenderer<EntityTarantulaHawk, LivingEntityRenderState, EntityModel<EntityTarantulaHawk>> {
                                                                                                               ^
  where T is a type-variable:
    T extends EntityRenderState declared in class EntityModel
C:\Users\justi\Documents\GitHub\AlexsMobs-26.2\src\main\java\com\github\alexthe666\alexsmobs\client\render\RenderTarantulaHawk.java:19: error: RenderTarantulaHawk is not abstract and does not override abstract method getTextureLocation(LivingEntityRenderState) in LivingEntityRenderer
public class RenderTarantulaHawk extends MobRenderer<EntityTarantulaHawk, LivingEntityRenderState, EntityModel<EntityTarantulaHawk>> {
       ^
C:\Users\justi\Documents\GitHub\AlexsMobs-26.2\src\main\java\com\github\alexthe666\alexsmobs\client\render\RenderTarantulaHawk.java:28: error: incompatible types: ModelTarantulaHawk cannot be converted to EntityModel<EntityTarantulaHawk>
        super(renderManagerIn, MODEL, 0.5F);
                               ^
C:\Users\justi\Documents\GitHub\AlexsMobs-26.2\src\main\java\com\github\alexthe666\alexsmobs\client\render\RenderTarantulaHawk.java:33: error: incompatible types: ModelTarantulaHawkBaby cannot be converted to EntityModel<EntityTarantulaHawk>
            this.model = MODEL_BABY;
                         ^
C:\Users\justi\Documents\GitHub\AlexsMobs-26.2\src\main\java\com\github\alexthe666\alexsmobs\client\render\RenderTarantulaHawk.java:35: error: incompatible types: ModelTarantulaHawk cannot be converted to EntityModel<EntityTarantulaHawk>
            this.model = MODEL;
                         ^
C:\Users\justi\Documents\GitHub\AlexsMobs-26.2\src\main\java\com\github\alexthe666\alexsmobs\client\render\RenderTarantulaHawk.java:47: error: method does not override or implement a method from a supertype
    @Override
    ^
C:\Users\justi\Documents\GitHub\AlexsMobs-26.2\src\main\java\com\github\alexthe666\alexsmobs\client\render\RenderTarantulaHawk.java:51: error: cannot find symbol
            return RenderType.itemEntityTranslucentCull(Identifier);
                             ^
  symbol:   method itemEntityTranslucentCull(Identifier)
  location: class RenderType
C:\Users\justi\Documents\GitHub\AlexsMobs-26.2\src\main\java\com\github\alexthe666\alexsmobs\client\render\RenderTarantulaHawk.java:53: error: cannot find symbol
            return RenderType.entityTranslucent(Identifier);
                             ^
  symbol:   method entityTranslucent(Identifier)
  location: class RenderType
C:\Users\justi\Documents\GitHub\AlexsMobs-26.2\src\main\java\com\github\alexthe666\alexsmobs\client\render\RenderTarantulaHawk.java:55: error: method outline in class RenderType cannot be applied to given types;
            return b2 ? RenderType.outline(Identifier) : null;
                                  ^
  required: no arguments
  found:    Identifier
  reason: actual and formal argument lists differ in length
C:\Users\justi\Documents\GitHub\AlexsMobs-26.2\src\main\java\com\github\alexthe666\alexsmobs\client\render\RenderTasmanianDevil.java:13: error: type argument ModelTasmanianDevil is not within bounds of type-variable M
public class RenderTasmanianDevil extends MobRenderer<EntityTasmanianDevil, LivingEntityRenderState, ModelTasmanianDevil> {
                                                                                                     ^
  where M,S are type-variables:
    M extends EntityModel<? super S> declared in class MobRenderer
    S extends LivingEntityRenderState declared in class MobRenderer
C:\Users\justi\Documents\GitHub\AlexsMobs-26.2\src\main\java\com\github\alexthe666\alexsmobs\client\render\RenderTasmanianDevil.java:13: error: RenderTasmanianDevil is not abstract and does not override abstract method getTextureLocation(LivingEntityRenderState) in LivingEntityRenderer
public class RenderTasmanianDevil extends MobRenderer<EntityTasmanianDevil, LivingEntityRenderState, ModelTasmanianDevil> {
       ^
C:\Users\justi\Documents\GitHub\AlexsMobs-26.2\src\main\java\com\github\alexthe666\alexsmobs\client\render\RenderTendonSegment.java:29: error: RenderTendonSegment is not abstract and does not override abstract method createRenderState() in EntityRenderer
public class RenderTendonSegment extends EntityRenderer<EntityTendonSegment, EntityRenderState> {
       ^
C:\Users\justi\Documents\GitHub\AlexsMobs-26.2\src\main\java\com\github\alexthe666\alexsmobs\client\render\RenderTendonSegment.java:44: error: method does not override or implement a method from a supertype
    @Override
    ^
C:\Users\justi\Documents\GitHub\AlexsMobs-26.2\src\main\java\com\github\alexthe666\alexsmobs\client\render\RenderTendonSegment.java:46: error: cannot find symbol
        super.render(entity, yaw, partialTicks, poseStack, buffer, light);
             ^
  symbol: method render(EntityTendonSegment,float,float,PoseStack,OrderedSubmitNodeCollector,int)
C:\Users\justi\Documents\GitHub\AlexsMobs-26.2\src\main\java\com\github\alexthe666\alexsmobs\client\render\RenderTendonSegment.java:62: error: cannot find symbol
                neckConsumer = AMRenderTypes.createMergedVertexConsumer(buffer.getBuffer(AMRenderTypes.entityGlintDirect()), buffer.getBuffer(RenderType.entityCutout(RenderMurmurBody.TEXTURE)));
                                                                                                      ^
  symbol:   method entityGlintDirect()
  location: class AMRenderTypes
C:\Users\justi\Documents\GitHub\AlexsMobs-26.2\src\main\java\com\github\alexthe666\alexsmobs\client\render\RenderTendonSegment.java:62: error: cannot find symbol
                neckConsumer = AMRenderTypes.createMergedVertexConsumer(buffer.getBuffer(AMRenderTypes.entityGlintDirect()), buffer.getBuffer(RenderType.entityCutout(RenderMurmurBody.TEXTURE)));
                                                                                                                                                        ^
  symbol:   method entityCutout(Identifier)
  location: class RenderType
C:\Users\justi\Documents\GitHub\AlexsMobs-26.2\src\main\java\com\github\alexthe666\alexsmobs\client\render\RenderTendonSegment.java:64: error: cannot find symbol
                neckConsumer = buffer.getBuffer(RenderType.entityCutout(RenderMurmurBody.TEXTURE));
                                                          ^
  symbol:   method entityCutout(Identifier)
  location: class RenderType
C:\Users\justi\Documents\GitHub\AlexsMobs-26.2\src\main\java\com\github\alexthe666\alexsmobs\client\render\RenderTendonSegment.java:82: error: cannot find symbol
                clawConsumer = AMRenderTypes.createMergedVertexConsumer(buffer.getBuffer(AMRenderTypes.entityGlintDirect()), buffer.getBuffer(RenderType.entityCutout(CLAW_TEXTURE)));
                                                                                                      ^
  symbol:   method entityGlintDirect()
  location: class AMRenderTypes
C:\Users\justi\Documents\GitHub\AlexsMobs-26.2\src\main\java\com\github\alexthe666\alexsmobs\client\render\RenderTendonSegment.java:82: error: cannot find symbol
                clawConsumer = AMRenderTypes.createMergedVertexConsumer(buffer.getBuffer(AMRenderTypes.entityGlintDirect()), buffer.getBuffer(RenderType.entityCutout(CLAW_TEXTURE)));
                                                                                                                                                        ^
  symbol:   method entityCutout(Identifier)
  location: class RenderType
C:\Users\justi\Documents\GitHub\AlexsMobs-26.2\src\main\java\com\github\alexthe666\alexsmobs\client\render\RenderTendonSegment.java:84: error: cannot find symbol
                clawConsumer = buffer.getBuffer(RenderType.entityCutout(CLAW_TEXTURE));
                                                          ^
  symbol:   method entityCutout(Identifier)
  location: class RenderType
C:\Users\justi\Documents\GitHub\AlexsMobs-26.2\src\main\java\com\github\alexthe666\alexsmobs\client\render\RenderTendonSegment.java:92: error: method renderToBuffer in class Model<S> cannot be applied to given types;
                CLAW_MODEL.renderToBuffer(poseStack, clawConsumer, getLightColor(entity, to.add(x, y, z)), OverlayTexture.NO_OVERLAY, 1, 1F, 1, 1F);
                          ^
  required: PoseStack,VertexConsumer,int,int,int
  found:    PoseStack,VertexConsumer,int,int,int,float,int,float
  reason: actual and formal argument lists differ in length
  where S is a type-variable:
    S extends Object declared in class Model
C:\Users\justi\Documents\GitHub\AlexsMobs-26.2\src\main\java\com\github\alexthe666\alexsmobs\client\render\RenderTendonSegment.java:119: error: method getNearPlane in class Camera cannot be applied to given types;
                Vec3 vec3 = this.entityRenderDispatcher.camera.getNearPlane().getPointOnPlane((float) i * 0.6F, -1);
                                                              ^
  required: float
  found:    no arguments
  reason: actual and formal argument lists differ in length
C:\Users\justi\Documents\GitHub\AlexsMobs-26.2\src\main\java\com\github\alexthe666\alexsmobs\client\render\RenderTendonSegment.java:146: error: cannot find symbol
            int i = LevelRenderer.getLightColor(head.level(), blockpos);
                                 ^
  symbol:   method getLightColor(Level,BlockPos)
  location: class LevelRenderer
C:\Users\justi\Documents\GitHub\AlexsMobs-26.2\src\main\java\com\github\alexthe666\alexsmobs\client\render\RenderTendonSegment.java:147: error: cannot find symbol
            int j = LevelRenderer.getLightColor(head.level(), blockpos.above());
                                 ^
  symbol:   method getLightColor(Level,BlockPos)
  location: class LevelRenderer
C:\Users\justi\Documents\GitHub\AlexsMobs-26.2\src\main\java\com\github\alexthe666\alexsmobs\client\render\RenderTendonSegment.java:158: error: method does not override or implement a method from a supertype
    @Override
    ^
C:\Users\justi\Documents\GitHub\AlexsMobs-26.2\src\main\java\com\github\alexthe666\alexsmobs\client\render\RenderTerrapin.java:19: error: type argument ModelTerrapin is not within bounds of type-variable M
public class RenderTerrapin extends MobRenderer<EntityTerrapin, LivingEntityRenderState, ModelTerrapin> {
                                                                                         ^
  where M,S are type-variables:
    M extends EntityModel<? super S> declared in class MobRenderer
    S extends LivingEntityRenderState declared in class MobRenderer
C:\Users\justi\Documents\GitHub\AlexsMobs-26.2\src\main\java\com\github\alexthe666\alexsmobs\client\render\RenderTerrapin.java:19: error: RenderTerrapin is not abstract and does not override abstract method getTextureLocation(LivingEntityRenderState) in LivingEntityRenderer
public class RenderTerrapin extends MobRenderer<EntityTerrapin, LivingEntityRenderState, ModelTerrapin> {
       ^
C:\Users\justi\Documents\GitHub\AlexsMobs-26.2\src\main\java\com\github\alexthe666\alexsmobs\client\render\RenderTerrapin.java:38: error: incompatible types: TurtleOverlayLayer cannot be converted to RenderLayer<LivingEntityRenderState,ModelTerrapin>
        this.addLayer(new TurtleOverlayLayer(this, 0));
                      ^
C:\Users\justi\Documents\GitHub\AlexsMobs-26.2\src\main\java\com\github\alexthe666\alexsmobs\client\render\RenderTerrapin.java:39: error: incompatible types: TurtleOverlayLayer cannot be converted to RenderLayer<LivingEntityRenderState,ModelTerrapin>
        this.addLayer(new TurtleOverlayLayer(this, 1));
                      ^
C:\Users\justi\Documents\GitHub\AlexsMobs-26.2\src\main\java\com\github\alexthe666\alexsmobs\client\render\RenderTerrapin.java:40: error: incompatible types: TurtleOverlayLayer cannot be converted to RenderLayer<LivingEntityRenderState,ModelTerrapin>
        this.addLayer(new TurtleOverlayLayer(this, 2));
                      ^
C:\Users\justi\Documents\GitHub\AlexsMobs-26.2\src\main\java\com\github\alexthe666\alexsmobs\client\render\RenderTerrapin.java:55: error: incompatible types: EntityTerrapin cannot be converted to LivingEntityRenderState
        if (this.isShaking(entity)) {
                           ^
C:\Users\justi\Documents\GitHub\AlexsMobs-26.2\src\main\java\com\github\alexthe666\alexsmobs\client\render\RenderTerrapin.java:70: error: method getFlipDegrees in class LivingEntityRenderer<T,S,M> cannot be applied to given types;
            stack.mulPose(Axis.ZP.rotationDegrees(f * this.getFlipDegrees(entity)));
                                                          ^
  required: no arguments
  found:    EntityTerrapin
  reason: actual and formal argument lists differ in length
  where T,S,M are type-variables:
    T extends LivingEntity declared in class LivingEntityRenderer
    S extends LivingEntityRenderState declared in class LivingEntityRenderer
    M extends EntityModel<? super S> declared in class LivingEntityRenderer
C:\Users\justi\Documents\GitHub\AlexsMobs-26.2\src\main\java\com\github\alexthe666\alexsmobs\client\render\RenderTerrapin.java:81: error: type argument EntityTerrapin is not within bounds of type-variable S
    static class TurtleOverlayLayer extends RenderLayer<EntityTerrapin, ModelTerrapin> {
                                                        ^
  where S is a type-variable:
    S extends EntityRenderState declared in class RenderLayer
C:\Users\justi\Documents\GitHub\AlexsMobs-26.2\src\main\java\com\github\alexthe666\alexsmobs\client\render\RenderTerrapin.java:81: error: TurtleOverlayLayer is not abstract and does not override abstract method submit(PoseStack,SubmitNodeCollector,int,EntityTerrapin,float,float) in RenderLayer
    static class TurtleOverlayLayer extends RenderLayer<EntityTerrapin, ModelTerrapin> {
           ^
C:\Users\justi\Documents\GitHub\AlexsMobs-26.2\src\main\java\com\github\alexthe666\alexsmobs\client\render\RenderTerrapin.java:86: error: incompatible types: RenderTerrapin cannot be converted to RenderLayerParent<EntityTerrapin,ModelTerrapin>
            super(render);
                  ^
C:\Users\justi\Documents\GitHub\AlexsMobs-26.2\src\main\java\com\github\alexthe666\alexsmobs\client\render\RenderTerrapin.java:92: error: cannot find symbol
                Identifier tex = layer == 0 ? this.getTextureLocation(turtle) : layer == 1 ? SHELL_TEXTURES[turtle.getShellType() % SHELL_TEXTURES.length] : SKIN_PATTERN_TEXTURES[turtle.getSkinType() % SKIN_PATTERN_TEXTURES.length];
                                                  ^
  symbol: method getTextureLocation(EntityTerrapin)
C:\Users\justi\Documents\GitHub\AlexsMobs-26.2\src\main\java\com\github\alexthe666\alexsmobs\client\render\RenderTerrapin.java:97: error: method renderColoredCutoutModel in class RenderLayer<S#2,M> cannot be applied to given types;
                renderColoredCutoutModel(getParentModel(), tex, matrixStackIn, buffer, packedLightIn, turtle, r, g, b);
                ^
  required: Model<? super S#1>,Identifier,PoseStack,SubmitNodeCollector,int,S#1,int,int
  found:    ModelTerrapin,Identifier,PoseStack,OrderedSubmitNodeCollector,int,EntityTerrapin,float,float,float
  reason: cannot infer type-variable(s) S#1
    (actual and formal argument lists differ in length)
  where S#1,S#2,M are type-variables:
    S#1 extends LivingEntityRenderState declared in method <S#1>renderColoredCutoutModel(Model<? super S#1>,Identifier,PoseStack,SubmitNodeCollector,int,S#1,int,int)
    S#2 extends EntityRenderState declared in class RenderLayer
    M extends EntityModel<? super S#2> declared in class RenderLayer
C:\Users\justi\Documents\GitHub\AlexsMobs-26.2\src\main\java\com\github\alexthe666\alexsmobs\client\render\RenderTossedItem.java:22: error: RenderTossedItem is not abstract and does not override abstract method createRenderState() in EntityRenderer
public class RenderTossedItem  extends EntityRenderer<EntityTossedItem, EntityRenderState> {
       ^
C:\Users\justi\Documents\GitHub\AlexsMobs-26.2\src\main\java\com\github\alexthe666\alexsmobs\client\render\RenderTossedItem.java:30: error: method does not override or implement a method from a supertype
    @Override
    ^
C:\Users\justi\Documents\GitHub\AlexsMobs-26.2\src\main\java\com\github\alexthe666\alexsmobs\client\render\RenderTossedItem.java:35: error: method does not override or implement a method from a supertype
    @Override
    ^
C:\Users\justi\Documents\GitHub\AlexsMobs-26.2\src\main\java\com\github\alexthe666\alexsmobs\client\render\RenderTossedItem.java:45: error: cannot find symbol
            VertexConsumer ivertexbuilder = bufferIn.getBuffer(DART_MODEL.renderType(DART_TEXTURE));
                                                    ^
  symbol:   method getBuffer(RenderType)
  location: variable bufferIn of type OrderedSubmitNodeCollector
C:\Users\justi\Documents\GitHub\AlexsMobs-26.2\src\main\java\com\github\alexthe666\alexsmobs\client\render\RenderTossedItem.java:55: error: cannot find symbol
            Minecraft.getInstance().getItemRenderer().renderStatic(entityIn.getItem(), ItemDisplayContext.GROUND, packedLightIn, OverlayTexture.NO_OVERLAY, matrixStackIn, bufferIn, entityIn.level(), 0);
                                   ^
  symbol:   method getItemRenderer()
  location: class Minecraft
C:\Users\justi\Documents\GitHub\AlexsMobs-26.2\src\main\java\com\github\alexthe666\alexsmobs\entity\EntityTossedItem.java:36: error: no suitable constructor found for ThrowableItemProjectile(EntityType<EntityTossedItem>,LivingEntity,Level)
        super(AMEntityRegistry.TOSSED_ITEM.get(), throwerIn, worldIn);
        ^
    constructor ThrowableItemProjectile.ThrowableItemProjectile(EntityType<? extends ThrowableItemProjectile>,Level) is not applicable
      (actual and formal argument lists differ in length)
    constructor ThrowableItemProjectile.ThrowableItemProjectile(EntityType<? extends ThrowableItemProjectile>,double,double,double,Level,ItemStack) is not applicable
      (actual and formal argument lists differ in length)
    constructor ThrowableItemProjectile.ThrowableItemProjectile(EntityType<? extends ThrowableItemProjectile>,LivingEntity,Level,ItemStack) is not applicable
      (actual and formal argument lists differ in length)
C:\Users\justi\Documents\GitHub\AlexsMobs-26.2\src\main\java\com\github\alexthe666\alexsmobs\entity\EntityTossedItem.java:40: error: no suitable constructor found for ThrowableItemProjectile(EntityType<EntityTossedItem>,double,double,double,Level)
        super(AMEntityRegistry.TOSSED_ITEM.get(), x, y, z, worldIn);
        ^
    constructor ThrowableItemProjectile.ThrowableItemProjectile(EntityType<? extends ThrowableItemProjectile>,Level) is not applicable
      (actual and formal argument lists differ in length)
    constructor ThrowableItemProjectile.ThrowableItemProjectile(EntityType<? extends ThrowableItemProjectile>,double,double,double,Level,ItemStack) is not applicable
      (actual and formal argument lists differ in length)
    constructor ThrowableItemProjectile.ThrowableItemProjectile(EntityType<? extends ThrowableItemProjectile>,LivingEntity,Level,ItemStack) is not applicable
      (actual and formal argument lists differ in length)
C:\Users\justi\Documents\GitHub\AlexsMobs-26.2\src\main\java\com\github\alexthe666\alexsmobs\entity\EntityTossedItem.java:84: error: cannot find symbol
            this.moveTo(this.getX(), this.getY(), this.getZ(), this.getYRot(), this.getXRot());
                ^
  symbol: method moveTo(double,double,double,float,float)
C:\Users\justi\Documents\GitHub\AlexsMobs-26.2\src\main\java\com\github\alexthe666\alexsmobs\client\render\RenderToucan.java:25: error: type argument ModelToucan is not within bounds of type-variable M
public class RenderToucan extends MobRenderer<EntityToucan, LivingEntityRenderState, ModelToucan> {
                                                                                     ^
  where M,S are type-variables:
    M extends EntityModel<? super S> declared in class MobRenderer
    S extends LivingEntityRenderState declared in class MobRenderer
C:\Users\justi\Documents\GitHub\AlexsMobs-26.2\src\main\java\com\github\alexthe666\alexsmobs\client\render\RenderToucan.java:25: error: RenderToucan is not abstract and does not override abstract method getTextureLocation(LivingEntityRenderState) in LivingEntityRenderer
public class RenderToucan extends MobRenderer<EntityToucan, LivingEntityRenderState, ModelToucan> {
       ^
C:\Users\justi\Documents\GitHub\AlexsMobs-26.2\src\main\java\com\github\alexthe666\alexsmobs\client\render\RenderToucan.java:35: error: incompatible types: LayerGlint cannot be converted to RenderLayer<LivingEntityRenderState,ModelToucan>
        this.addLayer(new LayerGlint(this));
                      ^
C:\Users\justi\Documents\GitHub\AlexsMobs-26.2\src\main\java\com\github\alexthe666\alexsmobs\client\render\RenderToucan.java:36: error: incompatible types: LayerHeldItem cannot be converted to RenderLayer<LivingEntityRenderState,ModelToucan>
        this.addLayer(new LayerHeldItem(this));
                      ^
C:\Users\justi\Documents\GitHub\AlexsMobs-26.2\src\main\java\com\github\alexthe666\alexsmobs\client\render\RenderToucan.java:62: error: type argument EntityToucan is not within bounds of type-variable S
    static class LayerGlint extends RenderLayer<EntityToucan, ModelToucan> {
                                                ^
  where S is a type-variable:
    S extends EntityRenderState declared in class RenderLayer
C:\Users\justi\Documents\GitHub\AlexsMobs-26.2\src\main\java\com\github\alexthe666\alexsmobs\client\render\RenderToucan.java:62: error: LayerGlint is not abstract and does not override abstract method submit(PoseStack,SubmitNodeCollector,int,EntityToucan,float,float) in RenderLayer
    static class LayerGlint extends RenderLayer<EntityToucan, ModelToucan> {
           ^
C:\Users\justi\Documents\GitHub\AlexsMobs-26.2\src\main\java\com\github\alexthe666\alexsmobs\client\render\RenderToucan.java:65: error: incompatible types: RenderToucan cannot be converted to RenderLayerParent<EntityToucan,ModelToucan>
            super(render);
                  ^
C:\Users\justi\Documents\GitHub\AlexsMobs-26.2\src\main\java\com\github\alexthe666\alexsmobs\client\render\RenderToucan.java:70: error: cannot find symbol
                VertexConsumer vertexconsumer = ItemRenderer.getArmorFoilBuffer(bufferIn, RenderType.armorCutoutNoCull(TEXTURE_GOLDEN), false, true);
                                                ^
  symbol:   variable ItemRenderer
  location: class LayerGlint
C:\Users\justi\Documents\GitHub\AlexsMobs-26.2\src\main\java\com\github\alexthe666\alexsmobs\client\render\RenderToucan.java:70: error: cannot find symbol
                VertexConsumer vertexconsumer = ItemRenderer.getArmorFoilBuffer(bufferIn, RenderType.armorCutoutNoCull(TEXTURE_GOLDEN), false, true);
                                                                                                    ^
  symbol:   method armorCutoutNoCull(Identifier)
  location: class RenderType
C:\Users\justi\Documents\GitHub\AlexsMobs-26.2\src\main\java\com\github\alexthe666\alexsmobs\client\render\RenderToucan.java:71: error: incompatible types: EntityToucan cannot be converted to LivingEntityRenderState
                this.getParentModel().renderToBuffer(matrixStackIn, vertexconsumer, packedLightIn, LivingEntityRenderer.getOverlayCoords(entitylivingbaseIn, 0.0F), 1, 1, 1, 1.0F);
                                                                                                                                         ^
C:\Users\justi\Documents\GitHub\AlexsMobs-26.2\src\main\java\com\github\alexthe666\alexsmobs\client\render\RenderToucan.java:76: error: type argument EntityToucan is not within bounds of type-variable S
    static class LayerHeldItem extends RenderLayer<EntityToucan, ModelToucan> {
                                                   ^
  where S is a type-variable:
    S extends EntityRenderState declared in class RenderLayer
C:\Users\justi\Documents\GitHub\AlexsMobs-26.2\src\main\java\com\github\alexthe666\alexsmobs\client\render\RenderToucan.java:76: error: LayerHeldItem is not abstract and does not override abstract method submit(PoseStack,SubmitNodeCollector,int,EntityToucan,float,float) in RenderLayer
    static class LayerHeldItem extends RenderLayer<EntityToucan, ModelToucan> {
           ^
C:\Users\justi\Documents\GitHub\AlexsMobs-26.2\src\main\java\com\github\alexthe666\alexsmobs\client\render\RenderToucan.java:79: error: incompatible types: RenderToucan cannot be converted to RenderLayerParent<EntityToucan,ModelToucan>
            super(render);
                  ^
C:\Users\justi\Documents\GitHub\AlexsMobs-26.2\src\main\java\com\github\alexthe666\alexsmobs\client\render\RenderToucan.java:95: error: method renderItem in class ItemInHandRenderer cannot be applied to given types;
            renderer.renderItem(entitylivingbaseIn, itemstack, ItemDisplayContext.GROUND, false, matrixStackIn, bufferIn, packedLightIn);
                    ^
  required: LivingEntity,ItemStack,ItemDisplayContext,PoseStack,SubmitNodeCollector,int
  found:    EntityToucan,ItemStack,ItemDisplayContext,boolean,PoseStack,OrderedSubmitNodeCollector,int
  reason: actual and formal argument lists differ in length
C:\Users\justi\Documents\GitHub\AlexsMobs-26.2\src\main\java\com\github\alexthe666\alexsmobs\client\render\RenderTriops.java:13: error: type argument ModelTriops is not within bounds of type-variable M
public class RenderTriops extends MobRenderer<EntityTriops, LivingEntityRenderState, ModelTriops> {
                                                                                     ^
  where M,S are type-variables:
    M extends EntityModel<? super S> declared in class MobRenderer
    S extends LivingEntityRenderState declared in class MobRenderer
C:\Users\justi\Documents\GitHub\AlexsMobs-26.2\src\main\java\com\github\alexthe666\alexsmobs\client\render\RenderTriops.java:13: error: RenderTriops is not abstract and does not override abstract method getTextureLocation(LivingEntityRenderState) in LivingEntityRenderer
public class RenderTriops extends MobRenderer<EntityTriops, LivingEntityRenderState, ModelTriops> {
       ^
C:\Users\justi\Documents\GitHub\AlexsMobs-26.2\src\main\java\com\github\alexthe666\alexsmobs\client\render\RenderVineLasso.java:28: error: RenderVineLasso is not abstract and does not override abstract method createRenderState() in EntityRenderer
public class RenderVineLasso extends EntityRenderer<EntityVineLasso, EntityRenderState> {
       ^
C:\Users\justi\Documents\GitHub\AlexsMobs-26.2\src\main\java\com\github\alexthe666\alexsmobs\client\render\RenderVineLasso.java:55: error: cannot find symbol
        super.render(entityIn, entityYaw, partialTicks, matrixStackIn, bufferIn, packedLightIn);
             ^
  symbol: method render(EntityVineLasso,float,float,PoseStack,OrderedSubmitNodeCollector,int)
C:\Users\justi\Documents\GitHub\AlexsMobs-26.2\src\main\java\com\github\alexthe666\alexsmobs\client\render\RenderVineLasso.java:70: error: cannot find symbol
        VertexConsumer ivertexbuilder = bufferIn.getBuffer(RenderType.entityCutout(TEXTURE));
                                                                     ^
  symbol:   method entityCutout(Identifier)
  location: class RenderType
C:\Users\justi\Documents\GitHub\AlexsMobs-26.2\src\main\java\com\github\alexthe666\alexsmobs\client\render\RenderVineLasso.java:98: error: cannot find symbol
        VertexConsumer vertexconsumer = p_115465_.getBuffer(RenderType.leash());
                                                                      ^
  symbol:   method leash()
  location: class RenderType
C:\Users\justi\Documents\GitHub\AlexsMobs-26.2\src\main\java\com\github\alexthe666\alexsmobs\client\render\RenderVineLasso.java:159: error: cannot find symbol
        int k = LightTexture.pack(i, j);
                ^
  symbol:   variable LightTexture
  location: class RenderVineLasso
C:\Users\justi\Documents\GitHub\AlexsMobs-26.2\src\main\java\com\github\alexthe666\alexsmobs\client\render\RenderVineLasso.java:171: error: cannot find symbol
        p_174308_.vertex(p_174309_, f5 - p_174319_, f6 + p_174318_, f7 + p_174320_).color(f2, f3, f4, 1.0F).uv2(k).endVertex();
                 ^
  symbol:   method vertex(Matrix4f,float,float,float)
  location: variable p_174308_ of type VertexConsumer
C:\Users\justi\Documents\GitHub\AlexsMobs-26.2\src\main\java\com\github\alexthe666\alexsmobs\client\render\RenderVineLasso.java:172: error: cannot find symbol
        p_174308_.vertex(p_174309_, f5 + p_174319_, f6 + p_174317_ - p_174318_, f7 - p_174320_).color(f2, f3, f4, 1.0F).uv2(k).endVertex();
                 ^
  symbol:   method vertex(Matrix4f,float,float,float)
  location: variable p_174308_ of type VertexConsumer
C:\Users\justi\Documents\GitHub\AlexsMobs-26.2\src\main\java\com\github\alexthe666\alexsmobs\client\render\RenderVineLasso.java:175: error: method does not override or implement a method from a supertype
    @Override
    ^
C:\Users\justi\Documents\GitHub\AlexsMobs-26.2\src\main\java\com\github\alexthe666\alexsmobs\client\render\RenderVineLasso.java:182: error: cannot find symbol
        p_229039_3_.vertex(p_229039_1_, (float) p_229039_4_, (float) p_229039_5_, (float) p_229039_6_).color(255, 255, 255, 255).uv(p_229039_7_, p_229039_8_).overlayCoords(OverlayTexture.NO_OVERLAY).uv2(p_229039_12_).normal(p_229039_2_, (float) p_229039_9_, (float) p_229039_11_, (float) p_229039_10_).endVertex();
                   ^
  symbol:   method vertex(Matrix4f,float,float,float)
  location: variable p_229039_3_ of type VertexConsumer
C:\Users\justi\Documents\GitHub\AlexsMobs-26.2\src\main\java\com\github\alexthe666\alexsmobs\entity\EntityVineLasso.java:31: error: EntityVineLasso is not abstract and does not override abstract method hurtServer(ServerLevel,DamageSource,float) in Entity
public class EntityVineLasso extends Entity {
       ^
C:\Users\justi\Documents\GitHub\AlexsMobs-26.2\src\main\java\com\github\alexthe666\alexsmobs\entity\EntityVineLasso.java:223: error: cannot find symbol
            this.moveTo(this.getX(), this.getY(), this.getZ(), this.getYRot(), this.getXRot());
                ^
  symbol: method moveTo(double,double,double,float,float)
C:\Users\justi\Documents\GitHub\AlexsMobs-26.2\src\main\java\com\github\alexthe666\alexsmobs\client\render\RenderVoidPortal.java:18: error: RenderVoidPortal is not abstract and does not override abstract method createRenderState() in EntityRenderer
public class RenderVoidPortal extends EntityRenderer<EntityVoidPortal, EntityRenderState> {
       ^
C:\Users\justi\Documents\GitHub\AlexsMobs-26.2\src\main\java\com\github\alexthe666\alexsmobs\client\render\RenderVoidPortal.java:53: error: cannot find symbol
        super.render(entityIn, entityYaw, partialTicks, matrixStackIn, bufferIn, packedLightIn);
             ^
  symbol: method render(EntityVoidPortal,float,float,PoseStack,OrderedSubmitNodeCollector,int)
C:\Users\justi\Documents\GitHub\AlexsMobs-26.2\src\main\java\com\github\alexthe666\alexsmobs\client\render\RenderVoidPortal.java:65: error: cannot find symbol
        VertexConsumer ivertexbuilder = shattered ? AMRenderTypes.createMergedVertexConsumer(bufferIn.getBuffer(AMRenderTypes.STATIC_PORTAL), bufferIn.getBuffer(RenderType.entityCutout(tex))) : bufferIn.getBuffer(AMRenderTypes.getFullBright(tex));
                                                                                                     ^
  symbol:   method getBuffer(RenderType)
  location: variable bufferIn of type OrderedSubmitNodeCollector
C:\Users\justi\Documents\GitHub\AlexsMobs-26.2\src\main\java\com\github\alexthe666\alexsmobs\client\render\RenderVoidPortal.java:65: error: cannot find symbol
        VertexConsumer ivertexbuilder = shattered ? AMRenderTypes.createMergedVertexConsumer(bufferIn.getBuffer(AMRenderTypes.STATIC_PORTAL), bufferIn.getBuffer(RenderType.entityCutout(tex))) : bufferIn.getBuffer(AMRenderTypes.getFullBright(tex));
                                                                                                                                                                           ^
  symbol:   method entityCutout(Identifier)
  location: class RenderType
C:\Users\justi\Documents\GitHub\AlexsMobs-26.2\src\main\java\com\github\alexthe666\alexsmobs\client\render\RenderVoidPortal.java:65: error: cannot find symbol
        VertexConsumer ivertexbuilder = shattered ? AMRenderTypes.createMergedVertexConsumer(bufferIn.getBuffer(AMRenderTypes.STATIC_PORTAL), bufferIn.getBuffer(RenderType.entityCutout(tex))) : bufferIn.getBuffer(AMRenderTypes.getFullBright(tex));
                                                                                                                                                                                                          ^
  symbol:   method getBuffer(RenderType)
  location: variable bufferIn of type OrderedSubmitNodeCollector
C:\Users\justi\Documents\GitHub\AlexsMobs-26.2\src\main\java\com\github\alexthe666\alexsmobs\client\render\RenderVoidPortal.java:80: error: method does not override or implement a method from a supertype
    @Override
    ^
C:\Users\justi\Documents\GitHub\AlexsMobs-26.2\src\main\java\com\github\alexthe666\alexsmobs\client\render\RenderVoidPortal.java:87: error: cannot find symbol
        p_229039_3_.vertex(p_229039_1_, (float) p_229039_4_, (float) p_229039_5_, (float) p_229039_6_).color(255, 255, 255, 255).uv(p_229039_7_, p_229039_8_).overlayCoords(OverlayTexture.NO_OVERLAY).uv2(p_229039_12_).normal(p_229039_2_, (float) p_229039_9_, (float) p_229039_11_, (float) p_229039_10_).endVertex();
                   ^
  symbol:   method vertex(Matrix4f,float,float,float)
  location: variable p_229039_3_ of type VertexConsumer
C:\Users\justi\Documents\GitHub\AlexsMobs-26.2\src\main\java\com\github\alexthe666\alexsmobs\client\render\RenderVoidWormBody.java:21: error: type argument EntityModel<EntityVoidWormPart> is not within bounds of type-variable M
public class RenderVoidWormBody extends LivingEntityRenderer<EntityVoidWormPart, LivingEntityRenderState, EntityModel<EntityVoidWormPart>> {
                                                                                                                     ^
  where M,S are type-variables:
    M extends EntityModel<? super S> declared in class LivingEntityRenderer
    S extends LivingEntityRenderState declared in class LivingEntityRenderer
C:\Users\justi\Documents\GitHub\AlexsMobs-26.2\src\main\java\com\github\alexthe666\alexsmobs\client\render\RenderVoidWormBody.java:21: error: type argument EntityVoidWormPart is not within bounds of type-variable T
public class RenderVoidWormBody extends LivingEntityRenderer<EntityVoidWormPart, LivingEntityRenderState, EntityModel<EntityVoidWormPart>> {
                                                                                                                      ^
  where T is a type-variable:
    T extends EntityRenderState declared in class EntityModel
C:\Users\justi\Documents\GitHub\AlexsMobs-26.2\src\main\java\com\github\alexthe666\alexsmobs\client\render\RenderVoidWormBody.java:21: error: RenderVoidWormBody is not abstract and does not override abstract method getTextureLocation(LivingEntityRenderState) in LivingEntityRenderer
public class RenderVoidWormBody extends LivingEntityRenderer<EntityVoidWormPart, LivingEntityRenderState, EntityModel<EntityVoidWormPart>> {
       ^
C:\Users\justi\Documents\GitHub\AlexsMobs-26.2\src\main\java\com\github\alexthe666\alexsmobs\client\render\RenderVoidWormBody.java:32: error: incompatible types: ModelVoidWormBody cannot be converted to EntityModel<EntityVoidWormPart>
        super(renderManagerIn, new ModelVoidWormBody(0.0F), 1F);
                               ^
C:\Users\justi\Documents\GitHub\AlexsMobs-26.2\src\main\java\com\github\alexthe666\alexsmobs\client\render\RenderVoidWormBody.java:33: error: incompatible types: ModelVoidWormBody cannot be converted to EntityModel
        this.addLayer(new LayerVoidWormGlow(this, renderManagerIn.getResourceManager(), new ModelVoidWormBody(0.0F)){
                                                                                        ^
C:\Users\justi\Documents\GitHub\AlexsMobs-26.2\src\main\java\com\github\alexthe666\alexsmobs\client\render\RenderVoidWormBody.java:33: error: <anonymous com.github.alexthe666.alexsmobs.client.render.RenderVoidWormBody$1> is not abstract and does not override abstract method submit(PoseStack,SubmitNodeCollector,int,EntityRenderState,float,float) in RenderLayer
        this.addLayer(new LayerVoidWormGlow(this, renderManagerIn.getResourceManager(), new ModelVoidWormBody(0.0F)){
                                                                                                                    ^
C:\Users\justi\Documents\GitHub\AlexsMobs-26.2\src\main\java\com\github\alexthe666\alexsmobs\client\render\RenderVoidWormBody.java:33: error: cannot find symbol
        this.addLayer(new LayerVoidWormGlow(this, renderManagerIn.getResourceManager(), new ModelVoidWormBody(0.0F)){
                      ^
  symbol: constructor (RenderVoidWormBody,ResourceManager,ModelVoidWormBody)
C:\Users\justi\Documents\GitHub\AlexsMobs-26.2\src\main\java\com\github\alexthe666\alexsmobs\client\render\RenderVoidWormBody.java:70: error: method getFlipDegrees in class LivingEntityRenderer<T,S,M> cannot be applied to given types;
            matrixStackIn.mulPose(Axis.ZP.rotationDegrees(f * this.getFlipDegrees(entityLiving)));
                                                                  ^
  required: no arguments
  found:    EntityVoidWormPart
  reason: actual and formal argument lists differ in length
  where T,S,M are type-variables:
    T extends LivingEntity declared in class LivingEntityRenderer
    S extends LivingEntityRenderState declared in class LivingEntityRenderer
    M extends EntityModel<? super S> declared in class LivingEntityRenderer
C:\Users\justi\Documents\GitHub\AlexsMobs-26.2\src\main\java\com\github\alexthe666\alexsmobs\client\render\RenderVoidWormBody.java:76: error: incompatible types: bad type in conditional expression
        this.model = entitylivingbaseIn.isTail() ? tailModel : bodyModel;
                                                   ^
    ModelVoidWormTail cannot be converted to EntityModel<EntityVoidWormPart>
C:\Users\justi\Documents\GitHub\AlexsMobs-26.2\src\main\java\com\github\alexthe666\alexsmobs\client\render\RenderVoidWormBody.java:76: error: incompatible types: bad type in conditional expression
        this.model = entitylivingbaseIn.isTail() ? tailModel : bodyModel;
                                                               ^
    ModelVoidWormBody cannot be converted to EntityModel<EntityVoidWormPart>
C:\Users\justi\Documents\GitHub\AlexsMobs-26.2\src\main\java\com\github\alexthe666\alexsmobs\client\render\RenderVoidWormBody.java:81: error: method shouldShowName in class LivingEntityRenderer<T,S,M> cannot be applied to given types;
        return super.shouldShowName(entity) && (entity.shouldShowName() || entity.hasCustomName() && entity == this.entityRenderDispatcher.crosshairPickEntity);
                    ^
  required: EntityVoidWormPart,double
  found:    EntityVoidWormPart
  reason: actual and formal argument lists differ in length
  where T,S,M are type-variables:
    T extends LivingEntity declared in class LivingEntityRenderer
    S extends LivingEntityRenderState declared in class LivingEntityRenderer
    M extends EntityModel<? super S> declared in class LivingEntityRenderer
C:\Users\justi\Documents\GitHub\AlexsMobs-26.2\src\main\java\com\github\alexthe666\alexsmobs\client\render\RenderVoidWormHead.java:18: error: type argument ModelVoidWorm is not within bounds of type-variable M
public class RenderVoidWormHead extends MobRenderer<EntityVoidWorm, LivingEntityRenderState, ModelVoidWorm> {
                                                                                             ^
  where M,S are type-variables:
    M extends EntityModel<? super S> declared in class MobRenderer
    S extends LivingEntityRenderState declared in class MobRenderer
C:\Users\justi\Documents\GitHub\AlexsMobs-26.2\src\main\java\com\github\alexthe666\alexsmobs\client\render\RenderVoidWormHead.java:18: error: RenderVoidWormHead is not abstract and does not override abstract method getTextureLocation(LivingEntityRenderState) in LivingEntityRenderer
public class RenderVoidWormHead extends MobRenderer<EntityVoidWorm, LivingEntityRenderState, ModelVoidWorm> {
       ^
C:\Users\justi\Documents\GitHub\AlexsMobs-26.2\src\main\java\com\github\alexthe666\alexsmobs\client\render\RenderVoidWormHead.java:24: error: incompatible types: ModelVoidWorm cannot be converted to EntityModel
        this.addLayer(new LayerVoidWormGlow(this, renderManagerIn.getResourceManager(), new ModelVoidWorm(1.001F)){
                                                                                        ^
C:\Users\justi\Documents\GitHub\AlexsMobs-26.2\src\main\java\com\github\alexthe666\alexsmobs\client\render\RenderVoidWormHead.java:24: error: <anonymous com.github.alexthe666.alexsmobs.client.render.RenderVoidWormHead$1> is not abstract and does not override abstract method submit(PoseStack,SubmitNodeCollector,int,EntityRenderState,float,float) in RenderLayer
        this.addLayer(new LayerVoidWormGlow(this, renderManagerIn.getResourceManager(), new ModelVoidWorm(1.001F)){
                                                                                                                  ^
C:\Users\justi\Documents\GitHub\AlexsMobs-26.2\src\main\java\com\github\alexthe666\alexsmobs\client\render\RenderVoidWormHead.java:24: error: cannot find symbol
        this.addLayer(new LayerVoidWormGlow(this, renderManagerIn.getResourceManager(), new ModelVoidWorm(1.001F)){
                      ^
  symbol: constructor (RenderVoidWormHead,ResourceManager,ModelVoidWorm)
C:\Users\justi\Documents\GitHub\AlexsMobs-26.2\src\main\java\com\github\alexthe666\alexsmobs\client\render\RenderVoidWormHead.java:41: error: cannot find symbol
            return RenderType.itemEntityTranslucentCull(Identifier);
                             ^
  symbol:   method itemEntityTranslucentCull(Identifier)
  location: class RenderType
C:\Users\justi\Documents\GitHub\AlexsMobs-26.2\src\main\java\com\github\alexthe666\alexsmobs\client\render\RenderVoidWormHead.java:43: error: cannot find symbol
            return RenderType.entityTranslucent(Identifier);
                             ^
  symbol:   method entityTranslucent(Identifier)
  location: class RenderType
C:\Users\justi\Documents\GitHub\AlexsMobs-26.2\src\main\java\com\github\alexthe666\alexsmobs\client\render\RenderVoidWormHead.java:45: error: method outline in class RenderType cannot be applied to given types;
            return outline ? RenderType.outline(Identifier) : null;
                                       ^
  required: no arguments
  found:    Identifier
  reason: actual and formal argument lists differ in length
C:\Users\justi\Documents\GitHub\AlexsMobs-26.2\src\main\java\com\github\alexthe666\alexsmobs\client\render\RenderVoidWormShot.java:20: error: RenderVoidWormShot is not abstract and does not override abstract method createRenderState() in EntityRenderer
public class RenderVoidWormShot extends EntityRenderer<EntityVoidWormShot, EntityRenderState> {
       ^
C:\Users\justi\Documents\GitHub\AlexsMobs-26.2\src\main\java\com\github\alexthe666\alexsmobs\client\render\RenderVoidWormShot.java:28: error: method does not override or implement a method from a supertype
    @Override
    ^
C:\Users\justi\Documents\GitHub\AlexsMobs-26.2\src\main\java\com\github\alexthe666\alexsmobs\client\render\RenderVoidWormShot.java:33: error: method does not override or implement a method from a supertype
    @Override
    ^
C:\Users\justi\Documents\GitHub\AlexsMobs-26.2\src\main\java\com\github\alexthe666\alexsmobs\client\render\RenderVoidWormShot.java:44: error: cannot find symbol
        VertexConsumer ivertexbuilder = bufferIn.getBuffer(AMRenderTypes.getFullBright(getTextureLocation(entityIn)));
                                                ^
  symbol:   method getBuffer(RenderType)
  location: variable bufferIn of type OrderedSubmitNodeCollector
C:\Users\justi\Documents\GitHub\AlexsMobs-26.2\src\main\java\com\github\alexthe666\alexsmobs\client\render\RenderWarpedMosco.java:18: error: type argument ModelWarpedMosco is not within bounds of type-variable M
public class RenderWarpedMosco extends MobRenderer<EntityWarpedMosco, LivingEntityRenderState, ModelWarpedMosco> {
                                                                                               ^
  where M,S are type-variables:
    M extends EntityModel<? super S> declared in class MobRenderer
    S extends LivingEntityRenderState declared in class MobRenderer
C:\Users\justi\Documents\GitHub\AlexsMobs-26.2\src\main\java\com\github\alexthe666\alexsmobs\client\render\RenderWarpedMosco.java:18: error: RenderWarpedMosco is not abstract and does not override abstract method getTextureLocation(LivingEntityRenderState) in LivingEntityRenderer
public class RenderWarpedMosco extends MobRenderer<EntityWarpedMosco, LivingEntityRenderState, ModelWarpedMosco> {
       ^
C:\Users\justi\Documents\GitHub\AlexsMobs-26.2\src\main\java\com\github\alexthe666\alexsmobs\client\render\RenderWarpedMosco.java:24: error: incompatible types: WarpedMoscoGlowLayer cannot be converted to RenderLayer<LivingEntityRenderState,ModelWarpedMosco>
        this.addLayer(new WarpedMoscoGlowLayer(this));
                      ^
C:\Users\justi\Documents\GitHub\AlexsMobs-26.2\src\main\java\com\github\alexthe666\alexsmobs\client\render\RenderWarpedMosco.java:31: error: type argument EntityWarpedMosco is not within bounds of type-variable S
    static class WarpedMoscoGlowLayer extends RenderLayer<EntityWarpedMosco, ModelWarpedMosco> {
                                                          ^
  where S is a type-variable:
    S extends EntityRenderState declared in class RenderLayer
C:\Users\justi\Documents\GitHub\AlexsMobs-26.2\src\main\java\com\github\alexthe666\alexsmobs\client\render\RenderWarpedMosco.java:31: error: WarpedMoscoGlowLayer is not abstract and does not override abstract method submit(PoseStack,SubmitNodeCollector,int,EntityWarpedMosco,float,float) in RenderLayer
    static class WarpedMoscoGlowLayer extends RenderLayer<EntityWarpedMosco, ModelWarpedMosco> {
           ^
C:\Users\justi\Documents\GitHub\AlexsMobs-26.2\src\main\java\com\github\alexthe666\alexsmobs\client\render\RenderWarpedMosco.java:34: error: incompatible types: RenderWarpedMosco cannot be converted to RenderLayerParent<EntityWarpedMosco,ModelWarpedMosco>
            super(p_i50928_1_);
                  ^
C:\Users\justi\Documents\GitHub\AlexsMobs-26.2\src\main\java\com\github\alexthe666\alexsmobs\client\render\RenderWarpedMosco.java:38: error: cannot find symbol
            VertexConsumer ivertexbuilder = bufferIn.getBuffer(AMRenderTypes.getEyesFlickering(TEXTURE_EYES, 0));
                                                    ^
  symbol:   method getBuffer(RenderType)
  location: variable bufferIn of type OrderedSubmitNodeCollector
C:\Users\justi\Documents\GitHub\AlexsMobs-26.2\src\main\java\com\github\alexthe666\alexsmobs\client\render\RenderWarpedMosco.java:40: error: incompatible types: EntityWarpedMosco cannot be converted to LivingEntityRenderState
            this.getParentModel().renderToBuffer(matrixStackIn, ivertexbuilder, 240, LivingEntityRenderer.getOverlayCoords(entitylivingbaseIn, 0.0F), 0.5F, 1.0F, 1.0F, alpha);
                                                                                                                           ^
C:\Users\justi\Documents\GitHub\AlexsMobs-26.2\src\main\java\com\github\alexthe666\alexsmobs\tileentity\TileEntityCapsid.java:40: error: TileEntityCapsid is not abstract and does not override abstract method setItems(NonNullList<ItemStack>) in BaseContainerBlockEntity
public class TileEntityCapsid extends BaseContainerBlockEntity implements WorldlyContainer {
       ^
C:\Users\justi\Documents\GitHub\AlexsMobs-26.2\src\main\java\com\github\alexthe666\alexsmobs\tileentity\TileEntityCapsid.java:71: error: cannot find symbol
                    LazyOptional<IItemHandler> handler = level.getBlockEntity(this.worldPosition.above()).getCapability(Capabilities.ItemHandler.BLOCK, Direction.UP);
                    ^
  symbol:   class LazyOptional
  location: class TileEntityCapsid
C:\Users\justi\Documents\GitHub\AlexsMobs-26.2\src\main\java\com\github\alexthe666\alexsmobs\tileentity\TileEntityCapsid.java:71: error: cannot find symbol
                    LazyOptional<IItemHandler> handler = level.getBlockEntity(this.worldPosition.above()).getCapability(Capabilities.ItemHandler.BLOCK, Direction.UP);
                                 ^
  symbol:   class IItemHandler
  location: class TileEntityCapsid
C:\Users\justi\Documents\GitHub\AlexsMobs-26.2\src\main\java\com\github\alexthe666\alexsmobs\tileentity\TileEntityCapsid.java:71: error: package Capabilities does not exist
                    LazyOptional<IItemHandler> handler = level.getBlockEntity(this.worldPosition.above()).getCapability(Capabilities.ItemHandler.BLOCK, Direction.UP);
                                                                                                                                    ^
C:\Users\justi\Documents\GitHub\AlexsMobs-26.2\src\main\java\com\github\alexthe666\alexsmobs\tileentity\TileEntityCapsid.java:73: error: cannot find symbol
                        if (ItemHandlerHelper.insertItem(handler.orElse(null), this.getItem(0), true).isEmpty()) {
                            ^
  symbol:   variable ItemHandlerHelper
  location: class TileEntityCapsid
C:\Users\justi\Documents\GitHub\AlexsMobs-26.2\src\main\java\com\github\alexthe666\alexsmobs\tileentity\TileEntityCapsid.java:74: error: cannot find symbol
                            ItemHandlerHelper.insertItem(handler.orElse(null), this.getItem(0).copy(), false);
                            ^
  symbol:   variable ItemHandlerHelper
  location: class TileEntityCapsid
C:\Users\justi\Documents\GitHub\AlexsMobs-26.2\src\main\java\com\github\alexthe666\alexsmobs\tileentity\TileEntityCapsid.java:103: error: cannot find symbol
                    EntityEnderiophage phage = AMEntityRegistry.ENDERIOPHAGE.get().create(level, EntitySpawnReason.MOB_SUMMONED);
                                                                                                 ^
  symbol:   variable EntitySpawnReason
  location: class TileEntityCapsid
C:\Users\justi\Documents\GitHub\AlexsMobs-26.2\src\main\java\com\github\alexthe666\alexsmobs\tileentity\TileEntityCapsid.java:142: error: incompatible types: BlockPos cannot be converted to Vec3
        return new net.minecraft.world.phys.AABB(worldPosition, worldPosition.offset(1, 2, 1));
                                                 ^
C:\Users\justi\Documents\GitHub\AlexsMobs-26.2\src\main\java\com\github\alexthe666\alexsmobs\tileentity\TileEntityCapsid.java:190: error: cannot find symbol
        boolean flag = !stack.isEmpty() && ItemStack.isSameItemSameTags(stack, this.stacks.get(index));
                                                    ^
  symbol:   method isSameItemSameTags(ItemStack,ItemStack)
  location: class ItemStack
C:\Users\justi\Documents\GitHub\AlexsMobs-26.2\src\main\java\com\github\alexthe666\alexsmobs\tileentity\TileEntityCapsid.java:215: error: method does not override or implement a method from a supertype
    @Override
    ^
C:\Users\justi\Documents\GitHub\AlexsMobs-26.2\src\main\java\com\github\alexthe666\alexsmobs\tileentity\TileEntityCapsid.java:219: error: method does not override or implement a method from a supertype
    @Override
    ^
C:\Users\justi\Documents\GitHub\AlexsMobs-26.2\src\main\java\com\github\alexthe666\alexsmobs\tileentity\TileEntityCapsid.java:268: error: method does not override or implement a method from a supertype
    @Override
    ^
C:\Users\justi\Documents\GitHub\AlexsMobs-26.2\src\main\java\com\github\alexthe666\alexsmobs\tileentity\TileEntityCapsid.java:272: error: cannot find symbol
            ContainerHelper.loadAllItems(net.minecraft.world.level.storage.TagValueInput.create(net.minecraft.util.ProblemReporter.DISCARDING, this.level().registryAccess(), packet.getTag()), this.stacks);
                                                                                                   ^
  symbol:   variable minecraft
  location: variable net of type Connection
C:\Users\justi\Documents\GitHub\AlexsMobs-26.2\src\main\java\com\github\alexthe666\alexsmobs\tileentity\TileEntityCapsid.java:272: error: cannot find symbol
            ContainerHelper.loadAllItems(net.minecraft.world.level.storage.TagValueInput.create(net.minecraft.util.ProblemReporter.DISCARDING, this.level().registryAccess(), packet.getTag()), this.stacks);
                                            ^
  symbol:   variable minecraft
  location: variable net of type Connection
C:\Users\justi\Documents\GitHub\AlexsMobs-26.2\src\main\java\com\github\alexthe666\alexsmobs\tileentity\TileEntityCapsid.java:272: error: cannot find symbol
            ContainerHelper.loadAllItems(net.minecraft.world.level.storage.TagValueInput.create(net.minecraft.util.ProblemReporter.DISCARDING, this.level().registryAccess(), packet.getTag()), this.stacks);
                                                                                                                                                   ^
  symbol: method level()
C:\Users\justi\Documents\GitHub\AlexsMobs-26.2\src\main\java\com\github\alexthe666\alexsmobs\tileentity\TileEntityCapsid.java:277: error: no suitable method found for saveWithoutMetadata(no arguments)
        return this.saveWithoutMetadata();
                   ^
    method BlockEntity.saveWithoutMetadata(Provider) is not applicable
      (actual and formal argument lists differ in length)
    method BlockEntity.saveWithoutMetadata(ValueOutput) is not applicable
      (actual and formal argument lists differ in length)
C:\Users\justi\Documents\GitHub\AlexsMobs-26.2\src\main\java\com\github\alexthe666\alexsmobs\client\render\tile\RenderEndPirateAnchor.java:15: error: RenderEndPirateAnchor is not abstract and does not override abstract method submit(BlockEntityRenderState,PoseStack,SubmitNodeCollector,CameraRenderState) in BlockEntityRenderer
public class RenderEndPirateAnchor<T extends TileEntityEndPirateAnchor> implements BlockEntityRenderer<T, BlockEntityRenderState> {
       ^
C:\Users\justi\Documents\GitHub\AlexsMobs-26.2\src\main\java\com\github\alexthe666\alexsmobs\client\render\tile\RenderEndPirateAnchor.java:24: error: method does not override or implement a method from a supertype
    @Override
    ^
C:\Users\justi\Documents\GitHub\AlexsMobs-26.2\src\main\java\com\github\alexthe666\alexsmobs\client\render\tile\RenderEndPirateAnchor.java:36: error: cannot find symbol
        ANCHOR_MODEL.renderToBuffer(matrixStackIn, bufferIn.getBuffer(RenderType.entityCutout(TEXTURE_ANCHOR)), combinedLightIn, combinedOverlayIn, net.minecraft.util.ARGB.color((int)((1) * 255F), (int)((1) * 255F), (int)((1F) * 255F), (int)((1) * 255F)));
                                                                                ^
  symbol:   method entityCutout(Identifier)
  location: class RenderType
C:\Users\justi\Documents\GitHub\AlexsMobs-26.2\src\main\java\com\github\alexthe666\alexsmobs\client\render\tile\RenderEndPirateAnchor.java:37: error: cannot find symbol
        ANCHOR_MODEL.renderToBuffer(matrixStackIn, bufferIn.getBuffer(RenderType.eyes(TEXTURE_ANCHOR_GLOW)), combinedLightIn, combinedOverlayIn, net.minecraft.util.ARGB.color((int)((1) * 255F), (int)((1) * 255F), (int)((1F) * 255F), (int)((1) * 255F)));
                                                                                ^
  symbol:   method eyes(Identifier)
  location: class RenderType
C:\Users\justi\Documents\GitHub\AlexsMobs-26.2\src\main\java\com\github\alexthe666\alexsmobs\client\render\tile\RenderEndPirateAnchorWinch.java:16: error: RenderEndPirateAnchorWinch is not abstract and does not override abstract method submit(BlockEntityRenderState,PoseStack,SubmitNodeCollector,CameraRenderState) in BlockEntityRenderer
public class RenderEndPirateAnchorWinch<T extends TileEntityEndPirateAnchorWinch> implements BlockEntityRenderer<T, BlockEntityRenderState> {
       ^
C:\Users\justi\Documents\GitHub\AlexsMobs-26.2\src\main\java\com\github\alexthe666\alexsmobs\client\render\tile\RenderEndPirateAnchorWinch.java:26: error: method does not override or implement a method from a supertype
    @Override
    ^
C:\Users\justi\Documents\GitHub\AlexsMobs-26.2\src\main\java\com\github\alexthe666\alexsmobs\client\render\tile\RenderEndPirateAnchorWinch.java:57: error: cannot find symbol
            CHAIN_MODEL.renderToBuffer(matrixStackIn, bufferIn.getBuffer(RenderType.entityCutout(TEXTURE_CHAIN)), combinedLightIn, combinedOverlayIn, net.minecraft.util.ARGB.color((int)((1) * 255F), (int)((1) * 255F), (int)((1F) * 255F), (int)((1) * 255F)));
                                                                                   ^
  symbol:   method entityCutout(Identifier)
  location: class RenderType
C:\Users\justi\Documents\GitHub\AlexsMobs-26.2\src\main\java\com\github\alexthe666\alexsmobs\client\render\tile\RenderEndPirateAnchorWinch.java:58: error: cannot find symbol
            CHAIN_MODEL.renderToBuffer(matrixStackIn, bufferIn.getBuffer(RenderType.eyes(TEXTURE_CHAIN)), combinedLightIn, combinedOverlayIn, net.minecraft.util.ARGB.color((int)((1) * 255F), (int)((1) * 255F), (int)((1F) * 255F), (int)((1) * 255F)));
                                                                                   ^
  symbol:   method eyes(Identifier)
  location: class RenderType
C:\Users\justi\Documents\GitHub\AlexsMobs-26.2\src\main\java\com\github\alexthe666\alexsmobs\client\render\tile\RenderEndPirateAnchorWinch.java:64: error: cannot find symbol
        WINCH_MODEL.renderToBuffer(matrixStackIn, bufferIn.getBuffer(RenderType.entityCutout(TEXTURE)), combinedLightIn, combinedOverlayIn, net.minecraft.util.ARGB.color((int)((1) * 255F), (int)((1) * 255F), (int)((1F) * 255F), (int)((1) * 255F)));
                                                                               ^
  symbol:   method entityCutout(Identifier)
  location: class RenderType
C:\Users\justi\Documents\GitHub\AlexsMobs-26.2\src\main\java\com\github\alexthe666\alexsmobs\client\render\tile\RenderEndPirateAnchorWinch.java:65: error: cannot find symbol
        WINCH_MODEL.renderToBuffer(matrixStackIn, bufferIn.getBuffer(RenderType.eyes(TEXTURE)), combinedLightIn, combinedOverlayIn, net.minecraft.util.ARGB.color((int)((1) * 255F), (int)((1) * 255F), (int)((1F) * 255F), (int)((1) * 255F)));
                                                                               ^
  symbol:   method eyes(Identifier)
  location: class RenderType
C:\Users\justi\Documents\GitHub\AlexsMobs-26.2\src\main\java\com\github\alexthe666\alexsmobs\client\render\tile\RenderEndPirateAnchorWinch.java:78: error: cannot find symbol
            RenderEndPirateAnchor.ANCHOR_MODEL.renderToBuffer(matrixStackIn, bufferIn.getBuffer(RenderType.entityCutout(RenderEndPirateAnchor.TEXTURE_ANCHOR)), combinedLightIn, combinedOverlayIn, net.minecraft.util.ARGB.color((int)((1) * 255F), (int)((1) * 255F), (int)((1F) * 255F), (int)((1) * 255F)));
                                                                                                          ^
  symbol:   method entityCutout(Identifier)
  location: class RenderType
C:\Users\justi\Documents\GitHub\AlexsMobs-26.2\src\main\java\com\github\alexthe666\alexsmobs\client\render\tile\RenderEndPirateAnchorWinch.java:79: error: cannot find symbol
            RenderEndPirateAnchor.ANCHOR_MODEL.renderToBuffer(matrixStackIn, bufferIn.getBuffer(RenderType.eyes(RenderEndPirateAnchor.TEXTURE_ANCHOR_GLOW)), combinedLightIn, combinedOverlayIn, net.minecraft.util.ARGB.color((int)((1) * 255F), (int)((1) * 255F), (int)((1F) * 255F), (int)((1) * 255F)));
                                                                                                          ^
  symbol:   method eyes(Identifier)
  location: class RenderType
C:\Users\justi\Documents\GitHub\AlexsMobs-26.2\src\main\java\com\github\alexthe666\alexsmobs\client\render\tile\RenderEndPirateDoor.java:17: error: RenderEndPirateDoor is not abstract and does not override abstract method submit(BlockEntityRenderState,PoseStack,SubmitNodeCollector,CameraRenderState) in BlockEntityRenderer
public class RenderEndPirateDoor<T extends TileEntityEndPirateDoor> implements BlockEntityRenderer<T, BlockEntityRenderState> {
       ^
C:\Users\justi\Documents\GitHub\AlexsMobs-26.2\src\main\java\com\github\alexthe666\alexsmobs\client\render\tile\RenderEndPirateDoor.java:25: error: method does not override or implement a method from a supertype
    @Override
    ^
C:\Users\justi\Documents\GitHub\AlexsMobs-26.2\src\main\java\com\github\alexthe666\alexsmobs\client\render\tile\RenderEndPirateDoor.java:41: error: cannot find symbol
        DOOR_MODEL.renderToBuffer(matrixStackIn, bufferIn.getBuffer(RenderType.entityTranslucent(TEXTURE)), combinedLightIn, combinedOverlayIn, net.minecraft.util.ARGB.color((int)((1) * 255F), (int)((1) * 255F), (int)((1F) * 255F), (int)((1) * 255F)));
                                                                              ^
  symbol:   method entityTranslucent(Identifier)
  location: class RenderType
C:\Users\justi\Documents\GitHub\AlexsMobs-26.2\src\main\java\com\github\alexthe666\alexsmobs\client\render\tile\RenderEndPirateFlag.java:16: error: RenderEndPirateFlag is not abstract and does not override abstract method submit(BlockEntityRenderState,PoseStack,SubmitNodeCollector,CameraRenderState) in BlockEntityRenderer
public class RenderEndPirateFlag<T extends TileEntityEndPirateFlag> implements BlockEntityRenderer<T, BlockEntityRenderState> {
       ^
C:\Users\justi\Documents\GitHub\AlexsMobs-26.2\src\main\java\com\github\alexthe666\alexsmobs\client\render\tile\RenderEndPirateFlag.java:25: error: method does not override or implement a method from a supertype
    @Override
    ^
C:\Users\justi\Documents\GitHub\AlexsMobs-26.2\src\main\java\com\github\alexthe666\alexsmobs\client\render\tile\RenderEndPirateFlag.java:40: error: cannot find symbol
        FLAG_MODEL.renderToBuffer(matrixStackIn, bufferIn.getBuffer(RenderType.entityCutout(TEXTURE)), combinedLightIn, combinedOverlayIn, net.minecraft.util.ARGB.color((int)((1) * 255F), (int)((1) * 255F), (int)((1F) * 255F), (int)((1) * 255F)));
                                                                              ^
  symbol:   method entityCutout(Identifier)
  location: class RenderType
C:\Users\justi\Documents\GitHub\AlexsMobs-26.2\src\main\java\com\github\alexthe666\alexsmobs\compat\jei\AlexMobsJEIPlugin.java:24: warning: [removal] RecipeType in mezz.jei.api.recipe has been deprecated and marked for removal
    public static final RecipeType<CapsidRecipe> CAPID_RECIPE_TYPE = RecipeType.create("alexsmobs", "capsid", CapsidRecipe.class);
                        ^
C:\Users\justi\Documents\GitHub\AlexsMobs-26.2\src\main\java\com\github\alexthe666\alexsmobs\compat\jei\AlexMobsJEIPlugin.java:24: warning: [removal] RecipeType in mezz.jei.api.recipe has been deprecated and marked for removal
    public static final RecipeType<CapsidRecipe> CAPID_RECIPE_TYPE = RecipeType.create("alexsmobs", "capsid", CapsidRecipe.class);
                                                                     ^
C:\Users\justi\Documents\GitHub\AlexsMobs-26.2\src\main\java\com\github\alexthe666\alexsmobs\compat\jei\AlexMobsJEIPlugin.java:24: warning: [removal] <T>create(String,String,Class<? extends T>) in RecipeType has been deprecated and marked for removal
    public static final RecipeType<CapsidRecipe> CAPID_RECIPE_TYPE = RecipeType.create("alexsmobs", "capsid", CapsidRecipe.class);
                                                                               ^
  where T is a type-variable:
    T extends Object declared in method <T>create(String,String,Class<? extends T>)
C:\Users\justi\Documents\GitHub\AlexsMobs-26.2\src\main\java\com\github\alexthe666\alexsmobs\compat\jei\AlexMobsJEIPlugin.java:44: warning: [removal] addRecipeCatalyst(ItemStack,IRecipeType<?>...) in IRecipeCatalystRegistration has been deprecated and marked for removal
        registration.addRecipeCatalyst(new ItemStack(AMBlockRegistry.CAPSID.get()), CAPID_RECIPE_TYPE);
                    ^
C:\Users\justi\Documents\GitHub\AlexsMobs-26.2\src\main\java\com\github\alexthe666\alexsmobs\compat\jei\CapsidRecipeCategory.java:26: warning: [removal] RecipeType in mezz.jei.api.recipe has been deprecated and marked for removal
    public RecipeType<CapsidRecipe> getRecipeType() {
           ^
C:\Users\justi\Documents\GitHub\AlexsMobs-26.2\src\main\java\com\github\alexthe666\alexsmobs\compat\jei\CapsidRecipeCategory.java:58: warning: [removal] addIngredients(Ingredient) in IIngredientAcceptor has been deprecated and marked for removal
            builder.addSlot(RecipeIngredientRole.INPUT, 21 + i * 15, 23).addIngredients(ingredient);
                                                                        ^
  where THIS is a type-variable:
    THIS extends IIngredientAcceptor<THIS> declared in interface IIngredientAcceptor
C:\Users\justi\Documents\GitHub\AlexsMobs-26.2\src\main\java\com\github\alexthe666\alexsmobs\compat\jei\CapsidRecipeCategory.java:60: warning: [removal] addItemStack(ItemStack) in IIngredientAcceptor has been deprecated and marked for removal
        builder.addSlot(RecipeIngredientRole.OUTPUT, 94, 23).addItemStack(recipe.getResult());
                                                            ^
  where THIS is a type-variable:
    THIS extends IIngredientAcceptor<THIS> declared in interface IIngredientAcceptor
C:\Users\justi\Documents\GitHub\AlexsMobs-26.2\src\main\java\com\github\alexthe666\alexsmobs\event\ServerEvents.java:192: warning: [removal] ItemHandlerHelper in net.neoforged.neoforge.items has been deprecated and marked for removal
                ItemHandlerHelper.giveItemToPlayer(event.getEntity(), new ItemStack(AMItemRegistry.ANIMAL_DICTIONARY.get()));
                ^
C:\Users\justi\Documents\GitHub\AlexsMobs-26.2\src\main\java\com\github\alexthe666\alexsmobs\event\ServerEvents.java:192: warning: [removal] giveItemToPlayer(Player,ItemStack) in ItemHandlerHelper has been deprecated and marked for removal
                ItemHandlerHelper.giveItemToPlayer(event.getEntity(), new ItemStack(AMItemRegistry.ANIMAL_DICTIONARY.get()));
                                 ^
C:\Users\justi\Documents\GitHub\AlexsMobs-26.2\src\main\java\com\github\alexthe666\alexsmobs\event\ServerEvents.java:195: warning: [removal] ItemHandlerHelper in net.neoforged.neoforge.items has been deprecated and marked for removal
                    ItemHandlerHelper.giveItemToPlayer(event.getEntity(), new ItemStack(AMItemRegistry.BEAR_DUST.get()));
                    ^
C:\Users\justi\Documents\GitHub\AlexsMobs-26.2\src\main\java\com\github\alexthe666\alexsmobs\event\ServerEvents.java:195: warning: [removal] giveItemToPlayer(Player,ItemStack) in ItemHandlerHelper has been deprecated and marked for removal
                    ItemHandlerHelper.giveItemToPlayer(event.getEntity(), new ItemStack(AMItemRegistry.BEAR_DUST.get()));
                                     ^
C:\Users\justi\Documents\GitHub\AlexsMobs-26.2\src\main\java\com\github\alexthe666\alexsmobs\event\ServerEvents.java:198: warning: [removal] ItemHandlerHelper in net.neoforged.neoforge.items has been deprecated and marked for removal
                    ItemHandlerHelper.giveItemToPlayer(event.getEntity(), new ItemStack(AMItemRegistry.NOVELTY_HAT.get()));
                    ^
C:\Users\justi\Documents\GitHub\AlexsMobs-26.2\src\main\java\com\github\alexthe666\alexsmobs\event\ServerEvents.java:198: warning: [removal] giveItemToPlayer(Player,ItemStack) in ItemHandlerHelper has been deprecated and marked for removal
                    ItemHandlerHelper.giveItemToPlayer(event.getEntity(), new ItemStack(AMItemRegistry.NOVELTY_HAT.get()));
                                     ^
Note: Some input files use or override a deprecated API.
Note: Recompile with -Xlint:deprecation for details.
Note: Some input files use unchecked or unsafe operations.
Note: Recompile with -Xlint:unchecked for details.
Note: Some messages have been simplified; recompile with -Xdiags:verbose to get full output
2.397 errors
19 warnings

> Task :compileJava FAILED

FAILURE: Build failed with an exception.

* What went wrong:
Execution failed for task ':compileJava'.
> Compilation failed; see the compiler error output for details.

* Try:
> Run with --info option to get more log output.
> Run with --scan to get full insights.

BUILD FAILED in 16s
2 actionable tasks: 1 executed, 1 up-to-date
